product_id,brand_ko,product_name_ko,official_product_page_url,source_image_url,source_file_name,clean_file_name,final_file_name,source_type,match_status,processing_status,review_status,drive_source_url,drive_clean_url,drive_final_url,notes
P00001,마녀공장,퓨어 소이빈 클렌징 오일,,"https://media.allure.com/photos/66aba0385835ea96cff5fb21/16:9/w_1280,c_limit/Manyo%20Pure%20Cleansing%20Oil.jpg",P00001_source.jpg,P00001_clean.png,P00001_final.webp,review_retailer,verified_product,processed_needs_review,candidate_pass,https://drive.google.com/file/d/1917kb_ljyu6HV7jqyBMTirWbsQBkZ_JZ/view?usp=drivesdk,,https://drive.google.com/file/d/124ZnhXRPr1ngnUcOCTRsiVjaHhVxmZYP/view?usp=drivesdk,second contact-sheet passed: single-product catalog candidate
P00002,헤어플러스,단백질 본드 샴푸,https://www.hairplus.co.kr/goods/goods_view.php?goodsNo=1000001036,https://godomall.speedycdn.net/b8a93572f3e8a4340e57cc2aceba3d20/goods/1000001036/image/detail/1000001036_detail_013.jpg,P00002_source.jpg,P00002_clean.png,P00002_final.webp,brand_official,verified_product,processed_needs_review,candidate_pass,https://drive.google.com/file/d/1DHAmAcMZcVGCYNbJdKiCSHS9Jv4iRaS1/view?usp=drivesdk,,https://drive.google.com/file/d/1Qrb5h4wRwb6Kup5_PCTMbEX8dg1jXKvb/view?usp=drivesdk,contact-sheet passed: single-product catalog candidate
P00003,에스네이처,아쿠아 오아시스 토너,https://m.snature.co.kr/product/detail.html?cate_no=0&display_group=&product_no=79,https://m.snature.co.kr/web/product/big/202508/a6e075ee360e5004feba4aaadb709b59.jpg,P00003_source.jpg,P00003_clean.png,P00003_final.webp,brand_official,verified_product,processed_needs_review,candidate_pass,https://drive.google.com/file/d/1oCId6NvbJ3vEqoVyZmKWlzr9SztlmXj1/view?usp=drivesdk,,https://drive.google.com/file/d/1qagoEZ6Dx7f59Efvl3-ciLLVh9NGZ-AL/view?usp=drivesdk,contact-sheet passed: single-product catalog candidate
P00004,라운드랩,자작나무 수분 선쿠션 [SPF50+/PA++++],https://m.roundlab.co.kr/product/%EC%9E%90%EC%9E%91%EB%82%98%EB%AC%B4-%EC%88%98%EB%B6%84-%EC%84%A0%EC%BF%A0%EC%85%98-15g/194/category/87/display/1/,https://m.roundlab.co.kr/web/product/big/202511/bedbfd9764b4b4694578cb35b652012d.jpg,P00004_source.jpg,P00004_clean.png,P00004_final.webp,brand_official,verified_product,processed_needs_review,candidate_pass,https://drive.google.com/file/d/1q5573nLOYYzIyOK61SM8FDxYLNBOuJd1/view?usp=drivesdk,,https://drive.google.com/file/d/1lPOhW-i2U7MR05Wp64OSVcewmfDsRfLO/view?usp=drivesdk,contact-sheet passed: single-product catalog candidate
P00005,스트라이덱스,센시티브 패드,,https://stridex.com/wp-content/uploads/2022/08/stridex-product-maximum-55.jpg,P00005_source.jpg,P00005_clean.png,P00005_final.webp,brand_official_alternative,verified_product,processed_needs_review,candidate_pass,https://drive.google.com/file/d/1yhFpRA7O4Cu5rjqtEWztJfuLmx3V5C1a/view?usp=drivesdk,,https://drive.google.com/file/d/1rWB2l8tPst9FqccTRwPJ8cCDDoDKetFy/view?usp=drivesdk,second contact-sheet passed: single-product catalog candidate
P00006,비플레인,시카테롤 스팟 트리트먼트,https://www.beplain.co.kr/m/product_detail.html?brand_uid=90,https://beplain01.img4.kr/detail/cicaterol/spottreatment/1000px/full_cicaterol_spottretment_1000px_01.jpg,P00006_source.jpg,P00006_clean.png,P00006_final.webp,fallback_retailer,verified_product,processed_needs_review,candidate_pass,https://drive.google.com/file/d/1kxLd5GWXg6Tb2q64dncyR69uK38Og3fR/view?usp=drivesdk,,https://drive.google.com/file/d/1ULUItvf9yj4KgV75e3LJ-a_B0CJjLTHO/view?usp=drivesdk,contact-sheet passed: single-product catalog candidate
P00007,달바,워터풀 선크림 [SPF50+/PA++++] [톤업/핑크],https://dalba.co.kr/goods/goods_view.php?goodsNo=1000000495,https://buyallkorea.com/cdn/shop/files/1_b15091c5-0255-4e8d-a854-bc2773957915.jpg?v=1726580416,P00007_source.jpg,P00007_clean.png,P00007_final.webp,fallback_retailer,verified_product,processed_needs_review,candidate_pass,https://drive.google.com/file/d/1BH8h5zzm6OTo8yFhXgEq-A7XCrvx5izi/view?usp=drivesdk,,https://drive.google.com/file/d/1IYLhbc5-TaA-mCoE4vdxzSAVMo-lqKsH/view?usp=drivesdk,contact-sheet passed: single-product catalog candidate
P00008,에센허브,티트리 100 오일,https://m.amicosmetic.co.kr/product/%EC%97%90%EC%84%BC%ED%97%88%EB%B8%8C-%ED%8B%B0%ED%8A%B8%EB%A6%AC-100-%EC%98%A4%EC%9D%BC-10ml/144/,https://m.amicosmetic.co.kr/web/product/big/202601/888d7222917f4b0a79b9381bff8bedec.jpg,P00008_source.jpg,P00008_clean.png,P00008_final.webp,brand_official,verified_product,processed_needs_review,candidate_pass,https://drive.google.com/file/d/14S2ic_GqYSvnJXM_-nxisbK5ncaY7Q_o/view?usp=drivesdk,,https://drive.google.com/file/d/14Q7me66F3PckNvY_mHhN9dY2lEZN36Ge/view?usp=drivesdk,contact-sheet passed: single-product catalog candidate
P00009,미쟝센,퍼펙트 오리지널 세럼 컨디셔너,https://www.miseenscene.com/product/%ED%8D%BC%ED%8E%99%ED%8A%B8-%EC%98%A4%EB%A6%AC%EC%A7%80%EB%84%90-%EC%84%B8%EB%9F%BC-%EC%BB%A8%EB%94%94%EC%85%94%EB%84%88/41/,https://www.miseenscene.com/web/product/big/20260320/0a79e6bed4eae5cea316c418ef2a141d.jpg,P00009_source.jpg,P00009_clean.png,P00009_final.webp,brand_official,verified_product,processed_needs_review,candidate_pass,https://drive.google.com/file/d/1JWhixHdLCLUc9CA0bAPUBNRB0x9-3kbn/view?usp=drivesdk,,https://drive.google.com/file/d/1M46TsIwOcIaku_DxzHVSq1fBa1_pNU3j/view?usp=drivesdk,contact-sheet passed: single-product catalog candidate
P00010,YBK,세라마이드 릴리프 하이드레이션 토너,https://ybk-cosmetics.com/product/%EC%84%B8%EB%9D%BC%EB%A7%88%EC%9D%B4%EB%93%9C-%EB%A6%B4%EB%A6%AC%ED%94%84-%ED%95%98%EC%9D%B4%EB%93%9C%EB%A0%88%EC%9D%B4%EC%85%98-%ED%86%A0%EB%84%88-120ml/10/category/23/display/1/,https://ybk-cosmetics.com/web/product/big/202402/d25d1d9cfbce6d1e67383935daca3ea1.jpg,P00010_source.jpg,P00010_clean.png,P00010_final.webp,brand_official,verified_product,processed_needs_review,candidate_pass,https://drive.google.com/file/d/1UVDjC5Qyt8aLhcQMeV01PJU3O-g3SQx4/view?usp=drivesdk,,https://drive.google.com/file/d/14N8fhqy33GiNti51oEC2Hg7o3BXX6-QN/view?usp=drivesdk,contact-sheet passed: single-product catalog candidate
P00011,YBK,세라마이드 릴리프 하이드레이션 에멀젼,https://ybk-cosmetics.com/product/%EC%84%B8%EB%9D%BC%EB%A7%88%EC%9D%B4%EB%93%9C-%EB%A6%B4%EB%A6%AC%ED%94%84-%ED%95%98%EC%9D%B4%EB%93%9C%EB%A0%88%EC%9D%B4%EC%85%98-%EC%97%90%EB%A9%80%EC%A0%BC-120ml/9/category/23/display/1/,https://ybk-cosmetics.com/web/product/big/202205/c7768b3265c851396f692a08100a4156.jpg,P00011_source.jpg,P00011_clean.png,P00011_final.webp,fallback_retailer,verified_product,processed_needs_review,candidate_pass,https://drive.google.com/file/d/1coQ2fO3EJX4xf5KDfw6L3_LJIoYUcQ15/view?usp=drivesdk,,https://drive.google.com/file/d/1HqJ0stOaf7F04JI6josl7W1Ai9KsKfeh/view?usp=drivesdk,contact-sheet passed: single-product catalog candidate
P00012,코스노리,아보카도 아이크림,https://cosnori.cafe24.com/product/%EC%BD%94%EC%8A%A4%EB%85%B8%EB%A6%AC-%EC%95%84%EB%B3%B4%EC%B9%B4%EB%8F%84-%EC%95%84%EC%9D%B4%ED%81%AC%EB%A6%BC-30ml/105/category/98/display/1/,https://cosnori.cafe24.com/web/product/big/202208/18f370c66455697abfe1ce801f4d513b.jpg,P00012_source.jpg,P00012_clean.png,P00012_final.webp,brand_official,verified_product,processed_needs_review,candidate_pass,https://drive.google.com/file/d/1vO4E9rKciTeS4NzAGjuf-sPD4sxNZHq_/view?usp=drivesdk,,https://drive.google.com/file/d/1xDHsHvhyvYZzdTzq_XufJW7myU8birBD/view?usp=drivesdk,contact-sheet passed: single-product catalog candidate
P00013,셀리맥스,지우개패드,https://celimax.co.kr/product/detail.html?product_no=22,https://ecimg.cafe24img.com/pg2019b28217072075/celimax001/web/product/big/20260810/56a04379977e31d641eaaf2509340be1.jpg,P00013_source.jpg,P00013_clean.png,P00013_final.webp,brand_official,verified_product,processed_needs_review,candidate_pass,https://drive.google.com/file/d/112aQanlD2IktCEg-f__HBs-2qeS_da6v/view?usp=drivesdk,,https://drive.google.com/file/d/1ocTeRjgFe6O6NfJwsbPSM_PcFIwBAkbw/view?usp=drivesdk,contact-sheet passed: single-product catalog candidate
P00014,이즈앤트리,어니언 뉴페어 클리어 패드,https://isntree.com/product/%EC%96%B4%EB%8B%88%EC%96%B8-%EB%89%B4%ED%8E%98%EC%96%B4-%ED%81%B4%EB%A6%AC%EC%96%B4-%ED%8C%A8%EB%93%9C-60%EB%A7%A4-250ml/93/,https://isntree.com/web/product/big/202512/963ade724ed9d84e58bd74f8f2054476.jpg,P00014_source.jpg,P00014_clean.png,P00014_final.webp,brand_official,verified_product,processed_needs_review,candidate_pass,https://drive.google.com/file/d/1RsS7fpyD-2v1qzphMz7bV-l_nRVUjjtC/view?usp=drivesdk,,https://drive.google.com/file/d/101_UAK4vqVpw4b39boQbBitUbP7VjRKD/view?usp=drivesdk,contact-sheet passed: single-product catalog candidate
P00015,토리든,밸런스풀 시카 클렌징 젤,https://www.torriden.com/goods/goods_view.php?goodsNo=158,https://godomall-storage.cdn-nhncommerce.com/4d7876b81b0d37f8a7cfa4d402d68be4/goods/158/image/detail/158_detail_036.png,P00015_source.png,P00015_clean.png,P00015_final.webp,brand_official,verified_product,processed_needs_review,candidate_pass,https://drive.google.com/file/d/1eLty_kM4dvpPdSX_Pp9zbL9nXV4Ohq13/view?usp=drivesdk,,https://drive.google.com/file/d/1BL_aMLyliFv2yW6OAXwhzVJOu-SLYo0K/view?usp=drivesdk,contact-sheet passed: single-product catalog candidate
P00016,에스네이처,아쿠아 스쿠알란 세럼,https://m.snature.co.kr/product/detail.html?cate_no=24&display_group=1&product_no=83,https://media.bunjang.co.kr/product/378358164_1_1766730639_w1200.jpg,P00016_source.webp,P00016_clean.png,P00016_final.webp,individual_image_search,verified_product,processed_needs_review,candidate_pass,https://drive.google.com/file/d/1s5OyqSqYVCztjXgx4FJtWS-lO8J-dFER/view?usp=drivesdk,,https://drive.google.com/file/d/1AlZ6Mhpw3CsbtkzNVdxpu6uVo0OwJJJt/view?usp=drivesdk,individual search candidate 4 passed visually
P00017,에스네이처,아쿠아 스쿠알란 수분크림,https://m.snature.co.kr/product/detail.html?product_no=74,https://smasteri.cafe24.com/web/upload/free_design/cream/250902/cream_250902_02.gif,P00017_source.gif,P00017_clean.png,P00017_final.webp,individual_image_search,verified_product,processed_needs_review,candidate_pass,https://drive.google.com/file/d/14G4SEmOVCOsoNA44G4DELcZdDWyA37fR/view?usp=drivesdk,,https://drive.google.com/file/d/1tREuIQOH8CLB9t7AOdVYaHcbb1vGiKlt/view?usp=drivesdk,individual search candidate 1 passed visually
P00018,YBK,어성초 원스텝 포어 패드,https://ybk-cosmetics.com/product/%EC%96%B4%EC%84%B1%EC%B4%88-%EC%9B%90%EC%8A%A4%ED%85%9D-%ED%8F%AC%EC%96%B4-%ED%8C%A8%EB%93%9C-140ml/15/category/1/display/2/,https://mblogthumb-phinf.pstatic.net/MjAyNDA1MDNfMTMg/MDAxNzE0NjY2NjE5NDM0.DYQL6ngq6hiLVVazuTRi9G9ZpPREAbSk3gxIY6CGT1sg.fsU_KWF-tkK2mgGd7s8MjU9JTHOIjjWsW1Vdpjixduwg.JPEG/IMG_6499.JPEG?type=w800,P00018_source.jpg,P00018_clean.png,P00018_final.webp,individual_image_search,verified_product,processed_needs_review,candidate_pass,https://drive.google.com/file/d/1hNCY-vYMTzH3DYK1IW09ZYUxIhq7EGRi/view?usp=drivesdk,,https://drive.google.com/file/d/13oR0mPHRX1RvHcFNJecMtt06pCYv7_oE/view?usp=drivesdk,individual search candidate 1 passed visually
P00019,파티온,노스카나인 스팟 패치,https://m.fation.co.kr/product/detail.html?page_6=1&product_no=725,https://m.fation.co.kr/web/product/big/202312/44ab6bad531337acabfbe7729067cbef.png,P00019_source.png,P00019_clean.png,P00019_final.webp,brand_official,verified_product,processed_needs_review,candidate_pass,https://drive.google.com/file/d/1G-twVVpWSdrHLLwUd-CBPt6xp3HNEhdO/view?usp=drivesdk,,https://drive.google.com/file/d/1Gc-5Y5nXN7SI0-A1nLUiUnCm_78uQ04e/view?usp=drivesdk,contact-sheet passed: single-product catalog candidate
P00020,토리든,다이브인 저분자 히알루론산 클렌징 폼,https://www.torriden.com/goods/goods_view.php?goodsNo=153,https://godomall-storage.cdn-nhncommerce.com/4d7876b81b0d37f8a7cfa4d402d68be4/goods/153/image/detail/153_detail_035.png,P00020_source.png,P00020_clean.png,P00020_final.webp,brand_official,verified_product,processed_needs_review,candidate_pass,https://drive.google.com/file/d/16IV8JFqKGBG9ll5yeb2GkHig7YrJThYd/view?usp=drivesdk,,https://drive.google.com/file/d/12i0YGiHAo3LonhSJrBgcokbszM5G0iNj/view?usp=drivesdk,contact-sheet passed: single-product catalog candidate
P00021,라비엘,아세로라 잡티 & 기미 케어 크림,,https://thumbnail.coupangcdn.com/thumbnails/remote/492x492ex/image/vendor_inventory/d076/026418be6396e9567a3ad7081c10a49835b093c0487526e3381690481885.jpg,P00021_source.jpg,P00021_clean.png,P00021_final.webp,individual_image_search,verified_product,processed_needs_review,candidate_pass,https://drive.google.com/file/d/1CmR7UZQkD4-dE6FKpIz1XUDetAqj-ahc/view?usp=drivesdk,,https://drive.google.com/file/d/18SqX-0bKV-D2mEgHN_8DkKJMJqcvYH0k/view?usp=drivesdk,individual search candidate 1 passed visually
P00022,에스네이처,수퍼 아쿠아겔 오아시스 앰플 마스크,https://m.snature.co.kr/product/%EC%88%98%ED%8D%BC-%EC%95%84%EC%BF%A0%EC%95%84%EA%B2%94-%EC%98%A4%EC%95%84%EC%8B%9C%EC%8A%A4-%EC%95%B0%ED%94%8C-%EB%A7%88%EC%8A%A4%ED%81%AC-1%EB%A7%A4/81/display/1/,https://m.snature.co.kr/web/product/big/202605/def24d1b18d7b3e093152d11cac51577.png,P00022_source.png,P00022_clean.png,P00022_final.webp,brand_official,verified_product,processed_needs_review,candidate_pass,https://drive.google.com/file/d/1rS4DDwPFZU9nPhnBWd0MVU-9KTpgUVVV/view?usp=drivesdk,,https://drive.google.com/file/d/1KjSHIePu9dw5-JVjWR_cGTgYrJJjBHIi/view?usp=drivesdk,contact-sheet passed: single-product catalog candidate
P00023,에스트라,테라크네365 하이드로 액티브 토너,https://www.aestura.com/web/product/view.do?prdSeq=1109,https://image.aestura.com/upload/product/1109_L.png,P00023_source.png,P00023_clean.png,P00023_final.webp,brand_official,verified_product,processed_needs_review,candidate_pass,https://drive.google.com/file/d/1kFacxhfmSNklYWNNndxOpvl0gnbjY2-U/view?usp=drivesdk,,https://drive.google.com/file/d/1WRwsLaVFu1ZtbIl9hdTA_9p-Ubk20Nr8/view?usp=drivesdk,contact-sheet passed: single-product catalog candidate
P00024,벨로즈,유기농 호호바 오일,https://m.bellrose.co.kr/product/%EB%B3%B4%EC%8A%B5-%EC%9C%A0%EA%B8%B0%EB%86%8D-%EA%B3%A8%EB%93%A0-%ED%98%B8%ED%98%B8%EB%B0%94%EC%98%A4%EC%9D%BC/42/,https://m.bellrose.co.kr/web/product/big/202603/8a1025ba9d886de3306c8921a286fe37.jpg,P00024_source.jpg,P00024_clean.png,P00024_final.webp,brand_official,verified_product,processed_needs_review,candidate_pass,https://drive.google.com/file/d/1lD4DVvzTFLwQET9LzqWzWf0VvKspAY5O/view?usp=drivesdk,,https://drive.google.com/file/d/1XCWJ6gMREbkJya5uL5V0pCp1Kswj9FoR/view?usp=drivesdk,contact-sheet passed: single-product catalog candidate
P00025,라운드랩,자작나무 수분 선스틱 [SPF50+/PA++++],https://roundlab.co.kr/product/%EC%9E%90%EC%9E%91%EB%82%98%EB%AC%B4-%EC%88%98%EB%B6%84-%EC%84%A0%EC%8A%A4%ED%8B%B1-19g/195/category/115/display/1/,https://roundlab.co.kr/web/product/big/202511/57ee6fc1c32f7d94391f17f730b5ba18.jpg,P00025_source.jpg,P00025_clean.png,P00025_final.webp,brand_official,verified_product,processed_needs_review,candidate_pass,https://drive.google.com/file/d/1iPqEahiR-9kPL5Isr-XYdpavIANrxFWG/view?usp=drivesdk,,https://drive.google.com/file/d/1NUGUNZR8ID8eLPUOT2DJYo4DZhOeibhb/view?usp=drivesdk,contact-sheet passed: single-product catalog candidate
P00026,라보에이치,두피강화 클리닉 탈모증상완화 샴푸,https://laboh.co.kr/product/detail.html?item_code=P00000CO000M&product_no=66,https://laboh.co.kr/web/product/big/202606/769e8ec6b191da4bf5afb3e3b981c954.jpg,P00026_source.jpg,P00026_clean.png,P00026_final.webp,brand_official,verified_product,processed_needs_review,candidate_pass,https://drive.google.com/file/d/1yx730dhW98v_mc2TSwbCc4SRJAj5JtA1/view?usp=drivesdk,,https://drive.google.com/file/d/1v04-XzdZpJlpf7lhqYhlAzvDzXATWxPI/view?usp=drivesdk,contact-sheet passed: single-product catalog candidate
P00027,코스알엑스,약산성 나이아신아마이드 미셀라 클렌징 워터,https://www.cosrx.co.kr/shop/shopdetail.html?branduid=1177652,http://cosrxinc.jpg3.kr/cosrximg/cosrx/product/Low_pH_Niacinamide_cleansing_water/01.png,P00027_source.png,P00027_clean.png,P00027_final.webp,brand_official,verified_product,processed_needs_review,candidate_pass,https://drive.google.com/file/d/1mOT8aMtLXRzl8n6aLdH1xo8ugCUeBduj/view?usp=drivesdk,,https://drive.google.com/file/d/1BIgUwggqgbZWRE-_vp2yeqP2nEcXGwJ8/view?usp=drivesdk,contact-sheet passed: single-product catalog candidate
P00028,메이크프렘,인테카 수딩 클렌징 폼,https://www.makeprem.com/goods/goods_view.php?goodsNo=1000000218,https://godomall.speedycdn.net/cbda03828f13128c7896245b9504291f/goods/1000000218/image/detail/1000000218_detail_091.jpg,P00028_source.jpg,P00028_clean.png,P00028_final.webp,brand_official,verified_product,processed_needs_review,candidate_pass,https://drive.google.com/file/d/1fF6z83FYp6T3HhHBQah4UFhoxpgPuQZQ/view?usp=drivesdk,,https://drive.google.com/file/d/1Y5VNRcZrNLPsp3zWMybfaxR-6bvyhtNU/view?usp=drivesdk,contact-sheet passed: single-product catalog candidate
P00029,토리든,밸런스풀 시카 토너 패드,https://www.torriden.com/goods/goods_view.php?goodsNo=156,https://godomall-storage.cdn-nhncommerce.com/4d7876b81b0d37f8a7cfa4d402d68be4/goods/156/image/detail/156_detail_095.png,P00029_source.png,P00029_clean.png,P00029_final.webp,brand_official,verified_product,processed_needs_review,candidate_pass,https://drive.google.com/file/d/1WhxHduC90FGrvzLpslRoH7bO00Aen_Oy/view?usp=drivesdk,,https://drive.google.com/file/d/1FuYCwfVO6OJxFgkn9JWrCrV8FngszGjg/view?usp=drivesdk,contact-sheet passed: single-product catalog candidate
P00030,메디필,그린 시카 콜라겐 클리어 젤 클렌저 2.0,https://m.medipeel.co.kr/product/detail.html?cate_no=1&display_group=36&product_no=2739,https://m.medipeel.co.kr/web/product/big/202607/3671c821d54e3ff8f6c6a0d9f7c3ebc8.jpg,P00030_source.jpg,P00030_clean.png,P00030_final.webp,brand_official,verified_product,processed_needs_review,candidate_pass,https://drive.google.com/file/d/1g6WC1S-5u9JUYmH3wRqLupP_TkBcJrTr/view?usp=drivesdk,,https://drive.google.com/file/d/1mxhos1Fp701u4n_sfuzAImEvQtPENa0r/view?usp=drivesdk,contact-sheet passed: single-product catalog candidate
P00031,에스네이처,아쿠아 오아시스 수분 젤크림,https://m.snature.co.kr/product/detail.html?cate_no=75&display_group=1&product_no=99,https://m.snature.co.kr/web/product/big/202508/560fc7b152f2d37f23b909c7831a11e1.jpg,P00031_source.jpg,P00031_clean.png,P00031_final.webp,brand_official,verified_product,processed_needs_review,candidate_pass,https://drive.google.com/file/d/1atOh0xa-5QGQjhZpDH9_stirn-POKxAO/view?usp=drivesdk,,https://drive.google.com/file/d/1LX7yvUcOVmDv8Q2JLq1-ag60AHqh3Ckq/view?usp=drivesdk,contact-sheet passed: single-product catalog candidate
P00032,아이레시피,아쿠아 피토플렉스 크림 인 젤,https://irecipe.com/product/detail.html?cate_no=1&display_group=20&product_no=89,https://irecipe.com/web/product/big/202604/23c7acfcd79d28cd064abfb2b28c2683.jpg,P00032_source.jpg,P00032_clean.png,P00032_final.webp,brand_official,verified_product,processed_needs_review,candidate_pass,https://drive.google.com/file/d/1RI3EpuzPEHbnSAvorlkCnu2WSMZV-PX1/view?usp=drivesdk,,https://drive.google.com/file/d/17JO5KLRlGmEquQMXINEjglEk5q2hsw6O/view?usp=drivesdk,contact-sheet passed: single-product catalog candidate
P00033,비플레인,녹두 밀크 필링 젤,https://www.beplain.co.kr/shop/shopdetail.html?branduid=165,https://dn5hzapyfrpio.cloudfront.net/product/b2e/b2e21ed0-366e-11ee-8f53-b972c6e0cbd2.jpeg,P00033_source.jpg,P00033_clean.png,P00033_final.webp,review_retailer,verified_product,processed_needs_review,candidate_pass,https://drive.google.com/file/d/1-J0iHMrxGeiBGRg_V8dYqoPMWq1Tro2L/view?usp=drivesdk,,https://drive.google.com/file/d/1NxJXakk6POCwGoWoDc6YVVpIFfwJrxSD/view?usp=drivesdk,second contact-sheet passed: single-product catalog candidate
P00034,듀이트리,어반 쉐이드 쿨 카밍 선스틱 [SPF50+/PA++++],https://dewytree.com/product/detail.html?product_no=704,https://dewytree.com/web/product/big/202602/99f6bdf9061d4264053e6d8593f7ad04.jpg,P00034_source.jpg,P00034_clean.png,P00034_final.webp,brand_official,verified_product,processed_needs_review,candidate_pass,https://drive.google.com/file/d/1EIcbXMyR6sSntN5B7-5fkMAfRuHZ0eDd/view?usp=drivesdk,,https://drive.google.com/file/d/1ake8_kped8jdrinGtKN5Tg_rHOYR_pL1/view?usp=drivesdk,contact-sheet passed: single-product catalog candidate
P00035,메디힐,블랙헤드 멜팅 클리어 코팩,https://medihealshop.com/product/%EB%B8%94%EB%9E%99%ED%97%A4%EB%93%9C-%EB%A9%9C%ED%8C%85-%ED%81%B4%EB%A6%AC%EC%96%B4-%EC%BD%94%ED%8C%A9-4%EB%A7%A4/1019/,https://medihealshop.com/web/product/big/202407/f3624abac7a237bf559d9476af23ccd8.jpg,P00035_source.jpg,P00035_clean.png,P00035_final.webp,brand_official,verified_product,processed_needs_review,candidate_pass,https://drive.google.com/file/d/1fSEthUIZltWyrkfJ6HQIOeqyaWwgOkMD/view?usp=drivesdk,,https://drive.google.com/file/d/1VHEVAV0SY4oaykL-KYuLyOTzaRFxr2Ma/view?usp=drivesdk,contact-sheet passed: single-product catalog candidate
P00036,프리메이,올리브 시카 카밍 앰플 마스크,,https://dn5hzapyfrpio.cloudfront.net/product/a25/a25bb770-8f41-11ee-a111-87a61db180ca.jpeg,P00036_source.jpg,P00036_clean.png,P00036_final.webp,review_retailer,verified_product,processed_needs_review,candidate_pass,https://drive.google.com/file/d/1u_rYKB-fhc37PD_gcB9_HCOw_CZx7P3f/view?usp=drivesdk,,https://drive.google.com/file/d/17TeeQE9G9rkyzVCddyFys54SZfgd3_lU/view?usp=drivesdk,second contact-sheet passed: single-product catalog candidate
P00037,토니모리,어성초시카 쿨링 수분 크림,https://tonymoly.com/products/houttuynia-cordata-cica-cooling-watery-cream.do?i_sProductcd=TM20230426000145448,https://d384glw2wph2ce.cloudfront.net/HOUTTUYNIA-CORDATA-COOLING-WATERY-CREAM-tm00006094-detail-09.webp,P00037_source.webp,P00037_clean.png,P00037_final.webp,brand_official,verified_product,processed_needs_review,candidate_pass,https://drive.google.com/file/d/1z7H3tTTkCv30JMWmon_mPhgy6IrnrSWV/view?usp=drivesdk,,https://drive.google.com/file/d/1jnR9qtzP2fkQmOSx4j967rwb70wdwRrZ/view?usp=drivesdk,contact-sheet passed: single-product catalog candidate
P00038,코스알엑스,더 6 펩타이드 스킨 부스터 세럼,https://www.cosrx.co.kr/shop/shopdetail.html?branduid=1177670,https://www.wishbucket.io/_next/image?q=75&url=https%3A%2F%2Fd2gfz7wkiigkmv.cloudfront.net%2Fpickin%2F2%2F1%2F2%2FxhtoMZvRQou-wNWqsYcJ4Q&w=1080,P00038_source.png,P00038_clean.png,P00038_final.webp,individual_image_search,verified_product,processed_needs_review,candidate_pass,https://drive.google.com/file/d/13TI_pX3JYUygpC57jhs2LaMvkOHf8Fts/view?usp=drivesdk,,https://drive.google.com/file/d/1_gyqZxyjzU_jnj_fBO70HGvNonUs3pea/view?usp=drivesdk,individual search candidate 1 passed visually
P00039,에스네이처,호호바오일,https://m.snature.co.kr/product/detail.html?cate_no=24&display_group=1&product_no=100,https://m.snature.co.kr/web/product/big/202508/c53b4357e213bd3dcdf9db8826a45b12.jpg,P00039_source.jpg,P00039_clean.png,P00039_final.webp,brand_official,verified_product,processed_needs_review,candidate_pass,https://drive.google.com/file/d/15k4MD4KsYoTMrz8YvBgVHLk5Ro3XTkg6/view?usp=drivesdk,,https://drive.google.com/file/d/1x6JMCNT-GVFb85-vWlraDayCeckZGjQL/view?usp=drivesdk,contact-sheet passed: single-product catalog candidate
P00040,YBK,릴리프 하이드레이션 라이트 폼 클렌저,https://ybk-cosmetics.com/product/%EB%A6%B4%EB%A6%AC%ED%94%84-%ED%95%98%EC%9D%B4%EB%93%9C%EB%A0%88%EC%9D%B4%EC%85%98-%EB%9D%BC%EC%9D%B4%ED%8A%B8-%ED%8F%BC-%ED%81%B4%EB%A0%8C%EC%A0%80-150ml/18/,https://images.unpa.me/1795766,P00040_source.webp,P00040_clean.png,P00040_final.webp,review_retailer,verified_product,processed_needs_review,candidate_pass,https://drive.google.com/file/d/1IkBn7cPBwS3CNT3Y0kWnAQKhgF1pjsi4/view?usp=drivesdk,,https://drive.google.com/file/d/1QHYc5dEVtDBaUFT6ePNvauCkvkYBtFQ4/view?usp=drivesdk,second contact-sheet passed: single-product catalog candidate
P00041,마리엔메이,트라넥사믹산 글루타티온 아이크림,,https://cdn.salla.sa/onxjbX/033e3e99-07bf-40f2-b09c-bddad97b6b5d-1000x1000-rk1klF7E7BAWkOS3n5ieDss0UKoRV7tgGCtr1iEZ.png,P00041_source.png,P00041_clean.png,P00041_final.webp,individual_image_search,verified_product,processed_needs_review,candidate_pass,https://drive.google.com/file/d/1yi68EuHBfmrYLz_wxIpLmayqL5ZcB7_z/view?usp=drivesdk,,https://drive.google.com/file/d/1IE-dOBx-0umqJD9pr1e0N5w1vzIxruhG/view?usp=drivesdk,individual search candidate 1 passed visually
P00042,비플레인,시카테롤 블레미쉬 패드,https://www.beplain.co.kr/m/product.html?branduid=1032,https://glamglobal.co.uk/cdn/shop/files/beplain-cicaterol-blemish-pads-70-sheets-827569.jpg?v=1747983891,P00042_source.webp,P00042_clean.png,P00042_final.webp,individual_image_search,verified_product,processed_needs_review,candidate_pass,https://drive.google.com/file/d/1XVdIQOtdLpjcypNiDsYN_tISAeomHYsN/view?usp=drivesdk,,https://drive.google.com/file/d/1vIJftMv5DtWFsVdxDkaXRUvveV4sPWFJ/view?usp=drivesdk,individual search candidate 1 passed visually
P00043,일소,슈퍼 멜팅 세범 소프트너,https://ilso.kr/product/detail.html?product_no=65,https://i.pinimg.com/originals/5e/b8/f2/5eb8f2198b527a3010cc55677e2c8fe5.jpg,P00043_source.jpg,P00043_clean.png,P00043_final.webp,individual_image_search,verified_product,processed_needs_review,candidate_pass,https://drive.google.com/file/d/1DiOpLqbI3IhDQFuVX5-HZFbUdKMweWj4/view?usp=drivesdk,,https://drive.google.com/file/d/1HG8LRVGdXnuwvRDhwX6Jtj0bgBuFWPZi/view?usp=drivesdk,individual search candidate 1 passed visually
P00044,코스알엑스,약산성 굿모닝 젤 클렌저,https://www.cosrx.co.kr/m/product_detail.html?brand_uid=1174505,https://focdn.gcdn.samsungsdscloud.com/images/files_new/mp/gd/2018/08/17/20180817102800924_039_RE.JPG,P00044_source.jpg,P00044_clean.png,P00044_final.webp,individual_image_search,verified_product,processed_needs_review,candidate_pass,https://drive.google.com/file/d/1S_skAN9NJiZ1IsEhinhN9zn9nWHdKjoc/view?usp=drivesdk,,https://drive.google.com/file/d/1EzcO-OWOsIPPkIireQwx66fO3VkPJwE2/view?usp=drivesdk,individual search candidate 2 passed visually
P00045,토리든,밸런스풀 시카 포어 클렌징 폼,https://www.torriden.com/goods/goods_view.php?goodsNo=222,https://godomall-storage.cdn-nhncommerce.com/4d7876b81b0d37f8a7cfa4d402d68be4/goods/222/image/detail/222_detail_068.png,P00045_source.png,P00045_clean.png,P00045_final.webp,brand_official,verified_product,processed_needs_review,candidate_pass,https://drive.google.com/file/d/1SPGGJbLjiajNDBvbyEHB1dDDziM99DgU/view?usp=drivesdk,,https://drive.google.com/file/d/1GZdY6NKy6527Q2yrqame3aRr0FFriORu/view?usp=drivesdk,contact-sheet passed: single-product catalog candidate
P00046,넘버즈인,1번 판토텐산 액티브업 수딩세럼,https://www.numbuzin.com/product/detail.html?product_no=28,http://koreanskincare.co.uk/cdn/shop/files/Product-page-sizes_950c7805-b3b6-4fc3-8227-c68e063c8e91.jpg?v=1751283350,P00046_source.jpg,P00046_clean.png,P00046_final.webp,review_retailer,verified_product,processed_needs_review,candidate_pass,https://drive.google.com/file/d/1nxnUcu2N_gsdHpz0XlCnCvKzB6l-_TAX/view?usp=drivesdk,,https://drive.google.com/file/d/1C4PRIs9RzyvEMlRUVKLtWNbQnYEIEfF3/view?usp=drivesdk,second contact-sheet passed: single-product catalog candidate
P00047,메이크프렘,유브이 디펜스 미 노세범 선크림 [SPF50+/PA++++],https://www.makeprem.com/goods/goods_view.php?goodsNo=1000000211,https://d2c3d01lcpw2ui.cloudfront.net/gl/data/item/1685675056/makepresmsunserum.jpg,P00047_source.jpg,P00047_clean.png,P00047_final.webp,review_retailer,verified_product,processed_needs_review,candidate_pass,https://drive.google.com/file/d/1pIw1bwLjNgzibjboaCRPWvUIuZCtdUa1/view?usp=drivesdk,,https://drive.google.com/file/d/179270Buxm1wA5xPPT3bcH45FW2KonwIh/view?usp=drivesdk,second contact-sheet passed: single-product catalog candidate
P00048,파티온,노스카나인 트러블 크림,https://m.fation.co.kr/product/%EB%85%B8%EC%8A%A4%EC%B9%B4%EB%82%98%EC%9D%B8-%ED%8A%B8%EB%9F%AC%EB%B8%94-%ED%81%AC%EB%A6%BC-45ml/498/category/1/display/17/,https://m.fation.co.kr/web/product/big/202306/905d4d0cec848f0a5d027f6566bb98cf.png,P00048_source.png,P00048_clean.png,P00048_final.webp,brand_official,verified_product,processed_needs_review,candidate_pass,https://drive.google.com/file/d/1-Nke3L1hlCMNKT3aSx6DfSiRCR_e-H04/view?usp=drivesdk,,https://drive.google.com/file/d/1Hcv-amHHRXFy03LLbaaFsbFJ9-vzLbIB/view?usp=drivesdk,contact-sheet passed: single-product catalog candidate
P00049,온그리디언츠,스킨 베리어 카밍 로션,https://ongredients.com/product/detail.html?product_no=73,https://ecimg.cafe24img.com/pg1543b76310364036/ongredients/web/product/big/20260413/5b4aaf4e591bcb03d72ffe4abe07ab1d.png,P00049_source.png,P00049_clean.png,P00049_final.webp,brand_official,verified_product,processed_needs_review,candidate_pass,https://drive.google.com/file/d/159B5675dbTB4Yu4Xrv4ChJDaOK6HgXnk/view?usp=drivesdk,,https://drive.google.com/file/d/1AP0rjmEcn1yV0wJZtYA6bvdXLEcw1Bim/view?usp=drivesdk,contact-sheet passed: single-product catalog candidate
P00050,수올림,탄닌 시카 투웨이 토너패드,https://suolim.com/product/%EC%88%98%EC%98%AC%EB%A6%BC-%ED%83%84%EB%8B%8C-%EC%8B%9C%EC%B9%B4-%ED%88%AC%EC%9B%A8%EC%9D%B4-%ED%86%A0%EB%84%88%ED%8C%A8%EB%93%9C-50%EB%A7%A4%EC%9E%85%EB%B3%B8%ED%92%88/45/category/1/display/2/,https://ecimg.cafe24img.com/pg408b57036537037/levvcosmetic/web/product/medium/20250423/1a36e9efd2fe1f9a5006c636422d5692.jpg,P00050_source.jpg,P00050_clean.png,P00050_final.webp,review_retailer,verified_product,processed_needs_review,candidate_pass,https://drive.google.com/file/d/1eNhn5bprjCt6LmAi_2ja7NOa6phVxyJ9/view?usp=drivesdk,,https://drive.google.com/file/d/1yfccPVMFl0OxlCu5q1Q_JZKY6i-7o6CG/view?usp=drivesdk,second contact-sheet passed: single-product catalog candidate
P00051,비플레인,녹두 클렌징 워터,https://beplain.co.kr/m/product_detail.html?brand_uid=10739430,https://asset.m-gs.kr/prod/1057429662/2/550,P00051_source.jpg,P00051_clean.png,P00051_final.webp,individual_image_search,verified_product,processed_needs_review,candidate_pass,https://drive.google.com/file/d/1Z6lZUoQhl5No-xYmKIDeRfPgo4NDER1r/view?usp=drivesdk,,https://drive.google.com/file/d/1GdCsAVqWz_Dy05BJC_EIfSso0iFOXJeh/view?usp=drivesdk,individual search candidate 1 passed visually
P00052,트루스오브뷰티,시카-뮤신 진정 패드,https://truthofbeauty.kr/product/%EC%8B%9C%EC%B9%B4-%EB%AE%A4%EC%8B%A0-%EC%A7%84%EC%A0%95-%ED%8C%A8%EB%93%9C/25/category/24/display/1/,https://ecimg.cafe24img.com/pg532b80180662007/truthofbeauty/web/product/big/20260804/3553e4c8ef582ea8a88ebd998227015d.jpg,P00052_source.jpg,P00052_clean.png,P00052_final.webp,brand_official,verified_product,processed_needs_review,candidate_pass,https://drive.google.com/file/d/1ZCZQ56ZfXkBVf06J4uPH7kQq10g-jgve/view?usp=drivesdk,,https://drive.google.com/file/d/1RwndMsoOs-ahitp8Ab9vVMumTUY7Dm7J/view?usp=drivesdk,contact-sheet passed: single-product catalog candidate
P00053,풀리,그린 토마토 크림,https://full-y.co.kr/product/%EA%B7%B8%EB%A6%B0-%ED%86%A0%EB%A7%88%ED%86%A0-%ED%81%AC%EB%A6%BC-90ml/23/,https://full-y.co.kr/web/product/big/202512/154c7ff386fb4526951939e321bddaac.jpg,P00053_source.jpg,P00053_clean.png,P00053_final.webp,brand_official,verified_product,processed_needs_review,candidate_pass,https://drive.google.com/file/d/1hCsanM81P-tqjjjTDbA-cHpzXUIyCnAd/view?usp=drivesdk,,https://drive.google.com/file/d/1MNhSQVFs-kz3Uai8gXlqSKbA8bAlIXa9/view?usp=drivesdk,contact-sheet passed: single-product catalog candidate
P00054,메디힐,마데카소사이드 에센셜 마스크 [흔적리페어],https://medihealshop.com/product/detail.html?product_no=1035,https://medihealshop.com/web/product/big/202409/0c58e763dfbb86fb723402d715dc7089.jpg,P00054_source.jpg,P00054_clean.png,P00054_final.webp,brand_official,verified_product,processed_needs_review,candidate_pass,https://drive.google.com/file/d/1K3hl8VQtcgz7kk6v2e84fxsAPApQ9VXh/view?usp=drivesdk,,https://drive.google.com/file/d/1DnnBTKFsR03gcK2i8y4630IRs_IOSK-o/view?usp=drivesdk,contact-sheet passed: single-product catalog candidate
P00055,바노바기,젤리 마스크 [하이드레이팅],https://banobagicosmetic.com/product/%EC%98%AC%EB%A6%AC%EB%B8%8C%EC%98%811%EC%9C%84%EC%A0%A4%EB%A6%AC-%EB%A7%88%EC%8A%A4%ED%81%AC-%ED%95%98%EC%9D%B4%EB%93%9C%EB%A0%88%EC%9D%B4%ED%8C%85/21/,https://banobagicosmetic.com/web/product/big/202606/251d57a14e3b5528ef514d8d71a2b965.jpg,P00055_source.jpg,P00055_clean.png,P00055_final.webp,brand_official,verified_product,processed_needs_review,candidate_pass,https://drive.google.com/file/d/1si_G5xO7PvyiuvQTDrdZ15K3bBa32BxQ/view?usp=drivesdk,,https://drive.google.com/file/d/10jiEhgjyEXrBwedZukcdhCrdwbbGkBEa/view?usp=drivesdk,contact-sheet passed: single-product catalog candidate
P00056,바노바기,젤리 마스크 [시카],https://banobagicosmetic.com/product/%EC%98%AC%EB%A6%AC%EB%B8%8C%EC%98%811%EC%9C%84%EC%A0%A4%EB%A6%AC-%EB%A7%88%EC%8A%A4%ED%81%AC-%EC%8B%9C%EC%B9%B4/79/,https://banobagicosmetic.com/web/product/big/202606/ebc4c43fcaaab8cb7ad9653b17c30781.jpg,P00056_source.jpg,P00056_clean.png,P00056_final.webp,brand_official,verified_product,processed_needs_review,candidate_pass,https://drive.google.com/file/d/12X7cus0J6yP88rmIDFVDlfNCt9Y8K8Qc/view?usp=drivesdk,,https://drive.google.com/file/d/1gj-3OphY10kRAjQlxPXB3fW6CGRT8Q2b/view?usp=drivesdk,contact-sheet passed: single-product catalog candidate
P00057,이니스프리,레티놀 시카 흔적 앰플,https://www.innisfree.com/kr/ko/dp/product/101947,https://alabuu.com.au/cdn/shop/products/innisfree-Retinol-Cica-Repair-Ampoule-30mL-main5_1000x.jpg?v=1670970956,P00057_source.webp,P00057_clean.png,P00057_final.webp,individual_image_search,verified_product,processed_needs_review,candidate_pass,https://drive.google.com/file/d/13F4eHNN3yXKdZHx14kJEFeuYU5o3DObn/view?usp=drivesdk,,https://drive.google.com/file/d/1fybtI8LATWjUJ1LPVvu0WpAi6ZH6WpHp/view?usp=drivesdk,individual search candidate 1 passed visually
P00058,더마펌,수딩 리페어 토닝 크림 R4,https://www.dermafirm.com/goods/goods_view.php?goodsNo=1000000312,https://images.unpa.me/1577293,P00058_source.webp,P00058_clean.png,P00058_final.webp,review_retailer,verified_product,processed_needs_review,candidate_pass,https://drive.google.com/file/d/1I5VrQUJ61I_BHQbm0sk46C_oVMp_sDMK/view?usp=drivesdk,,https://drive.google.com/file/d/1u0NQ_d4MFiYyZBrMcLNs2oVDyxjLBvxk/view?usp=drivesdk,second contact-sheet passed: single-product catalog candidate
P00059,토리든,밸런스풀 시카 각질 토너,https://www.torriden.com/goods/goods_view.php?goodsNo=230,https://godomall-storage.cdn-nhncommerce.com/4d7876b81b0d37f8a7cfa4d402d68be4/goods/230/image/detail/230_detail_059.png,P00059_source.png,P00059_clean.png,P00059_final.webp,brand_official,verified_product,processed_needs_review,candidate_pass,https://drive.google.com/file/d/1a6zACVDeEwYy8UxfNAHQK27xaz30BIyO/view?usp=drivesdk,,https://drive.google.com/file/d/10FAOzDMx4e8u5xyMlrixj-xTHS_3_qyQ/view?usp=drivesdk,contact-sheet passed: single-product catalog candidate
P00060,결하우스,하이드레이션 호호바 에센스,https://gyeolhaus.co.kr/product/detail.html?page_4=45&product_no=12,https://dn5hzapyfrpio.cloudfront.net/product/147/147158c0-c1c7-11ef-9ba2-1155b09448ea.jpeg,P00060_source.jpg,P00060_clean.png,P00060_final.webp,review_retailer,verified_product,processed_needs_review,candidate_pass,https://drive.google.com/file/d/1BnsaRNOVofDOEG5S3V_GiadAZGwM83eA/view?usp=drivesdk,,https://drive.google.com/file/d/1QZqp_66Wr4wjiZm4J7tIWnL8AuGJ7pjC/view?usp=drivesdk,second contact-sheet passed: single-product catalog candidate
P00061,엑시스와이,비건 콜라겐 아이 세럼,https://axis-y.co.kr/product/detail.html?cate_no=1&display_group=6&product_no=75,https://axis-y.co.kr/web/product/big/202605/1e7527ea64533a59973f8345942f691d.png,P00061_source.png,P00061_clean.png,P00061_final.webp,brand_official,verified_product,processed_needs_review,candidate_pass,https://drive.google.com/file/d/1s-5lPnVqJqaH_krZteU0Djg-1H-pibBv/view?usp=drivesdk,,https://drive.google.com/file/d/1T8y0zJS0Cr6xPuYZhdvcSnNxzCADhKC9/view?usp=drivesdk,contact-sheet passed: single-product catalog candidate
P00062,메디힐,마데카소사이드 흔적 리페어 세럼,https://medihealshop.com/product/%EB%A7%88%EB%8D%B0%EC%B9%B4%EC%86%8C%EC%82%AC%EC%9D%B4%EB%93%9C-%ED%9D%94%EC%A0%81-%EB%A6%AC%ED%8E%98%EC%96%B4-%EC%84%B8%EB%9F%BC-40ml/955/,https://medihealshop.com/web/product/big/202608/9be1a45c4f6c0d75fe64ccd84bb9642e.png,P00062_source.png,P00062_clean.png,P00062_final.webp,brand_official,verified_product,processed_needs_review,candidate_pass,https://drive.google.com/file/d/1hImMi8JL_SGpnbTqTi1ZCDuUsODc6cR0/view?usp=drivesdk,,https://drive.google.com/file/d/1O1dU07fSlfb-w_60YVL_Co6LFL8_OFaK/view?usp=drivesdk,contact-sheet passed: single-product catalog candidate
P00063,에스네이처,아쿠아 스쿠알란 미스트,https://m.snature.co.kr/product/detail.html?product_no=108,https://images.unpa.me/1589051,P00063_source.webp,P00063_clean.png,P00063_final.webp,review_retailer,verified_product,processed_needs_review,candidate_pass,https://drive.google.com/file/d/1-ecctweKuitHNFBVzU_U9HVIKBXJvNxg/view?usp=drivesdk,,https://drive.google.com/file/d/13uqzu-aMoHSMMCLbqXH9wEFhF62v6cYk/view?usp=drivesdk,second contact-sheet passed: single-product catalog candidate
P00064,아누아,라이스 70 글로우 밀키 토너,https://anua.kr/product/%EB%9D%BC%EC%9D%B4%EC%8A%A4-70-%EA%B8%80%EB%A1%9C%EC%9A%B0-%EB%B0%80%ED%82%A4-%ED%86%A0%EB%84%88/347/,https://media.ulta.com/i/ulta/2634193?w=500&h=500,P00064_source.png,P00064_clean.png,P00064_final.webp,review_retailer,verified_product,processed_needs_review,candidate_pass,https://drive.google.com/file/d/1CVi_Xpm8GH6Fxt43MWZejg645vl2cKP9/view?usp=drivesdk,,https://drive.google.com/file/d/1xvRwLg_YtiYSc4VA4pVBDUjfKspxpDx9/view?usp=drivesdk,second contact-sheet passed: single-product catalog candidate
P00065,조선미녀,맑은쌀 꿀채운 마스크,https://beautyofjoseon.co.kr/product/%EB%A7%91%EC%9D%80%EC%8C%80-%EA%BF%80%EC%B1%84%EC%9A%B4-%EB%A7%88%EC%8A%A4%ED%81%AC/69,https://beautyofjoseon.co.kr/web/product/big/202504/b857476f81bb69a85847c32057a69c1f.jpg,P00065_source.jpg,P00065_clean.png,P00065_final.webp,brand_official,verified_product,processed_needs_review,candidate_pass,https://drive.google.com/file/d/1VWBVCf533L19Fa5FvMcxwDJYeV1_slEH/view?usp=drivesdk,,https://drive.google.com/file/d/19E5zemk-D1kg181dRU2sEGbvGILC9D0h/view?usp=drivesdk,contact-sheet passed: single-product catalog candidate
P00066,메디힐,하이퍼 마스크 [콜라겐],https://medihealshop.com/product/detail.html?product_no=1724,https://medihealshop.com/web/product/big/202604/aabae5dfb09098023d3d88015d91776e.jpg,P00066_source.jpg,P00066_clean.png,P00066_final.webp,brand_official,verified_product,processed_needs_review,candidate_pass,https://drive.google.com/file/d/1s90xlVbPn3ZzG1sGqU_lwJUoHcLgpRGk/view?usp=drivesdk,,https://drive.google.com/file/d/1urfg_qzMK_gCZD2lNiFJQ4DYqHl-Iun8/view?usp=drivesdk,contact-sheet passed: single-product catalog candidate
P00067,비플레인,녹두 모공 클리어링 라하 토너,https://www.beplain.co.kr/shop/shopdetail.html?branduid=10739052,https://www.kkul.com.mx/cdn/shop/files/erasebg-transformed_14_fe3f0406-df97-4bf9-a56b-6bbabd9cdb1b.png?v=1768666124&width=480,P00067_source.webp,P00067_clean.png,P00067_final.webp,individual_image_search,verified_product,processed_needs_review,candidate_pass,https://drive.google.com/file/d/1C_VaLu9v8H5Lvg03GuabhFIekE44vCzb/view?usp=drivesdk,,https://drive.google.com/file/d/1z-fhPQIfAAx-TLt3RaCkdTmCK8ifgRA2/view?usp=drivesdk,individual search candidate 1 passed visually
P00068,리브엠,워터핏 8중 수분착붙 패드,https://reveam.co.kr/product/%EC%88%98%EB%B6%84%ED%8C%A8%EB%93%9C-%EC%9B%8C%ED%84%B0%ED%95%8F-8%EC%A4%91-%EC%88%98%EB%B6%84%EC%B0%A9%EB%B6%99-%ED%8C%A8%EB%93%9C-60%EB%A7%A4/47/,https://image.msscdn.net/thumbnails/global_images/goods_img/20250408/4999159/4999159_17573996237677_big.jpg,P00068_source.webp,P00068_clean.png,P00068_final.webp,individual_image_search,verified_product,processed_needs_review,candidate_pass,https://drive.google.com/file/d/1HmHUi3jCVO2mdh16eCueZ7ZJwfCCXlyl/view?usp=drivesdk,,https://drive.google.com/file/d/13uv_OW7rTGybUggAkZWqTYnWLB715Fiq/view?usp=drivesdk,individual search candidate 1 passed visually
P00069,빌랑스,하나린 안티헤어로스 샴푸,https://brmmall.com/product/%ED%99%94%ED%95%B41%EC%9C%84-%EB%B9%8C%EB%9E%91%EC%8A%A4-%ED%95%98%EB%82%98%EB%A6%B0-%EC%95%88%ED%8B%B0%ED%97%A4%EC%96%B4%EB%A1%9C%EC%8A%A4-%EC%9C%A0%EC%82%B0%EA%B7%A0-%EB%B0%94%EC%9D%B4%EC%98%A4%ED%8B%B4-%ED%83%88%EB%AA%A8-%EC%99%84%ED%99%94-%EB%91%90%ED%94%BC-%EB%B9%84%EB%93%AC-%EC%BC%80%EC%96%B4-%EC%83%B4%ED%91%B8-350g/85/,https://dn5hzapyfrpio.cloudfront.net/product/e95/e9549720-069a-11ef-9fc3-51b1ab5385b6.jpeg,P00069_source.jpg,P00069_clean.png,P00069_final.webp,review_retailer,verified_product,processed_needs_review,candidate_pass,https://drive.google.com/file/d/1UJB_rNCXh5BNJapjOhcbM5tetD5IDxQw/view?usp=drivesdk,,https://drive.google.com/file/d/1TWCc-ZJa0CwxVgyCNA1oEkWQGbl0fG69/view?usp=drivesdk,second contact-sheet passed: single-product catalog candidate
P00070,아렌시아,그린티 + LHA 딥 포어 찹쌀떡솝,https://arencia.com/product/detail.html?product_no=102,https://arencia.com/web/product/big/202607/48f1d009e427a18478bfe8f3d60b7b90.jpg,P00070_source.jpg,P00070_clean.png,P00070_final.webp,brand_official,verified_product,processed_needs_review,candidate_pass,https://drive.google.com/file/d/1JIxs1QXVW4Q1RmKyc7JGJgH5redxBdnO/view?usp=drivesdk,,https://drive.google.com/file/d/1GyabIeq2SsvWuTP3-0dsVo463NH7KQQN/view?usp=drivesdk,contact-sheet passed: single-product catalog candidate
P00071,아렌시아,클렌저 떡솝 [프레시 로얄 로즈힙],https://www.arencia.com/ko/product/detail.html?product_no=42,https://www.arencia.com/web/product/big/202607/ce679327ab81dced30ccb2fdd0ccb3ec.jpg,P00071_source.jpg,P00071_clean.png,P00071_final.webp,brand_official,verified_product,processed_needs_review,candidate_pass,https://drive.google.com/file/d/1bCjMNdKOjlYimP5apkvI9phKWQpoWRv9/view?usp=drivesdk,,https://drive.google.com/file/d/19115JiJ93kQ5f5CAD7WucJI8qPO-eyGD/view?usp=drivesdk,contact-sheet passed: single-product catalog candidate
P00072,비플레인,녹두 클렌징 오일,https://beplain.co.kr/m/product_detail.html?brand_uid=63,https://cdn11.bigcommerce.com/s-ilgxsy4t82/images/stencil/1280x1280/products/59747/127828/thum_greenoil_5__65346.1660733232.jpg?c=1&imbypass=on,P00072_source.jpg,P00072_clean.png,P00072_final.webp,individual_image_search,verified_product,processed_needs_review,candidate_pass,https://drive.google.com/file/d/1_u8cNXPXjnZASGmAfbPzmozuhctpaEV5/view?usp=drivesdk,,https://drive.google.com/file/d/1EISafnn1CTKzXpG8HPETIvx6Pc9P4O5n/view?usp=drivesdk,individual search candidate 2 passed visually
P00073,비플레인,녹두 모공 타이트업 수딩 크림,https://beplain.co.kr/m/product_detail.html?brand_uid=10739022,https://asset.m-gs.kr/prod/1062597130/1/2000,P00073_source.jpg,P00073_clean.png,P00073_final.webp,individual_image_search,verified_product,processed_needs_review,candidate_pass,https://drive.google.com/file/d/1DoRtiLvhCd_qscUBi4BRMj7tTPThfWH0/view?usp=drivesdk,,https://drive.google.com/file/d/1IflFvchDZ-BsyMibq-ElC63x_PfarXJe/view?usp=drivesdk,individual search candidate 1 passed visually
P00074,이즈앤트리,히알루론산 프레쉬 선 세럼 [SPF50+/PA++++],https://www.isntree.com/product/new-%ED%9E%88%EC%95%84%EB%A3%A8%EB%A1%A0%EC%82%B0-%ED%94%84%EB%A0%88%EC%89%AC-%EC%84%A0-%EC%84%B8%EB%9F%BC-50ml/366/category/70/display/1/,https://img.hwahae.co.kr/reviews/10781887/10781887_0_0.png,P00074_source.png,P00074_clean.png,P00074_final.webp,individual_image_search,verified_product,processed_needs_review,candidate_pass,https://drive.google.com/file/d/1jG9IvDv8uwpJyyjxi0P9mUDoEuS665sH/view?usp=drivesdk,,https://drive.google.com/file/d/1mLGTqTvo2qJ0BYH2JzsHLFBQQ0NQwrqQ/view?usp=drivesdk,individual search candidate 1 passed visually
P00075,아누아,PDRN 히알루론산 캡슐 100 세럼,https://m.anua.kr/product/detail.html?product_no=359,https://hanabeauty.com.au/cdn/shop/files/Anua-PDRN-Hyaluronic-Acid-Capsule-100-Serum-30ml-with-box.jpg?v=1751684424&width=2929,P00075_source.webp,P00075_clean.png,P00075_final.webp,individual_image_search,verified_product,processed_needs_review,candidate_pass,https://drive.google.com/file/d/1X9P-G4ATIlvxWegoHA3U_GtGRHS3zN4R/view?usp=drivesdk,,https://drive.google.com/file/d/1oNX0bXpCzEcQMVMpT8jKCjWfdNUULbi6/view?usp=drivesdk,individual search candidate 1 passed visually
P00076,셀라딕스,트러블 세범 리밸런싱 131 앰플,https://celladix.co.kr/product/%ED%8A%B8%EB%9F%AC%EB%B8%94-%EC%84%B8%EB%B2%94-%EB%A6%AC%EB%B0%B8%EB%9F%B0%EC%8B%B1-131-%EC%95%B0%ED%94%8C/214/,https://newimage.pawco.kr/zj0s7vDbqH/7e/3c/77/f643085a00c2cbb9d5cbb93009fadb0de6.jpg?anilimit=20&quality=85&type=w&w=800,P00076_source.jpg,P00076_clean.png,P00076_final.webp,individual_image_search,verified_product,processed_needs_review,candidate_pass,https://drive.google.com/file/d/1_-o73Sioqr6FALJk6E62tBAD-kB1hGcY/view?usp=drivesdk,,https://drive.google.com/file/d/1JOaken6e98T1vk3UFZns196Bd8TqxHDN/view?usp=drivesdk,individual search candidate 1 passed visually
P00077,리브엠,엔자임 클렌징 파우더,https://reveam.co.kr/product/%ED%92%88%EC%A0%88%ED%9A%A8%EC%86%8C%EC%84%B8%EC%95%88%EC%A0%9C-%EC%97%94%EC%9E%90%EC%9E%84-%ED%81%B4%EB%A0%8C%EC%A7%95-%ED%8C%8C%EC%9A%B0%EB%8D%94-70g/24/,https://reveam.co.kr/web/product/big/202605/0720c63e53f73b81e8921d140bbbad57.jpg,P00077_source.jpg,P00077_clean.png,P00077_final.webp,brand_official,verified_product,processed_needs_review,candidate_pass,https://drive.google.com/file/d/1mHewRSTDulY22_eeRfyDs-Gpspcx_uGo/view?usp=drivesdk,,https://drive.google.com/file/d/1fnT-ctXWMCFc6XV20IOdpOEBLPj65_Y2/view?usp=drivesdk,contact-sheet passed: single-product catalog candidate
P00078,리브엠,시카좀 카밍 딥 클렌징폼,https://reveam.co.kr/product/detail.html?product_no=57,https://cdn-optimized.imweb.me/upload/S202311079c5073ee98635/93e942c36751f.png?w=1920,P00078_source.webp,P00078_clean.png,P00078_final.webp,individual_image_search,verified_product,processed_needs_review,candidate_pass,https://drive.google.com/file/d/1rlsvXYfTVaQHkefdbVIdgJj8BVJlku9K/view?usp=drivesdk,,https://drive.google.com/file/d/1BZN-2xNGqjitAdDPvHBS_qlCEffMSmiN/view?usp=drivesdk,individual search final candidate passed visually
P00079,션리,다시마 앰플 클렌징폼,https://m.shionle.com/product/detail.html?cate_no=76&product_no=788,https://m.shionle.com/web/product/big/202509/ebda2f91cb1dcd78f8b51e02bd31ed40.webp,P00079_source.webp,P00079_clean.png,P00079_final.webp,brand_official,verified_product,processed_needs_review,candidate_pass,https://drive.google.com/file/d/1gbY1aX0emwUklPovMClYKFNIRg47kl4B/view?usp=drivesdk,,https://drive.google.com/file/d/1DKdaWQ5d6uCnQRlKJ3t5hTt6XH-6E6Yg/view?usp=drivesdk,contact-sheet passed: single-product catalog candidate
P00080,신스루,워터리 설퍼 모공 클렌징 파우더,https://sinsuru.kr/product/detail.html?page_4=1&product_no=27,https://ecimg.cafe24img.com/pg654b89743492085/sinsuru/web/product/big/20260311/3f0218befe97895c95ae51ea5888b8bf.jpg,P00080_source.jpg,P00080_clean.png,P00080_final.webp,brand_official,verified_product,processed_needs_review,candidate_pass,https://drive.google.com/file/d/1Qe5GfLcCX1SaW664wgjx5VPxJoav9Wyg/view?usp=drivesdk,,https://drive.google.com/file/d/1x7t_N4bovQcOcO2JFwZzkI_3j_C3aZDq/view?usp=drivesdk,contact-sheet passed: single-product catalog candidate
P00081,프레비츠,에어핏 선 피니싱 스틱 [SPF50+/PA++++] [02 클리어그린],https://frebits.com/product/%25EC%2597%2590%25EC%2596%25B4%25ED%2595%258F-%25EC%2584%25A0-%25ED%2594%25BC%25EB%258B%2588%25EC%258B%25B1-%25EC%258A%25A4%25ED%258B%25B1-02-%25ED%2581%25B4%25EB%25A6%25AC%25EC%2596%25B4-%25EA%25B7%25B8%25EB%25A6%25B0/56/,https://img.hwahae.co.kr/commerce/goods/20250409_151911_%EA%B7%B8%EB%A6%B01.jpg,P00081_source.jpg,P00081_clean.png,P00081_final.webp,individual_image_search,verified_product,processed_needs_review,candidate_pass,https://drive.google.com/file/d/1siwiyhyfSd3Fb3mjLGBbZ_l2ZrB6ylDj/view?usp=drivesdk,,https://drive.google.com/file/d/1azhNxX55Dt9o_DR1zZ7u3yeOM5iTmjX_/view?usp=drivesdk,individual search candidate 2 passed visually
P00082,아비브,어성초 흔적 에센스 패드 클리어 터치,https://m.abib.com/surl/P/558,https://cafe24.poxo.com/ec01/fourco/vo+k8lh6jhN/dGWTxBKCMpMTyWRv46BsL02oHk6dRdezm0+j6yVwTa1VLhfZ8eKjFj9VH4vgrarVIjwJW7YVOw==/_/web/product/big/202507/ab5f911ef65d32a5d43e3db121182207.jpg,P00082_source.jpg,P00082_clean.png,P00082_final.webp,brand_official,verified_product,processed_needs_review,candidate_pass,https://drive.google.com/file/d/10KOmIuveGnDYxLBKVET89xm9nKcJKWIE/view?usp=drivesdk,,https://drive.google.com/file/d/1wPqLkUYBld0bpdhdK6wPWb_5NQKM4ksX/view?usp=drivesdk,contact-sheet passed: single-product catalog candidate
P00083,세로랩스,수딩 토너,https://cerolabs.co.kr/product/%EC%88%98%EB%94%A9-%ED%86%A0%EB%84%88/11,https://cerolabs.co.kr/web/product/big/202508/57676847f4e309bc43cba57970c091d9.jpg,P00083_source.jpg,P00083_clean.png,P00083_final.webp,brand_official,verified_product,processed_needs_review,candidate_pass,https://drive.google.com/file/d/1KorhE68zOBaMxTUbwFG1YNV8hmsZ572-/view?usp=drivesdk,,https://drive.google.com/file/d/1YZnR5M90wALSl0Yi7McnB8ieuKISYcTA/view?usp=drivesdk,contact-sheet passed: single-product catalog candidate
P00084,닥터트웬티프로젝트,나인 토너,https://dr20project.com/product/%EB%82%98%EC%9D%B8-%ED%86%A0%EB%84%88-300ml/175/,https://m.en.dr20project.com/web/product/big/202502/642ea7d04d3ea179d21f9806e85539f2.jpg,P00084_source.jpg,P00084_clean.png,P00084_final.webp,individual_image_search,verified_product,processed_needs_review,candidate_pass,https://drive.google.com/file/d/1NpDOb884uQUgKKfmxSxyQGUEVdHy0D97/view?usp=drivesdk,,https://drive.google.com/file/d/1NHobl5Jituir8bgkDVDoZmb_sx7YiJYp/view?usp=drivesdk,individual search candidate 1 passed visually
P00085,닥터트웬티프로젝트,리프덤 오토 아이크림,https://dr20project.com/product/%EB%A6%AC%ED%94%84%EB%8D%A4-%EC%98%A4%ED%86%A0-%EC%95%84%EC%9D%B4%ED%81%AC%EB%A6%BC-20ml/130/,https://cloudflare.lipscosme.com/image/93e45b3a5685c0ef6e968afb-1739475699.png?auto=avif%2Cwebp&fio=1&orient=1&width=430,P00085_source.webp,P00085_clean.png,P00085_final.webp,individual_image_search,verified_product,processed_needs_review,candidate_pass,https://drive.google.com/file/d/1-RutzJ39_eQW73MkdDsClDlzd5jg5WiE/view?usp=drivesdk,,https://drive.google.com/file/d/1D-NAaX6LvB8NLu-bFteBzjNfnICfD-qy/view?usp=drivesdk,individual search candidate 2 passed visually
P00086,아페리레,비 프로즌 빙하토 모공팩,https://www.aperire.co.kr/product/%241/21/,https://images.unpa.me/1908316,P00086_source.webp,P00086_clean.png,P00086_final.webp,review_retailer,verified_product,processed_needs_review,candidate_pass,https://drive.google.com/file/d/1YvTREDngSHxRrEeBEVIDxWMzygjDvo7I/view?usp=drivesdk,,https://drive.google.com/file/d/1CqD6oaljvYqgWCq6tq0SLdqDOJc3dsiq/view?usp=drivesdk,second contact-sheet passed: single-product catalog candidate
P00087,아비브,수분초 히알루론 패드 하이드레이팅 터치,https://abib.com/product/detail.html?cate_no=209&display_group=1&page_4=2&product_no=201,https://cafe24.poxo.com/ec01/fourco/vo+k8lh6jhN/dGWTxBKCMpMTyWRv46BsL02oHk6dRdezm0+j6yVwTa1VLhfZ8eKjFj9VH4vgrarVIjwJW7YVOw==/_/web/product/big/202603/3190a139d364b154de57c4bea3c3b462.jpg,P00087_source.jpg,P00087_clean.png,P00087_final.webp,brand_official,verified_product,processed_needs_review,candidate_pass,https://drive.google.com/file/d/125T96O8-DHMlagfabzweleOImuyIrGjV/view?usp=drivesdk,,https://drive.google.com/file/d/19N0VdcqZgr1PipOz-43zbX6DaZDwfJr5/view?usp=drivesdk,contact-sheet passed: single-product catalog candidate
P00088,셀라딕스,트러블 클리어 약산성 젤클렌저,https://celladix.co.kr/product/detail.html?product_no=18,https://celladix.co.kr/web/product/big/202512/4060b9b687eb42e2b249d4c93313d4e9.jpg,P00088_source.jpg,P00088_clean.png,P00088_final.webp,brand_official,verified_product,processed_needs_review,candidate_pass,https://drive.google.com/file/d/1OAp6srEKKFa6NEDJf63_h762m00HpkLs/view?usp=drivesdk,,https://drive.google.com/file/d/1eq9Q6QHwagtxvmkGJOC9VuSdhhwBUnsU/view?usp=drivesdk,contact-sheet passed: single-product catalog candidate
P00089,스타라이크,캐모마일 스킨 베리어 토너,,http://youngmi.mx/cdn/shop/files/f7b5834cfadd1aac42e8edaf4d6511cf-removebg_1200x1200.jpg?v=1763690903,P00089_source.jpg,P00089_clean.png,P00089_final.webp,review_retailer,verified_product,processed_needs_review,candidate_pass,https://drive.google.com/file/d/1iQnbp_Z1PFwP54X0mYwiUCEKsSAJvYQ4/view?usp=drivesdk,,https://drive.google.com/file/d/1ZqVWc1zCi3qNf73QGyG8e_jTEG70iyuk/view?usp=drivesdk,second contact-sheet passed: single-product catalog candidate
P00090,니얼지,에어터치 선스틱 [SPF50+/PA++++],https://neerg.co.kr/product/%25EB%258B%2588%25EC%2596%25BC%25EC%25A7%2580-%25EC%2597%2590%25EC%2596%25B4%25ED%2584%25B0%25EC%25B9%2598-%25EC%2584%25A0%25EC%258A%25A4%25ED%258B%25B1-18g/53/,https://m.neerg.co.kr/web/product/extra/big/202510/6f8f766b030db57e41e947d2ba61ab47.jpg,P00090_source.jpg,P00090_clean.png,P00090_final.webp,individual_image_search,verified_product,processed_needs_review,candidate_pass,https://drive.google.com/file/d/1tY37WJhnVZuav2uF8gwB9-NpuMslPhFH/view?usp=drivesdk,,https://drive.google.com/file/d/1sbgYVoC-xhVHbHoJwhNl-VIkp0lsxvYf/view?usp=drivesdk,individual search candidate 2 passed visually
P00091,소미,클라우드 딥 아쿠아 마스크,,https://img.hwahae.co.kr/commerce/goods/20250716_094015_SCDM01_1000_1%28%ED%99%94%ED%95%B4%29.jpg,P00091_source.jpg,P00091_clean.png,P00091_final.webp,individual_image_search,verified_product,processed_needs_review,candidate_pass,https://drive.google.com/file/d/1yoXh57sfAkiQY0Ng7qpvTxQ-wSjRY34I/view?usp=drivesdk,,https://drive.google.com/file/d/1LTy12l2sHNBvZVWMqPpT5tH2I2K8qqBE/view?usp=drivesdk,individual search candidate 1 passed visually
P00092,라곰,젤 투 워터 클렌저,https://lagom.kr/product/detail.html?cate_no=90&display_group=1&page_4=1&product_no=10,https://lagom.kr/web/product/big/202606/364655008e94aa6817e42304b070036a.jpg,P00092_source.jpg,P00092_clean.png,P00092_final.webp,brand_official,verified_product,processed_needs_review,candidate_pass,https://drive.google.com/file/d/1c54AuS5vYoX4gA9nZ0K9pxWIX6U76h5E/view?usp=drivesdk,,https://drive.google.com/file/d/1qY4DsAm8kqRmrKUjkTcfd8x16KpSore0/view?usp=drivesdk,contact-sheet passed: single-product catalog candidate
P00093,에스네이처,아쿠아 라이스 클렌징 밤,https://m.snature.co.kr/product/detail.html?cate_no=76&display_group=1&product_no=106,https://m.snature.co.kr/web/product/big/202508/d6f5b6e74cf7adcf3e2eb7b97e1599b1.jpg,P00093_source.jpg,P00093_clean.png,P00093_final.webp,brand_official,verified_product,processed_needs_review,candidate_pass,https://drive.google.com/file/d/1VKXdLHS_ZYldTdfE8pOtIbuREcW-dk8J/view?usp=drivesdk,,https://drive.google.com/file/d/1XKfhmaMDdF6ULnfuC25Go_Ei4F1mWFqM/view?usp=drivesdk,contact-sheet passed: single-product catalog candidate
P00094,프롬랩스,단백질 트리트먼트,https://www.fromlabs.co.kr/product/2025-1%EB%93%B1-%ED%8A%B8%EB%A6%AC%ED%8A%B8%EB%A8%BC%ED%8A%B8-%EB%8B%A8%EB%B0%B1%EC%A7%88-%ED%8A%B8%EB%A6%AC%ED%8A%B8%EB%A8%BC%ED%8A%B8/105/category/1/display/8/,https://fromlabs.kr/fromlabs/01_product/doubleTreatment/ver02/treatment/1/detail_00_price.png,P00094_source.png,P00094_clean.png,P00094_final.webp,brand_official,verified_product,processed_needs_review,candidate_pass,https://drive.google.com/file/d/1CKafjfYUuP6G2_r2Y0SxCO25QQ9EANA1/view?usp=drivesdk,,https://drive.google.com/file/d/1-OGSFIrss2B5YHem0a9MBRJFnNTgGx4I/view?usp=drivesdk,contact-sheet passed: single-product catalog candidate
P00095,디피어,프리미엄 퍼퓸 리페어 트리트먼트 헤어팩,https://deepeer.kr/product/20-%EA%B7%B9%EC%86%90%EC%83%81%EB%AA%A8-%ED%94%84%EB%A6%AC%EB%AF%B8%EC%97%84-%ED%8D%BC%ED%93%B8-%EB%A6%AC%ED%8E%98%EC%96%B4-%ED%97%A4%EC%96%B4%ED%8C%A9/60/?page_4=1,https://img.hwahae.co.kr/products/2148385/2148385_20251106133144.jpg,P00095_source.jpg,P00095_clean.png,P00095_final.webp,individual_image_search,verified_product,processed_needs_review,candidate_pass,https://drive.google.com/file/d/1aQ5SAWZQsrDWdLccmQJYozzHRLL8Ta8U/view?usp=drivesdk,,https://drive.google.com/file/d/1VJKcVoMC1fzJDrh0TJj9FzlSuegqoRKU/view?usp=drivesdk,individual search candidate 2 passed visually
P00096,이지포뮬라®,콜라겐 팩,https://www.ezformula.co.kr/review,https://www1.yohohongkong.com/images/202401/goods_img/1_P_1706149740755.png,P00096_source.png,P00096_clean.png,P00096_final.webp,individual_image_search,verified_product,processed_needs_review,candidate_pass,https://drive.google.com/file/d/1jh_bPw9vFm40-dyqDb4_EpEro1VEQS_0/view?usp=drivesdk,,https://drive.google.com/file/d/1cBq5g_AGydvj9AWL5sDpexkVXMTOjseS/view?usp=drivesdk,individual search candidate 2 passed visually
P00097,에스트라,아토베리어365 크림,https://www.aestura.com/web/product/view.do?prdSeq=1021&searchText=%EC%95%84%ED%86%A0%EB%B2%A0%EB%A6%AC%EC%96%B4,https://image.coupangcdn.com/image/vendor_inventory/8ead/d0bf9fdd5bf103c127f9cf926e18596720393089a254be388c4a093f5f68.jpg,P00097_source.jpg,P00097_clean.png,P00097_final.webp,individual_image_search,verified_product,processed_needs_review,candidate_pass,https://drive.google.com/file/d/13QsEBelVn1ULPyOSdEzXXnCIwGvqMabY/view?usp=drivesdk,,https://drive.google.com/file/d/1mdsa12yiePwqLJH_BPcU5TXrGo6-CFlf/view?usp=drivesdk,individual search candidate 1 passed visually
P00098,에스트라,아토베리어365 로션,https://www.aestura.com/m/product/view.do?prdSeq=1117,https://image.aestura.com/upload/product/1117_L.png,P00098_source.png,P00098_clean.png,P00098_final.webp,brand_official,verified_product,processed_needs_review,candidate_pass,https://drive.google.com/file/d/1L2tN1R2b0ytnGVacvxpxhg6KAfhpx1TI/view?usp=drivesdk,,https://drive.google.com/file/d/1HMjjMNk_qBEDwJl7i1Y-tpgCyVuSO8sU/view?usp=drivesdk,contact-sheet passed: single-product catalog candidate
P00099,라운드랩,동백 딥 콜라겐 젤리 팩 클렌저,https://roundlab.co.kr/product/%EB%9D%BC%EC%9A%B4%EB%93%9C%EB%9E%A9-%EB%8F%99%EB%B0%B1-%EB%94%A5-%EC%BD%9C%EB%9D%BC%EA%B2%90-%EC%A0%A4%EB%A6%AC-%ED%8C%A9-%ED%81%B4%EB%A0%8C%EC%A0%80-150ml/283/,https://roundlab.co.kr/web/product/big/202605/cd022c30a860bcc8d368a3513dd565c5.jpg,P00099_source.jpg,P00099_clean.png,P00099_final.webp,brand_official,verified_product,processed_needs_review,candidate_pass,https://drive.google.com/file/d/1iDvnDRZQOH0pelK7Edza-x8vfpsX6Bno/view?usp=drivesdk,,https://drive.google.com/file/d/1V_EhNJzKfA-XGlT04_HfE-2b-7JYaVYl/view?usp=drivesdk,contact-sheet passed: single-product catalog candidate
P00100,아렌시아,레드 스무디 로션 5,https://arencia.com/product/%EB%A0%88%EB%93%9C-%EC%8A%A4%EB%AC%B4%EB%94%94-%EB%A1%9C%EC%85%98-5/143,https://arencia.com/web/product/big/202607/eb02f0aeb260535cf0c97dfe80506513.jpg,P00100_source.jpg,P00100_clean.png,P00100_final.webp,brand_official,verified_product,processed_needs_review,candidate_pass,https://drive.google.com/file/d/1hrt3-O05sMyafx28m5uLBdM5eCCTGhFZ/view?usp=drivesdk,,https://drive.google.com/file/d/1ayEzyElKrzinw5RrzGIEVdLBtdayxjBY/view?usp=drivesdk,contact-sheet passed: single-product catalog candidate
P00101,쓰리노프,데일리 컨셔스 크림,https://m.3nough.co.kr/goods/goods_view.php?goodsNo=5,https://godomall-storage.cdn-nhncommerce.com/5927056a0bd513e72e63687a479fe8f5/goods/5/image/detail/5_detail_066.png,P00101_source.png,P00101_clean.png,P00101_final.webp,brand_official,verified_product,processed_needs_review,candidate_pass,https://drive.google.com/file/d/12QCTdKTSQfe6abDVqmPy_GyLdj9PWXsw/view?usp=drivesdk,,https://drive.google.com/file/d/1W8TGt-0XboGtrNBbizoYP0IKnM8cr0y8/view?usp=drivesdk,contact-sheet passed: single-product catalog candidate
P00102,메디큐브,제로모공패드 2.0,https://m.themedicube.co.kr/product/detail.html?cate_no=466&display_group=2&product_no=102,https://beautyjunkieshn.com/cdn/shop/files/IMG-7870.jpg?v=1701402460&width=1100,P00102_source.webp,P00102_clean.png,P00102_final.webp,individual_image_search,verified_product,processed_needs_review,candidate_pass,https://drive.google.com/file/d/1tV0S-lExtQQP4zbhcKD5YtlTGLuiFxCB/view?usp=drivesdk,,https://drive.google.com/file/d/1HODoZhSwSAVoleZEoqQCiLvyYK8D4DDX/view?usp=drivesdk,individual search candidate 1 passed visually
P00103,메디큐브,PDRN 핑크 펩타이드 앰플,https://m.themedicube.kr/product/detail.html?cate_no=466&display_group=1&product_no=1717,https://cache-cdn.cosme.net/media/product/10259/skuimg_990000.jpg,P00103_source.jpg,P00103_clean.png,P00103_final.webp,review_retailer,verified_product,processed_needs_review,candidate_pass,https://drive.google.com/file/d/12Iun48fVwU8-BuxwPrSQHdzA9VF-d5bS/view?usp=drivesdk,,https://drive.google.com/file/d/18jHa-V_JZwlRK90oaVEQ8avw7ff47qZX/view?usp=drivesdk,second contact-sheet passed: single-product catalog candidate
P00104,YBK,핑크 글로우 빔 젤리 패드,https://ybk-cosmetics.com/product/%ED%95%91%ED%81%AC-%EA%B8%80%EB%A1%9C%EC%9A%B0-%EB%B9%94-%EC%A0%A4%EB%A6%AC-%ED%8C%A8%EB%93%9C-70%EB%A7%A4/45/,https://images.unpa.me/1932732,P00104_source.webp,P00104_clean.png,P00104_final.webp,review_retailer,verified_product,processed_needs_review,candidate_pass,https://drive.google.com/file/d/16vLXfWjrqfESz1beETZCfzbSXDMHKCRK/view?usp=drivesdk,,https://drive.google.com/file/d/1pPwSelbdrJU9FeJGehFCYQr56ROvwwCw/view?usp=drivesdk,second contact-sheet passed: single-product catalog candidate
P00105,토미울프,딥클렌징 두피 브러쉬,,https://image.oliveyoung.co.kr/cfimages/cf-goods/uploads/images/thumbnails/10/0000/0023/A00000023769608ko.png?QT=100&SF=webp&l=ko&sharpen=1x0.5,P00105_source.webp,P00105_clean.png,P00105_final.webp,individual_image_search,verified_product,processed_needs_review,candidate_pass,https://drive.google.com/file/d/1bF53sYwqqfrwazmDVpVg0fIGZ-G-uvv9/view?usp=drivesdk,,https://drive.google.com/file/d/1PNbGp8xdK_5jO7VIuR_SK2--wMca3PeX/view?usp=drivesdk,individual search candidate 1 passed visually
P00106,셀라딕스,히알루로닉 인텐스 토너,https://celladix.co.kr/product/detail.html?cate_no=65&display_group=1&product_no=157,https://celladix.co.kr/web/product/big/202512/d954cf759493d65ed601caa18dff9ec2.jpg,P00106_source.jpg,P00106_clean.png,P00106_final.webp,brand_official,verified_product,processed_needs_review,candidate_pass,https://drive.google.com/file/d/1ES5Q2Rtt68lSR0ozL1asLWooyoanHJW7/view?usp=drivesdk,,https://drive.google.com/file/d/1jAZqEiH4W9qDDTS9_riWvajAp8VADLh4/view?usp=drivesdk,contact-sheet passed: single-product catalog candidate
P00107,에끌라두,샌달우드 괄사,https://eclado.co.kr/shop_view/?idx=154,https://cdn-image.oliveyoung.com/prdtImg/1555/9c28ebbe-ab00-4a52-984b-78ff5500cbc0.jpg?AR=0&QT=80&RS=1500x1500&SF=webp,P00107_source.webp,P00107_clean.png,P00107_final.webp,individual_image_search,verified_product,processed_needs_review,candidate_pass,https://drive.google.com/file/d/1KR7gZmSEKfIzzIaHrCZnNFY8fHsePxAg/view?usp=drivesdk,,https://drive.google.com/file/d/1yYeN--9P-iVfjb5DOQAnYzy-LwXGskmb/view?usp=drivesdk,individual search candidate 1 passed visually
P00108,리더스,PDRN 0.5% 앰플 미스트,https://leaderscosmetics.com/article/%EC%83%81%ED%92%88-%EC%82%AC%EC%9A%A9%ED%9B%84%EA%B8%B0/4/49433/,https://img.echosting.cafe24.com/skin/base_ko_KR/board/btn_prd_detail.gif,P00108_source.gif,P00108_clean.png,P00108_final.webp,brand_official,verified_product,processed_needs_review,candidate_pass,https://drive.google.com/file/d/1I0WeypHRXocmFlz5Fw_3tmBwJ6mmHN7o/view?usp=drivesdk,,https://drive.google.com/file/d/1YfcPlAFDqPiNJI-mtMTmjbpFaf1HJIzv/view?usp=drivesdk,contact-sheet passed: single-product catalog candidate
P00109,일소,모공 클렌징 마스터,https://ilso.kr/product/%EB%AA%A8%EA%B3%B5-%ED%81%B4%EB%A0%8C%EC%A7%95-%EB%A7%88%EC%8A%A4%ED%84%B0/189/,https://cdn.yamibuy.net/item/cf624dacc2ff089c420ba2756aa4931b_640x480.webp,P00109_source.jpg,P00109_clean.png,P00109_final.webp,individual_image_search,verified_product,processed_needs_review,candidate_pass,https://drive.google.com/file/d/1TamTYokoOqKVPD0K0Qyu7jIUx5fttqJD/view?usp=drivesdk,,https://drive.google.com/file/d/1Hv1UNfxxgpq8JTPybeksr-dCdxpIaHMQ/view?usp=drivesdk,individual search candidate 1 passed visually
P00110,아렌시아,클라우드 선 스틱 [SPF50+/PA++++],https://arencia.com/product/%ED%81%B4%EB%9D%BC%EC%9A%B0%EB%93%9C-%EC%84%A0-%EC%8A%A4%ED%8B%B1/129/,https://arencia.com/web/product/big/202607/d1086df8f0b4a7f2ec1121b772a23dad.jpg,P00110_source.jpg,P00110_clean.png,P00110_final.webp,brand_official,verified_product,processed_needs_review,candidate_pass,https://drive.google.com/file/d/1qXslsIm-2Rxg83EipaaDP8rXMjJeapDr/view?usp=drivesdk,,https://drive.google.com/file/d/1nEci0ZZmfI0hfXvZx-1La3sm5r4vcvHf/view?usp=drivesdk,contact-sheet passed: single-product catalog candidate
P00111,프리메이,햇쌀 데일리 폼 클렌저,,https://dn5hzapyfrpio.cloudfront.net/product/866/866f3690-e1cf-11ef-a31f-c355ac51b7e8.jpeg?w=426,P00111_source.jpg,P00111_clean.png,P00111_final.webp,review_retailer,verified_product,processed_needs_review,candidate_pass,https://drive.google.com/file/d/1fGE6lTxh2VZy0mks19_UQwYibNvAvDdx/view?usp=drivesdk,,https://drive.google.com/file/d/1X8suFSxG_qByIB6ZZ57zipbeT12hxVDL/view?usp=drivesdk,second contact-sheet passed: single-product catalog candidate
P00112,이니스프리,그린티 밀크 보습 에센스,https://www.innisfree.com/kr/ko/dp/product/101492,https://inm-cdn.innisfree.com/origin-image/product/product/00/00/10/14/92/98facaa2-a94a-40b0-bfa7-98063fba7458.webp,P00112_source.webp,P00112_clean.png,P00112_final.webp,brand_official,verified_product,processed_needs_review,candidate_pass,https://drive.google.com/file/d/1l36tPDHkXl_ClcbO4a45Ng1dR-BM1jhP/view?usp=drivesdk,,https://drive.google.com/file/d/1LcAVFUvE-Jl7VCpl5KmaUYE0W1sMqz_n/view?usp=drivesdk,contact-sheet passed: single-product catalog candidate
P00113,라보레브,피치마이크로바이옴 84 이지에프 세럼,,https://images.unpa.me/1908898,P00113_source.webp,P00113_clean.png,P00113_final.webp,review_retailer,verified_product,processed_needs_review,candidate_pass,https://drive.google.com/file/d/1aX6eUti4vg7ecV8n9cR23VImTvC8-z1Y/view?usp=drivesdk,,https://drive.google.com/file/d/1e9idcKUNBgKx0srL9XYZ8Ec4UzweVnFc/view?usp=drivesdk,second contact-sheet passed: single-product catalog candidate
P00114,메디힐,콜라겐 캡슐패치 [레티놀],https://medihealshop.com/product/%EB%A9%94%EB%94%94%ED%9E%90-%EC%BD%9C%EB%9D%BC%EA%B2%90-%EC%BA%A1%EC%8A%90%ED%8C%A8%EC%B9%98-60%EB%A7%A4-2%EC%A2%85-%ED%83%9D1/1634/,https://media.ulta.com/i/ulta/2640450?w=500&h=500,P00114_source.png,P00114_clean.png,P00114_final.webp,review_retailer,verified_product,processed_needs_review,candidate_pass,https://drive.google.com/file/d/1_UIecgy1r84I6VffZikGuRD0InbZ5d3P/view?usp=drivesdk,,https://drive.google.com/file/d/1XjichcjAahHi1CkgDFpNPwUuPAEbYsbj/view?usp=drivesdk,second contact-sheet passed: single-product catalog candidate
P00115,비햅,슬로우차가 펩타이드 글로우 랩핑 마스크,https://bhab.co.kr/product/%EC%8A%AC%EB%A1%9C%EC%9A%B0%EC%B0%A8%EA%B0%80-%ED%8E%A9%ED%83%80%EC%9D%B4%EB%93%9C-%EA%B8%80%EB%A1%9C%EC%9A%B0-%EB%9E%A9%ED%95%91-%EB%A7%88%EC%8A%A4%ED%81%AC/34/,https://bhab.co.kr/web/product/big/202604/a796d878ab91313547f016259b4bf86e.png,P00115_source.png,P00115_clean.png,P00115_final.webp,brand_official,verified_product,processed_needs_review,candidate_pass,https://drive.google.com/file/d/1hY4wGYcTGaN-kaP6IcDU6aXsv88vH7Hr/view?usp=drivesdk,,https://drive.google.com/file/d/1N01NsphmER-RpdiSAFPNFeNnv2djPc4P/view?usp=drivesdk,contact-sheet passed: single-product catalog candidate
P00116,메디섹션넘버,넘버M 트러블케어 폼클렌저,https://medisection.com/product/%EB%85%BC%EC%BD%94%EB%A9%94%EB%8F%84%EC%A0%9C%EB%8B%89-%EC%95%BD%EC%82%B0%EC%84%B1-%ED%8A%B8%EB%9F%AC%EB%B8%94%EC%BC%80%EC%96%B4-%ED%8F%BC%ED%81%B4%EB%A0%8C%EC%A7%95-150g-1%EA%B0%9C-%EB%A9%94%EB%94%94%EC%84%B9%EC%85%98%EB%84%98%EB%B2%84m/8312/,https://medisection.com/web/product/big/202511/30be498164322262140fba00c259db82.png,P00116_source.png,P00116_clean.png,P00116_final.webp,review_retailer,verified_product,processed_needs_review,candidate_pass,https://drive.google.com/file/d/1zoS3Gb7DwlRlYYqLec1NJlG6BMGjJRIc/view?usp=drivesdk,,https://drive.google.com/file/d/1ppyer67WUe0OHSC8LEyPus_yMl3CNWbY/view?usp=drivesdk,second contact-sheet passed: single-product catalog candidate
P00117,마리아포사떼,오로라그린 모델링팩,https://mariaposate.com/product/aurora-green/10/,https://img.hwahae.co.kr/commerce/goods/20260129_113005_251027_%ED%8C%8C%ED%8A%B8%EB%84%88%EC%84%BC%ED%84%B0_06.jpg,P00117_source.jpg,P00117_clean.png,P00117_final.webp,individual_image_search,verified_product,processed_needs_review,candidate_pass,https://drive.google.com/file/d/197J45aziy96eM9qWPLBZIy7fyaRrEueh/view?usp=drivesdk,,https://drive.google.com/file/d/1irjKOaklwgQ9kejfjk_f-mSx_LcN6BcX/view?usp=drivesdk,individual search candidate 1 passed visually
P00118,블렌드모어,데이듀 스킨부스팅 젤투폼,https://blendmore.kr/product/%EB%B8%94%EB%A0%8C%EB%93%9C%EB%AA%A8%EC%96%B4-%EB%8D%B0%EC%9D%B4%EB%93%80-%EC%8A%A4%ED%82%A8%EB%B6%80%EC%8A%A4%ED%8C%85-%EC%A0%A4%ED%88%AC%ED%8F%BC/13/,https://ecimg.cafe24img.com/pg2116b50178598016/crvblendmore/web/product/big/20250919/5a030acf9a16365cfd3c5cc3feac2dd0.png,P00118_source.png,P00118_clean.png,P00118_final.webp,brand_official,verified_product,processed_needs_review,candidate_pass,https://drive.google.com/file/d/164gfC4isvuh-KWePA52pKR6eZMKLvAcV/view?usp=drivesdk,,https://drive.google.com/file/d/1IN8hR5Ge8xS0x4R9Q28ZGlsFk5PoZkuc/view?usp=drivesdk,contact-sheet passed: single-product catalog candidate
P00119,론지,핑크 애플 퓨어 토너,https://longtoyou.com/product/detail.html?product_no=118,https://img.hwahae.co.kr/commerce/goods/20251031_111936_pinkapple_toner.jpg,P00119_source.jpg,P00119_clean.png,P00119_final.webp,individual_image_search,verified_product,processed_needs_review,candidate_pass,https://drive.google.com/file/d/1uNomPWmIzY6x9Eh815jGnnfmLPU43jmo/view?usp=drivesdk,,https://drive.google.com/file/d/1d7nprfxr-Dg0TAgL9BufMH3PUoVxVV-z/view?usp=drivesdk,individual search candidate 2 passed visually
P00120,리에종드로렌,포어 클렌저,,https://dn5hzapyfrpio.cloudfront.net/product/a36/a36359f0-1511-11f0-9ed0-4986667a2850.jpeg?w=426,P00120_source.jpg,P00120_clean.png,P00120_final.webp,review_retailer,verified_product,processed_needs_review,candidate_pass,https://drive.google.com/file/d/1KbHIIcV2lU4EvafIdczS2aAJ4f_YyRlC/view?usp=drivesdk,,https://drive.google.com/file/d/1OGx0NBa1v8irb56TYW7-KgPif5saW562/view?usp=drivesdk,second contact-sheet passed: single-product catalog candidate
P00121,아렌시아,프레시 클렌저 [그린],https://www.arencia.com/ko/product/detail.html?product_no=78,https://www.arencia.com/web/product/big/202607/61543626eb493d66e83c2bf5e260d072.jpg,P00121_source.jpg,P00121_clean.png,P00121_final.webp,brand_official,verified_product,processed_needs_review,candidate_pass,https://drive.google.com/file/d/1q_H-jj-TD8L84GqTU5uHlEfwUnhRD6-n/view?usp=drivesdk,,https://drive.google.com/file/d/1CHWv9mJqvI65UGCInL3YwcxzA0GL_qI5/view?usp=drivesdk,contact-sheet passed: single-product catalog candidate
P00122,한율,달빛유자 클렌징 톤업 팩폼,https://www.hanyul.com/kr/ko/product/hanyul-yuja-brightening-mask-to-foam-cleanser.html,https://images.unpa.me/1830534,P00122_source.webp,P00122_clean.png,P00122_final.webp,review_retailer,verified_product,processed_needs_review,candidate_pass,https://drive.google.com/file/d/1Arb-SP99pAPl4GgraQGagRGd_Vj_M5-b/view?usp=drivesdk,,https://drive.google.com/file/d/1Mfe7Yy8ukTZmkatH0gnqC_zAj2aS9Ydm/view?usp=drivesdk,second contact-sheet passed: single-product catalog candidate
P00123,웰라쥬,리얼 히알루로닉 블루 100 앰플,https://www.wellage.co.kr/product/detail.html?cate_no=1&product_no=1010,https://www.wellage.co.kr/web/product/big/202607/d4ca42fa95049498e11d57575753354f.jpg,P00123_source.jpg,P00123_clean.png,P00123_final.webp,brand_official,verified_product,processed_needs_review,candidate_pass,https://drive.google.com/file/d/1LMErETqrLC3gtRks40mUnWapmgO4h6Nc/view?usp=drivesdk,,https://drive.google.com/file/d/16JaTqkQK3DlzUQALkB81sleAM8xRFYas/view?usp=drivesdk,contact-sheet passed: single-product catalog candidate
P00124,쏘내추럴,올 데이 립 프렙 픽서,https://www.sonatural.co.kr/m/product.html?branduid=2172562&mcode=001&xcode=006,https://cdn-image.oliveyoung.com/prdtImg/1650/be4a7fa0-db9d-4a59-9415-763cf030e2b4.jpg?AR=0&QT=80&RS=1500x1500&SF=webp,P00124_source.webp,P00124_clean.png,P00124_final.webp,individual_image_search,verified_product,processed_needs_review,candidate_pass,https://drive.google.com/file/d/19o6EijPZywQ1dXCLitzADZvTN1c3kkcN/view?usp=drivesdk,,https://drive.google.com/file/d/1e66SM42q5AZkEs9kj6yp_gsgTFso6iRA/view?usp=drivesdk,individual search candidate 1 passed visually
P00125,타이디랩,포어리스 선에센스 [SPF50+/PA++++],https://tidylab.co.kr/SUNCARE/?idx=24,https://images.unpa.me/1837978,P00125_source.webp,P00125_clean.png,P00125_final.webp,review_retailer,verified_product,processed_needs_review,candidate_pass,https://drive.google.com/file/d/17Mot5t36n3lnNlFkUWvFw2QspQL_utK1/view?usp=drivesdk,,https://drive.google.com/file/d/1Oj6Z01y4msAe-bsvv5xJX_7MCAlIs8XE/view?usp=drivesdk,second contact-sheet passed: single-product catalog candidate
P00126,픽셀퓨어,래디언스 아쿠아 수딩 크림,https://pixelpure.com/product/%ED%94%BD%EC%85%80%ED%93%A8%EC%96%B4-%EB%9E%98%EB%94%94%EC%96%B8%EC%8A%A4-%EC%95%84%EC%BF%A0%EC%95%84-%EC%88%98%EB%94%A9-%ED%81%AC%EB%A6%BC-50ml/26/,https://media.gopicky.com/products/images/CellFusionC-AquaporinCream.jpg,P00126_source.jpg,P00126_clean.png,P00126_final.webp,individual_image_search,verified_product,processed_needs_review,candidate_pass,https://drive.google.com/file/d/1rhFuGiSkooSUXzsAZINEEvwKwq4XCugl/view?usp=drivesdk,,https://drive.google.com/file/d/1PCM_57Bfn2c6Ua7_lw7VbxM_DNQZTcZV/view?usp=drivesdk,individual search candidate 1 passed visually
P00127,픽셀퓨어,젠틀 젤투폼 클렌저,https://pixelpure.com/product/detail.html?product_no=21,https://ecimg.cafe24img.com/pg1807b57130625078/pixelpure/web/product/big/20250812/67c18e9b6fb0f4a45308a82f7f01e136.jpg,P00127_source.jpg,P00127_clean.png,P00127_final.webp,review_retailer,verified_product,processed_needs_review,candidate_pass,https://drive.google.com/file/d/1gi16wy0wCTrtb2Vds0pL_k30NQ1Kyj5d/view?usp=drivesdk,,https://drive.google.com/file/d/1oK6O80pSKpXGTCY-ujV4Pei4pqVKE8J7/view?usp=drivesdk,second contact-sheet passed: single-product catalog candidate
P00128,픽셀퓨어,수딩 앰플 토너,https://pixelpure.com/product/%ED%94%BD%EC%85%80%ED%93%A8%EC%96%B4-%EC%88%98%EB%94%A9-%EC%95%B0%ED%94%8C-%ED%86%A0%EB%84%88-200ml/24/,https://web.tradekorea.com/product/876/2334876/pixelpure_Soothing_Ampule_Toner_200ml%28skin_care%29_2.jpg,P00128_source.jpg,P00128_clean.png,P00128_final.webp,individual_image_search,verified_product,processed_needs_review,candidate_pass,https://drive.google.com/file/d/1MTUzjDHx9jHThJae1xjo2HV3srC5c8FI/view?usp=drivesdk,,https://drive.google.com/file/d/1w-42HAWhc7-rC0uQeei6-gPqkUEya-Xi/view?usp=drivesdk,individual search candidate 1 passed visually
P00129,아토팜,징크 마일드 업 선크림 [SPF50+/PA++++],https://neopharmshop.co.kr/product/detail.html?cate_no=48&display_group=1&product_no=3464,https://neopharmshop.co.kr/web/product/big/202604/cde19b574421840688661d431dbb298d.jpg,P00129_source.jpg,P00129_clean.png,P00129_final.webp,brand_official,verified_product,processed_needs_review,candidate_pass,https://drive.google.com/file/d/1816KSXuCOPNYUS56wuUvT3D8V2mgVM9j/view?usp=drivesdk,,https://drive.google.com/file/d/1dh2edY4b1mUoVD7rg0oaFwYZNnkzKs2F/view?usp=drivesdk,contact-sheet passed: single-product catalog candidate
P00130,에센시엘,하이드라 포르테 앰플,https://skin.essenciel.co.kr/p/HYDRA-PORTE,https://skin.essenciel.co.kr/storage/products/nxWY04UurebgETOuZMWmjQDbcqnsDO4sbjZeoT7I.jpg,P00130_source.jpg,P00130_clean.png,P00130_final.webp,brand_official,verified_product,processed_needs_review,candidate_pass,https://drive.google.com/file/d/1hMDfu1ZeRv0wYhMtSctotbfuKeHBQ6lT/view?usp=drivesdk,,https://drive.google.com/file/d/1v0dSmDzX1YWFWzWXgXbAKnJp_3LjajqY/view?usp=drivesdk,contact-sheet passed: single-product catalog candidate
P00131,타이디랩,퍼플톤업 선크림 [SPF50+/PA++++],https://tidylab.co.kr/SUNCARE/?idx=19,https://images.unpa.me/1739496,P00131_source.webp,P00131_clean.png,P00131_final.webp,review_retailer,verified_product,processed_needs_review,candidate_pass,https://drive.google.com/file/d/1oXfalpUMk8kH8JIZ_TAplqPFZHT7Wwr8/view?usp=drivesdk,,https://drive.google.com/file/d/1yTXciorYxRWU6GNgpyszc-J8J11GaeZN/view?usp=drivesdk,second contact-sheet passed: single-product catalog candidate
P00132,아토팜,릴렉싱 나이트 밤,https://neopharmshop.co.kr/product/%EC%95%84%ED%86%A0%ED%8C%9C-%EB%A6%B4%EB%A0%89%EC%8B%B1-%EB%82%98%EC%9D%B4%ED%8A%B8-%EB%B0%A4-100ml/3323/,https://neopharmshop.co.kr/web/product/big/202510/f2639c6a46862cae54ec995e86c12435.jpg,P00132_source.jpg,P00132_clean.png,P00132_final.webp,brand_official,verified_product,processed_needs_review,candidate_pass,https://drive.google.com/file/d/16W2As4Zdf1QZt7mjNiscNtstnIhEzvXR/view?usp=drivesdk,,https://drive.google.com/file/d/1-JeIM6v9AKZO3QZiw-DpR3mbpOjcNDpd/view?usp=drivesdk,contact-sheet passed: single-product catalog candidate
P00133,픽셀퓨어,딥 모이스처라이징 컴포트 쉴드 마스크시트,https://pixelpure.com/product/detail.html?product_no=50,https://ecimg.cafe24img.com/pg1807b57130625078/pixelpure/web/product/big/20260522/9d6fb3196507964c0883f8473a9808c1.png,P00133_source.png,P00133_clean.png,P00133_final.webp,brand_official_alternative,verified_product,processed_needs_review,candidate_pass,https://drive.google.com/file/d/1E5czYZjnYK2WT8aFFeU78OVdH3Q0F7xu/view?usp=drivesdk,,https://drive.google.com/file/d/19njcN4Lo0KuJRC4bH81dawa-6d08E8NF/view?usp=drivesdk,second contact-sheet passed: single-product catalog candidate
P00134,션리,다시마 콜라겐 퍼밍 마스크,,https://cdn.shopify.com/s/files/1/0695/5712/5440/files/Ishizawa-Toumei-Shirohada-Collagen-Face-Mask-10-Sheets-2-2024-08-14T04_46_05.271Z.jpg?v=1746161308,P00134_source.webp,P00134_clean.png,P00134_final.webp,individual_image_search,verified_product,processed_needs_review,candidate_pass,https://drive.google.com/file/d/1oEkndU1hMi0o82v3D0Ty_8T5Os5eqqcr/view?usp=drivesdk,,https://drive.google.com/file/d/1fL8tqS9CAji0at16yzQZCMg3SHmc7pfc/view?usp=drivesdk,individual search candidate 3 passed visually
P00135,프롬랩스,프로틴 캡슐 헤어 리페어 샴푸,,https://img.hwahae.co.kr/products/2173934/2173934_20260424180340.jpg,P00135_source.jpg,P00135_clean.png,P00135_final.webp,individual_image_search,verified_product,processed_needs_review,candidate_pass,https://drive.google.com/file/d/1BtZJa5QnE-uzTwuZv18zeRX0UbqYb7JD/view?usp=drivesdk,,https://drive.google.com/file/d/1JCUzj11suyYZiEOuaYt5b009C-Qu49rr/view?usp=drivesdk,individual search candidate 2 passed visually
P00136,리쥬베닐,리페어 PDRN 1500 크림,,https://dn5hzapyfrpio.cloudfront.net/product/52f/52fc8090-b61a-11f0-bd39-61cd54decaf0.jpeg,P00136_source.jpg,P00136_clean.png,P00136_final.webp,review_retailer,verified_product,processed_needs_review,candidate_pass,https://drive.google.com/file/d/16sFwpO2zVr6BD4DCBWcEUOCdj3q_jGPt/view?usp=drivesdk,,https://drive.google.com/file/d/1qlHl__zZ-FUY5iluRimUXbY-6iiujHll/view?usp=drivesdk,second contact-sheet passed: single-product catalog candidate
P00137,듀이트리,픽 앤 퀵 뜯어쓰는 더블 패드 [화장발],https://m.dewytree.com/product/%ED%94%BD-%EC%95%A4-%ED%80%B5-%ED%99%94%EC%9E%A5%EB%B0%9C-%EB%9C%AF%EC%96%B4%EC%93%B0%EB%8A%94-%EB%8D%94%EB%B8%94-%ED%8C%A8%EB%93%9C-100%EB%A7%A4/946/,https://m.dewytree.com/web/product/big/202602/02c7ef70a37148b582998223ba5fba6a.jpg,P00137_source.jpg,P00137_clean.png,P00137_final.webp,brand_official,verified_product,processed_needs_review,candidate_pass,https://drive.google.com/file/d/1s_95X6b-fBiJMZK_OCHFDkySukOVO0-E/view?usp=drivesdk,,https://drive.google.com/file/d/1FPM6XMdcW2lgo_dUAI6xpM3uRTu14123/view?usp=drivesdk,contact-sheet passed: single-product catalog candidate
P00138,아누아,PDRN 히알루론산 수분 캡슐 미스트,https://anua.kr/product/pdrn-%ED%9E%88%EC%95%8C%EB%A3%A8%EB%A1%A0%EC%82%B0-%EC%88%98%EB%B6%84-%EC%BA%A1%EC%8A%90-%EB%AF%B8%EC%8A%A4%ED%8A%B8-30ml/467,https://cdn.shopify.com/s/files/1/0824/4015/9562/files/33e6707d0320b43519d18e30d0dd8f1e_1.png?v=1765364173,P00138_source.webp,P00138_clean.png,P00138_final.webp,individual_image_search,verified_product,processed_needs_review,candidate_pass,https://drive.google.com/file/d/1Kw8YR9iqWckV87bBLjXJ1mPELVsXUQO5/view?usp=drivesdk,,https://drive.google.com/file/d/138WjT53SGPEnm8GzkIt2CSaWDCLC6otd/view?usp=drivesdk,individual search candidate 1 passed visually
P00139,얼댓,스트로비 글로우 세럼,,https://dn5hzapyfrpio.cloudfront.net/product/d63/d634ccb0-73fd-11f0-88dd-f516854c0818.jpeg,P00139_source.jpg,P00139_clean.png,P00139_final.webp,review_retailer,verified_product,processed_needs_review,candidate_pass,https://drive.google.com/file/d/1UBs9qJKwWAnHEOduMD3AexyYcNPX7MFD/view?usp=drivesdk,,https://drive.google.com/file/d/1J28wTZJwjBZr4s6lXxhrll5_8-3hhx1E/view?usp=drivesdk,second contact-sheet passed: single-product catalog candidate
P00140,퍼지티브,리밸런싱 수분 선크림 [SPF50+/PA++++],,https://fillerx.com/cdn/shop/files/Pretective-Sun-Recover.jpg?v=1765485716,P00140_source.webp,P00140_clean.png,P00140_final.webp,individual_image_search,verified_product,processed_needs_review,candidate_pass,https://drive.google.com/file/d/1HaAJOf7eKnPjfGX1xpzZBWgCGwAwBuoJ/view?usp=drivesdk,,https://drive.google.com/file/d/1J4c56D4znk5ATn8PI3ItkgvzGY68ShvS/view?usp=drivesdk,individual search candidate 3 passed visually
P00141,엠디스픽,테카테카 카밍 젤리 폼 클렌저,https://www.mdspick.co.kr/item/dtl/1000000562,https://www.mdspick.co.kr/public/images/main/product-01.png,P00141_source.png,P00141_clean.png,P00141_final.webp,brand_official,verified_product,processed_needs_review,candidate_pass,https://drive.google.com/file/d/1slWtZvDYzCZEVdCLYY1_fK5fnMklnw_x/view?usp=drivesdk,,https://drive.google.com/file/d/1jgF4OCIPuucA_ER5glCAg9OdtQCb5NQA/view?usp=drivesdk,contact-sheet passed: single-product catalog candidate
P00142,리쥬베닐,아바파하샴페인미스트앰플,,https://img.hwahae.co.kr/commerce/goods/20251129_103358_%EB%A6%AC%EC%A5%AC%EB%B2%A0%EB%8B%90%20%EC%95%84%EB%B0%94%ED%8C%8C%ED%95%98%EC%83%B4%ED%8E%98%EC%9D%B8%EB%AF%B8%EC%8A%A4%ED%8A%B8%EC%95%B0%ED%94%8C_%20%EB%AA%A9%EC%97%85%EC%97%B0%EC%B6%9C1000.png,P00142_source.png,P00142_clean.png,P00142_final.webp,individual_image_search,verified_product,processed_needs_review,candidate_pass,https://drive.google.com/file/d/1qQkKVpOBR1xQSY-fCcwJDfvy4ti1vi0D/view?usp=drivesdk,,https://drive.google.com/file/d/114uo8-W5OQl-5mKWc5MM06DOsdvcygpa/view?usp=drivesdk,individual search candidate 1 passed visually
P00143,구달,맑은 어성초 진정 수분 선크림 [SPF50+/PA++++],,https://images.unpa.me/1680774,P00143_source.webp,P00143_clean.png,P00143_final.webp,review_retailer,verified_product,processed_needs_review,candidate_pass,https://drive.google.com/file/d/1lTbGVC_jZzYos9P3jyCPlpCrAPlObTn3/view?usp=drivesdk,,https://drive.google.com/file/d/1oxmAYVIMP5eLD3L5dcbQEICmetoSz0LA/view?usp=drivesdk,second contact-sheet passed: single-product catalog candidate
P00144,퓨어솜,호호바오일,,https://puresomme.com/web/product/tiny/202512/5465e4af2853f9ad425b0ed500a9e4a7.jpg,P00144_source.jpg,P00144_clean.png,P00144_final.webp,review_retailer,verified_product,processed_needs_review,candidate_pass,https://drive.google.com/file/d/1Bq1YHGOZLvOr-u9P3NX2pfm1B1bNfgn_/view?usp=drivesdk,,https://drive.google.com/file/d/1ES2gHG7Ml_4J7kINlAZN12mPPJBsFcPN/view?usp=drivesdk,second contact-sheet passed: single-product catalog candidate
P00145,카이네,애플 사이다 비니거 그라인딩 클렌징 밤,https://m.kaine.co.kr/product/%EC%B9%B4%EC%9D%B4%EB%84%A4-%EC%95%A0%ED%94%8C-%EC%82%AC%EC%9D%B4%EB%8B%A4-%EB%B9%84%EB%8B%88%EA%B1%B0-%EA%B7%B8%EB%9D%BC%EC%9D%B8%EB%94%A9-%ED%81%B4%EB%A0%8C%EC%A7%95-%EB%B0%A4/40/category/1/display/2/,https://ecimg.cafe24img.com/pg1203b21370950059/vegankaine/web/product/big/20260414/76f0d735776e48065854aeb3a6691dc2.png,P00145_source.png,P00145_clean.png,P00145_final.webp,brand_official,verified_product,processed_needs_review,candidate_pass,https://drive.google.com/file/d/1_F8vKiz1paqREN7bpoTNU_uZIe_2sB_V/view?usp=drivesdk,,https://drive.google.com/file/d/1hiqmeK6eHg960iC5H4Qo3ZpHZiJXo6fK/view?usp=drivesdk,contact-sheet passed: single-product catalog candidate
P00146,YBK,핑크 글로우 페이셜 톤업 썬스크린 [SPF50+/PA++++],https://ybk-cosmetics.com/product/%ED%95%91%ED%81%AC-%EA%B8%80%EB%A1%9C%EC%9A%B0-%ED%8E%98%EC%9D%B4%EC%85%9C-%ED%86%A4%EC%97%85-%EC%8D%AC%EC%8A%A4%ED%81%AC%EB%A6%B0-50ml/48/category/23/display/1/,https://ybk-cosmetics.com/web/product/big/202606/90064a62a023304d637e846f249e2eaa.jpg,P00146_source.jpg,P00146_clean.png,P00146_final.webp,brand_official,verified_product,processed_needs_review,candidate_pass,https://drive.google.com/file/d/1Zt4bfzMlDfYlRAntyEtex2_a62shTpQu/view?usp=drivesdk,,https://drive.google.com/file/d/1kLutfZEWJyujsujUjWcwoLKWGAapqqNV/view?usp=drivesdk,contact-sheet passed: single-product catalog candidate
P00147,씨엔,쌀눈 크림,,https://file.newswire.co.kr/data/datafile2/thumb_640/2025/12/3076676421_20251203161506_7382455111.jpg,P00147_source.jpg,P00147_clean.png,P00147_final.webp,individual_image_search,verified_product,processed_needs_review,candidate_pass,https://drive.google.com/file/d/1kne5wXhG_7bCCWSdR7XDrFnt_oy6R4Pc/view?usp=drivesdk,,https://drive.google.com/file/d/1G5WV6FoflSCwsDWqf9ndxfSUkTZ8FgSr/view?usp=drivesdk,individual search candidate 1 passed visually
P00148,토미울프,블랙밤부 트리트먼트,https://tomiwolf.co.kr/product/%ED%86%A0%EB%AF%B8%EC%9A%B8%ED%94%84-%EB%B8%94%EB%9E%99%EB%B0%A4%EB%B6%80-%EB%94%A5%EB%AA%A8%EC%9D%B4%EC%8A%A4%EC%B2%98-%EB%8C%80%EC%9A%A9%EB%9F%89-%ED%8A%B8%EB%A6%AC%ED%8A%B8%EB%A8%BC%ED%8A%B8-1035ml/23/category/42/display/1/,https://tomiwolf.co.kr/web/product/big/202604/2214e110b343fb1daf45ec433a815413.jpg,P00148_source.jpg,P00148_clean.png,P00148_final.webp,brand_official,verified_product,processed_needs_review,candidate_pass,https://drive.google.com/file/d/1u-MOzVUs8vNK-QnhyCyURW9qa02PyBv3/view?usp=drivesdk,,https://drive.google.com/file/d/1XwONwp3RnHF3tYWs22QGJyBHxgZgSege/view?usp=drivesdk,contact-sheet passed: single-product catalog candidate
P00149,세로랩스,딥 포어 클렌징 오일,https://cerolabs.co.kr/product/%EB%94%A5-%ED%8F%AC%EC%96%B4-%ED%81%B4%EB%A0%8C%EC%A7%95-%EC%98%A4%EC%9D%BC/59/,https://cerolabs.co.kr/web/product/big/202608/5e284406c7775412e896b21c38ff8a6d.jpg,P00149_source.jpg,P00149_clean.png,P00149_final.webp,brand_official,verified_product,processed_needs_review,candidate_pass,https://drive.google.com/file/d/1kYmYeHCmvDtXj7JFqSZqjXFqwvmebFPi/view?usp=drivesdk,,https://drive.google.com/file/d/1v7X2Cac53i3m551x-HcMl5D1wjoT5pVO/view?usp=drivesdk,contact-sheet passed: single-product catalog candidate
P00150,타이드온스킨,펩타이드 퍼밍 세럼,,https://images.unpa.me/1909009,P00150_source.webp,P00150_clean.png,P00150_final.webp,review_retailer,verified_product,processed_needs_review,candidate_pass,https://drive.google.com/file/d/1qRAR5BKpTSfyc9PmN2mZp4SZ6Tsl0mte/view?usp=drivesdk,,https://drive.google.com/file/d/1EEgK1jhOSdlfL55_9wpubwYnddnySNcY/view?usp=drivesdk,second contact-sheet passed: single-product catalog candidate
P00151,코스노리,판테놀 베리어 토너,https://graceclub.com/product/%EC%BD%94%EC%8A%A4%EB%85%B8%EB%A6%AC-%ED%8C%90%ED%85%8C%EB%86%80-%EB%B2%A0%EB%A6%AC%EC%96%B4-%ED%86%A0%EB%84%88/339/,https://graceclub.com/web/product/big/202409/86468eb3fd3b04b8a687c3038b8cefcd.jpg,P00151_source.jpg,P00151_clean.png,P00151_final.webp,brand_official,verified_product,processed_needs_review,candidate_pass,https://drive.google.com/file/d/1_BJ_4ib4CXZMVtsnMLMW6MeE3IGa7VEB/view?usp=drivesdk,,https://drive.google.com/file/d/1W8SQxxuG4Bfv-6ps3RpGC-59sZRaU4vf/view?usp=drivesdk,contact-sheet passed: single-product catalog candidate
P00152,히즈라팜,글로우라팜 토너,,https://keautiful.com/cdn/shop/files/A00000015046703ko_a384610c-a1d9-4e0f-a386-c0ea9c2938a7.jpg?crop=center&height=430&v=1684229253&width=430,P00152_source.webp,P00152_clean.png,P00152_final.webp,individual_image_search,verified_product,processed_needs_review,candidate_pass,https://drive.google.com/file/d/104XulnKWJ7NUli3UowV7tH46cWaekd8Q/view?usp=drivesdk,,https://drive.google.com/file/d/1zmzxNmVXW6ZA2LrKSglRsT2_FfnWmsIm/view?usp=drivesdk,individual search candidate 1 passed visually
P00153,리뉴랩,펄 앰플 마스크,,https://images.unpa.me/1866506,P00153_source.webp,P00153_clean.png,P00153_final.webp,review_retailer,verified_product,processed_needs_review,candidate_pass,https://drive.google.com/file/d/1rvjSiVYNKM5t8rCzNV4Vk1kPlZnpgbt0/view?usp=drivesdk,,https://drive.google.com/file/d/1PS0bk8qZFj8Nekm42ryk9uWglzdueaQP/view?usp=drivesdk,second contact-sheet passed: single-product catalog candidate
P00154,토리든,다이브인 저분자 히알루론산 클렌징밀크,https://www.torriden.com/goods/goods_view.php?goodsNo=363,https://godomall-storage.cdn-nhncommerce.com/4d7876b81b0d37f8a7cfa4d402d68be4/goods/363/image/detail/363_detail_011.png,P00154_source.png,P00154_clean.png,P00154_final.webp,brand_official,verified_product,processed_needs_review,candidate_pass,https://drive.google.com/file/d/1T6O1oYHwLbz9fZ_t3DckkTOryu2AT1_s/view?usp=drivesdk,,https://drive.google.com/file/d/1cCDQgpXtm3KIlwUFZZvtRfM0Altm6PFf/view?usp=drivesdk,contact-sheet passed: single-product catalog candidate
P00155,이즈앤트리,참마 비건 약산성 클렌저,https://www.isntree.com/product/%EC%B0%B8%EB%A7%88-%EB%B9%84%EA%B1%B4-%EC%95%BD%EC%82%B0%EC%84%B1-%ED%81%B4%EB%A0%8C%EC%A0%80-120ml/551/category/1/display/10/,https://product-image.kurly.com/hdims/resize/%5E%3E800x%3E400/cropcenter/800x400/quality/85/src/product/image/bb07fc2f-3d5e-466a-825b-b36f893d66f8.jpg,P00155_source.jpg,P00155_clean.png,P00155_final.webp,individual_image_search,verified_product,processed_needs_review,candidate_pass,https://drive.google.com/file/d/1tXClVpYk1h42UlxZyktWlTJNLT5jgZnV/view?usp=drivesdk,,https://drive.google.com/file/d/1AE1lqyoEzoyuKLgmzgtn2AIR07V4KPur/view?usp=drivesdk,individual search candidate 1 passed visually
P00156,라망지우,스킨 부스팅 앰플,https://lamanjiwoo.com/product/%EB%9D%BC%EB%A7%9D%EC%A7%80%EC%9A%B0-egf-%EC%8A%A4%ED%82%A8-%EB%B6%80%EC%8A%A4%ED%8C%85-%EC%95%B0%ED%94%8C-50ml/57/,https://ecimg.cafe24img.com/pg1550b45853821020/lamanjiwoo/web/product/big/20260102/054c74c82c4a9c872888e09780ed2e0c.jpg,P00156_source.jpg,P00156_clean.png,P00156_final.webp,brand_official,verified_product,processed_needs_review,candidate_pass,https://drive.google.com/file/d/1RVRvQjRs8LmPUxEnhJV6mfUYyo-YHaCQ/view?usp=drivesdk,,https://drive.google.com/file/d/13RI4x9DU4cHt37hWkGTg3kntIBX39z5y/view?usp=drivesdk,contact-sheet passed: single-product catalog candidate
P00157,12EST,굿나잇 시카 엑소좀 리커버리 크림,https://twelvest.com/product/detail.html?cate_no=1&display_group=4&product_no=11,https://ecimg.cafe24img.com/pg2074b73164603088/est12est/web/product/big/20260423/a0f10fe353ddf9585d2cacfd4fd3dd7d.jpg,P00157_source.jpg,P00157_clean.png,P00157_final.webp,brand_official,verified_product,processed_needs_review,candidate_pass,https://drive.google.com/file/d/1oUTnSuaxLHIzAFLfoKAnXfud1gjePWx8/view?usp=drivesdk,,https://drive.google.com/file/d/1kBrgFzCd1Tykxg7TQQ-zwjm6FGj6eZ19/view?usp=drivesdk,contact-sheet passed: single-product catalog candidate
P00158,라비앙,엑토덤 액티브 베리어 크림,https://lavien.co.kr/product/detail.html?cate_no=55&display_group=1&product_no=837,https://lavien.co.kr/web/product/big/202511/35cd32e43cd9abdd5285a5a9be0e0c03.jpg,P00158_source.jpg,P00158_clean.png,P00158_final.webp,brand_official,verified_product,processed_needs_review,candidate_pass,https://drive.google.com/file/d/1O_Hp6L8z78-OEFYl6TXKren8FzuAeU0h/view?usp=drivesdk,,https://drive.google.com/file/d/1yfPO1ttzdY6geZRkN_NmJpRNq_axL8s4/view?usp=drivesdk,contact-sheet passed: single-product catalog candidate
P00159,웰라쥬,리얼 히알루로닉 수딩 크림,https://www.wellage.co.kr/product/detail.html?product_no=1769,https://www.wellage.co.kr/web/product/big/202607/993fa84ea9fb0ea9eb87de74adcf5aa9.jpg,P00159_source.jpg,P00159_clean.png,P00159_final.webp,brand_official,verified_product,processed_needs_review,candidate_pass,https://drive.google.com/file/d/1LZiAfhYgSOFsthwyen91SbQZOw2Yzmnr/view?usp=drivesdk,,https://drive.google.com/file/d/10TpWoZq2kOj825FCnkwUmCQOtUt-uOol/view?usp=drivesdk,contact-sheet passed: single-product catalog candidate
P00160,디웨더,레스쿠쿨 스노우 마스크 패드,https://dweather.kr/product/%EB%94%94%EC%9B%A8%EB%8D%94-%EB%A0%88%EC%8A%A4%EC%BF%A0%EC%BF%A8-%EC%8A%A4%EB%85%B8%EC%9A%B0-%EB%A7%88%EC%8A%A4%ED%81%AC-%ED%8C%A8%EB%93%9C/16/,https://cdn.shopify.com/s/files/1/0512/5429/6766/files/Orbis-Skin-V-Wear-6Pack-Face-Mask-X-1-4908064080746-0_400x400.jpg?v=1754721564,P00160_source.webp,P00160_clean.png,P00160_final.webp,individual_image_search,verified_product,processed_needs_review,candidate_pass,https://drive.google.com/file/d/1fgprlSLE4jt0qjVTWeWnloDrc_nYLiSG/view?usp=drivesdk,,https://drive.google.com/file/d/1K9QYYV-ih5YCyaH42ND5k4dWUaO3hef7/view?usp=drivesdk,individual search candidate 3 passed visually
P00161,에스네이처,아쿠아 스쿠알란 수분크림 랩핑 마스크,https://www.snature.co.kr/product/detail.html?cate_no=75&display_group=1&product_no=187,https://m.snature.kr/web/upload/appfiles/ZaReJam3QiELznoZeGGkMG/18b184fb45c374cae94489e5b3f61b82.jpg,P00161_source.jpg,P00161_clean.png,P00161_final.webp,exact_product_source,verified_product,processed_needs_review,candidate_pass,https://drive.google.com/file/d/1v1NBQ-j3asqNfyr29MPP3CZHFVNYo1HP/view?usp=drivesdk,,https://drive.google.com/file/d/1OczPKukxwf8Zp7CeIEel-kf7H7l0dH9q/view?usp=drivesdk,targeted exact product source accepted
P00162,큐리즌,쿨앤딥 페이셜 클렌저,,https://cureason.com/web/product/big/202601/d20dc8fc68b627ac3b2c88cf31ec847b.png,P00162_source.png,P00162_clean.png,P00162_final.webp,individual_image_search,verified_product,processed_needs_review,candidate_pass,https://drive.google.com/file/d/12SMZ_TNb35XL2JtQs0LDBliLG55qyxQG/view?usp=drivesdk,,https://drive.google.com/file/d/1WEoEOic4HFD9oT3sNvzqXQyPocghSlFz/view?usp=drivesdk,individual search candidate 1 passed visually
P00163,네오베아,레이어링 크림 미스트,,https://dn5hzapyfrpio.cloudfront.net/product/f88/f88e3770-e5d5-11f0-8e67-c183558ef9ef.jpeg,P00163_source.jpg,P00163_clean.png,P00163_final.webp,review_retailer,verified_product,processed_needs_review,candidate_pass,https://drive.google.com/file/d/1MeLZb8-Qdj0XuVurIttbCaaaFzLYd2Dw/view?usp=drivesdk,,https://drive.google.com/file/d/1STnVB_e7aKH-XyY4FUDRxsQ1gBT3Ya0M/view?usp=drivesdk,second contact-sheet passed: single-product catalog candidate
P00164,메디힐,더마 크림 팩 클렌저 [마데카소사이드 진정 장벽],https://medihealshop.com/product/%EB%8D%94%EB%A7%88-%ED%81%AC%EB%A6%BC-%ED%8C%A9-%ED%81%B4%EB%A0%8C%EC%A0%80%EB%A7%88%EB%8D%B0%EC%B9%B4%EC%86%8C%EC%82%AC%EC%9D%B4%EB%93%9C-%EC%A7%84%EC%A0%95-%EC%9E%A5%EB%B2%BD/1659/category/91/display/1/,https://medihealshop.com/web/product/big/202512/afac6a4c54e94ab2a1035c72253f51df.jpg,P00164_source.jpg,P00164_clean.png,P00164_final.webp,brand_official,verified_product,processed_needs_review,candidate_pass,https://drive.google.com/file/d/1qI-cO4ifXddsJ1JC-ygMxGNBYkeHdn9o/view?usp=drivesdk,,https://drive.google.com/file/d/1ZG9ns9RxtF0ibehK0rN4X4NQruJ9rxGT/view?usp=drivesdk,contact-sheet passed: single-product catalog candidate
P00165,아누아,어성초 약산성 딥 클렌징 워터,https://anua.kr/product/detail.html?cafe_mkt=ue_new_bh_cw&product_no=321,https://dn5hzapyfrpio.cloudfront.net/product/a98/a980a950-b432-11ee-88d0-c14f605a4614.jpeg,P00165_source.jpg,P00165_clean.png,P00165_final.webp,review_retailer,verified_product,processed_needs_review,candidate_pass,https://drive.google.com/file/d/1kxhS1Zb9anrWzh06BUcx9znk2AyQrI3e/view?usp=drivesdk,,https://drive.google.com/file/d/19N0fUrQCkN5kJYg78uIza5Rn4j-kbUox/view?usp=drivesdk,second contact-sheet passed: single-product catalog candidate
P00166,메디힐,티트리 트러블 진정 패드,https://medihealshop.com/product/detail.html?product_no=1675,https://medihealshop.com/web/product/big/202511/8a830dfd70b94f28c17f0efcfc08ce71.jpg,P00166_source.jpg,P00166_clean.png,P00166_final.webp,brand_official,verified_product,processed_needs_review,candidate_pass,https://drive.google.com/file/d/1m3YKKBbGoN_w_MjStC1ES8qxdg5mE1X9/view?usp=drivesdk,,https://drive.google.com/file/d/1rcmV2paj45qL2BISw6gFiFFKtGoVyzy9/view?usp=drivesdk,contact-sheet passed: single-product catalog candidate
P00167,라운드랩,소나무 진정 시카 로션,https://roundlab.co.kr/product/%EC%86%8C%EB%82%98%EB%AC%B4-%EC%A7%84%EC%A0%95-%EC%8B%9C%EC%B9%B4-%EB%A1%9C%EC%85%98-250ml/220,https://roundlab.co.kr/web/product/big/202209/1f9fb1ff46cba3c5a83157baad139902.jpg,P00167_source.jpg,P00167_clean.png,P00167_final.webp,brand_official,verified_product,processed_needs_review,candidate_pass,https://drive.google.com/file/d/1_tHIBm9wk5T_dPN9koOPDC7Y0xNocKdr/view?usp=drivesdk,,https://drive.google.com/file/d/1u7vppw5cJH7cVsbBKkYh0ZtctN2tV63w/view?usp=drivesdk,contact-sheet passed: single-product catalog candidate
P00168,메디힐,피디알엔 모공 탄력 패드,https://medihealshop.com/product/%ED%94%BC%EB%94%94%EC%95%8C%EC%97%94-%EB%AA%A8%EA%B3%B5-%ED%83%84%EB%A0%A5-%ED%86%A0%EB%84%88%ED%8C%A8%EB%93%9C-100%EB%A7%A4/1678/category/91/display/1/,https://medihealshop.com/web/product/big/202512/153ce54e21ba94928d6d0e522e576b73.jpg,P00168_source.jpg,P00168_clean.png,P00168_final.webp,brand_official,verified_product,processed_needs_review,candidate_pass,https://drive.google.com/file/d/1zu5RfRS_KbjwFWtKOBQIZ-ONDp9ldjCT/view?usp=drivesdk,,https://drive.google.com/file/d/1YpFEhzFwjVgG97OIhsvtDn0DKpGWU-tn/view?usp=drivesdk,contact-sheet passed: single-product catalog candidate
P00169,궁중비책,베이비 모이스처 크림,https://goongbe.com/product/%EA%B6%81%EC%A4%91%EB%B9%84%EC%B1%85-x-%EB%AA%B0%ED%8B%B0%EC%A6%88-%ED%94%84%EB%A6%AC%EB%AE%A8-%EB%AA%A8%EC%9D%B4%EC%8A%A4%EC%B2%98-%ED%81%AC%EB%A6%BC-180ml-x2%EA%B0%9C/132/,https://goongbe.com/web/product/big/202605/0a5d9741a1920b92cb498cb79538ad95.jpg,P00169_source.jpg,P00169_clean.png,P00169_final.webp,brand_official,verified_product,processed_needs_review,candidate_pass,https://drive.google.com/file/d/1w08kpCcBlve3qP4sltVc8yHvtx_XAgem/view?usp=drivesdk,,https://drive.google.com/file/d/1FWFVlSzPoT1c9Dt8wvV2FdxjD2IyeOBh/view?usp=drivesdk,contact-sheet passed: single-product catalog candidate
P00170,낫포유,프레쉬옹 스칼프 미스트,https://not4u.kr/product/detail.html?page_4=8&product_no=465,https://www.not4u.kr/web/product/tiny/202601/d93dcf68b0136bc6b56b4cc09056f8c0.jpg,P00170_source.jpg,P00170_clean.png,P00170_final.webp,review_retailer,verified_product,processed_needs_review,candidate_pass,https://drive.google.com/file/d/1ScBPLRsG4fhqXPrSmS-CDJRLUWKSOuju/view?usp=drivesdk,,https://drive.google.com/file/d/16yR9iXxVqToz52HR1LTVSxMRx0eFRLTC/view?usp=drivesdk,second contact-sheet passed: single-product catalog candidate
P00171,닥터지,브라이트닝 필링 젤,https://www.dr-g.co.kr/item/2488,https://i.ebayimg.com/images/g/wCMAAOSwD~hfLTT~/s-l1200.jpg,P00171_source.jpg,P00171_clean.png,P00171_final.webp,exact_product_source,verified_product,processed_needs_review,candidate_pass,https://drive.google.com/file/d/1sUwqsQcEk-cSU-W0iFoJkLWlmRKlu7vX/view?usp=drivesdk,,https://drive.google.com/file/d/1kVRYEz-WkflsHFfM4LZKOtc0nMrMTyiF/view?usp=drivesdk,targeted exact product source accepted
P00172,닥터지,레드 블레미쉬 클리어 수딩 크림,https://www.dr-g.co.kr/item/9826?cc=26&pc=5,https://img.hwahae.co.kr/reviews/10841616/10841616_0_0.png,P00172_source.jpg,P00172_clean.png,P00172_final.webp,individual_image_search,verified_product,processed_needs_review,candidate_pass,https://drive.google.com/file/d/1qsWP1rRjeD0j4g8c0m-7TbvmPvExPfmO/view?usp=drivesdk,,https://drive.google.com/file/d/1YOxsQ9OTc7WYqzJc45yHEzhBBZw9DIvw/view?usp=drivesdk,individual search candidate 1 passed visually
P00173,로티,리프루미 시트 마스크팩 [수더],,https://img.hwahae.co.kr/commerce/goods/20260127_145811_%ED%8C%8C%EC%9A%B0%EC%B9%98_%EB%A6%AC%ED%94%84%ED%8A%B8%20720.png,P00173_source.png,P00173_clean.png,P00173_final.webp,individual_image_search,verified_product,processed_needs_review,candidate_pass,https://drive.google.com/file/d/1rxuhIeY7crIrm9vbPCmp80Yvd97CSspG/view?usp=drivesdk,,https://drive.google.com/file/d/1Rjt67xM6Y_Kj-fvMY6xDqQivR4ChKp-H/view?usp=drivesdk,individual search candidate 1 passed visually
P00174,로티,리프루미 시트 마스크팩 [콜라겐],,https://img.hwahae.co.kr/commerce/goods/20260127_145038_%ED%8C%8C%EC%9A%B0%EC%B9%98_%EC%BD%9C%EB%9D%BC%EA%B2%90%20720.png,P00174_source.png,P00174_clean.png,P00174_final.webp,individual_image_search,verified_product,processed_needs_review,candidate_pass,https://drive.google.com/file/d/1zCc4oX1Ny5JWnPeoxsqd-iaucR4YIgG1/view?usp=drivesdk,,https://drive.google.com/file/d/16Ix8O0SKDKOFl7MB7AmjnUEO32UoNPa7/view?usp=drivesdk,individual search candidate 1 passed visually
P00175,이즈앤트리,김 PDRN 부스팅 글로우 패드,https://www.isntree.com/product/best%ED%8A%B9%EA%B0%80-%EA%B9%80-pdrn-%EB%B6%80%EC%8A%A4%ED%8C%85-%EA%B8%80%EB%A1%9C%EC%9A%B0-%ED%8C%A8%EB%93%9C/552/,https://www.isntree.com/web/product/big/202606/2a72bbe895bdcb943dcfdb91106918fb.jpg,P00175_source.jpg,P00175_clean.png,P00175_final.webp,brand_official,verified_product,processed_needs_review,candidate_pass,https://drive.google.com/file/d/1-DwIBLHgCcpi0e6XM28mneH7t8x6mmth/view?usp=drivesdk,,https://drive.google.com/file/d/1aoIMkT6ISg751NVREFtUmD-2WbW1YRK_/view?usp=drivesdk,contact-sheet passed: single-product catalog candidate
P00176,에스트라,아토베리어365 젠틀 포밍클렌저,https://www.amoremall.com/kr/ko/product/detail?onlineProdCode=150100000637&onlineProdSn=68370,https://cdn.aritaum.com/UPLOAD/UPLOAD_IMAGE/ART/ART_REVIEW/202607/IMG178JUO426rtp088ldF7368_540.jpg,P00176_source.jpg,P00176_clean.png,P00176_final.webp,review_retailer,verified_product,processed_needs_review,candidate_pass,https://drive.google.com/file/d/1_C3_pHKHFWGsymWBk5iECvPNWPzhdQcS/view?usp=drivesdk,,https://drive.google.com/file/d/1V6kl54B7fsm1_xQMMnRZwUE3VP10GdUt/view?usp=drivesdk,second contact-sheet passed: single-product catalog candidate
P00177,커버앤커버,애플민트 히알루론산 PDRN 3분 패드 팩,https://cover-cover.com/product/%EC%BB%A4%EB%B2%84%EC%95%A4%EC%BB%A4%EB%B2%84-%EC%95%A0%ED%94%8C%EB%AF%BC%ED%8A%B8-3%EB%B6%84-%ED%8C%A8%EB%93%9C-%ED%8C%A9-1%EB%B0%95%EC%8A%A410%EB%A7%A4%EC%9E%8530%ED%8C%A8%EB%93%9C/30/,https://ecimg.cafe24img.com/pg2121b23149333003/bxlab2505/web/product/big/20251208/75ba8bbd78fd460472d093f00b7034c8.png,P00177_source.png,P00177_clean.png,P00177_final.webp,brand_official,verified_product,processed_needs_review,candidate_pass,https://drive.google.com/file/d/1KAg2z87QmIastsS3tiTaMf8-G7e39uzE/view?usp=drivesdk,,https://drive.google.com/file/d/1uEtvQe9Etgz7sIYT1eXqRcTLhSOjNSCR/view?usp=drivesdk,contact-sheet passed: single-product catalog candidate
P00178,블루페탈,콜라겐 볼 패치,https://www.bluepetal.co.kr/product/detail.html?product_no=99&cate_no=1&display_group=2,https://m.en.bluepetal.co.kr/web/product/big/202603/3af13f616c9171f564bb75296755005d.png,P00178_source.png,P00178_clean.png,P00178_final.webp,review_retailer,verified_product,processed_needs_review,candidate_pass,https://drive.google.com/file/d/1FsRqq8x8scfuteStWWL_LrWOziIgE_Tk/view?usp=drivesdk,,https://drive.google.com/file/d/11OUu8USUqbGSVXtcUUERP24WegKwhxll/view?usp=drivesdk,second contact-sheet passed: single-product catalog candidate
P00179,셀린저,더마 배리어 P 크림,,https://images.unpa.me/1856326,P00179_source.webp,P00179_clean.png,P00179_final.webp,review_retailer,verified_product,processed_needs_review,candidate_pass,https://drive.google.com/file/d/1Y40RxZDVUfzprzwjUIRJXDawT78aUv7k/view?usp=drivesdk,,https://drive.google.com/file/d/1jvAWkDQt15hP92hP3fqVU5Cb5b3an2jP/view?usp=drivesdk,second contact-sheet passed: single-product catalog candidate
P00180,퓨리피아,메타바이옴 토너 패드,https://puripia.co.kr/surl/P/67,https://puripia.co.kr/web/product/big/202604/9607b4ef6ec346f359b92342da23b96b.jpg,P00180_source.jpg,P00180_clean.png,P00180_final.webp,brand_official,verified_product,processed_needs_review,candidate_pass,https://drive.google.com/file/d/15kCs07wOmXMEU5M-emu_v9J9zDs6JXzC/view?usp=drivesdk,,https://drive.google.com/file/d/18Dwzwf6fxMkiV9aC4i7gYUGfQ4zoP7vY/view?usp=drivesdk,contact-sheet passed: single-product catalog candidate
P00181,터치인솔,노 포어블럼 프라이머 프렙,https://www.touchinsol.com/product/detail.html?product_no=918,https://img.joomcdn.net/20e9192a5935829ac9821b1178542d418cb4ac3b_original.jpeg,P00181_source.jpg,P00181_clean.png,P00181_final.webp,individual_image_search,verified_product,processed_needs_review,candidate_pass,https://drive.google.com/file/d/1uk9uU1PQbiutk2swBNOaIK2NyDKUJPrc/view?usp=drivesdk,,https://drive.google.com/file/d/1AZUNNGNLaspUkGpVk0TNdV0TjR7HsZof/view?usp=drivesdk,individual search candidate 1 passed visually
P00182,궁중비책,베이비 모이스처 로션,https://goongbe.com/product/%EA%B6%81%EC%A4%91%EB%B9%84%EC%B1%85-%ED%94%84%EB%A6%AC%EB%AE%A8-%EB%AA%A8%EC%9D%B4%EC%8A%A4%EC%B2%98-%EB%A1%9C%EC%85%98-350ml/159/,https://goongbe.com/web/product/big/202603/8801a9b8136bf21c79a48937b4ec1e92.jpg,P00182_source.jpg,P00182_clean.png,P00182_final.webp,brand_official,verified_product,processed_needs_review,candidate_pass,https://drive.google.com/file/d/1TKMpKfUa1HAg8pQ8di3WZqRbSni-kYW1/view?usp=drivesdk,,https://drive.google.com/file/d/19dkfoGGaNJJsmrgc3ETXjsxEC2OQw93Z/view?usp=drivesdk,contact-sheet passed: single-product catalog candidate
P00183,YBK,핑크 글로우 듀얼 캡슐 앰플 3X,https://ybk-cosmetics.com/product/%ED%95%91%ED%81%AC-%EA%B8%80%EB%A1%9C%EC%9A%B0-%EB%93%80%EC%96%BC-%EC%BA%A1%EC%8A%90-%EC%95%B0%ED%94%8C-3x-50ml/47,https://ybk-cosmetics.com/web/product/big/202512/2cdc15eab8562ab562223a72c6d08742.jpg,P00183_source.jpg,P00183_clean.png,P00183_final.webp,brand_official,verified_product,processed_needs_review,candidate_pass,https://drive.google.com/file/d/1PEiC0FaXZocWpElN2ZMUAy2in1Jg_uU0/view?usp=drivesdk,,https://drive.google.com/file/d/1OoB_gQmBglUzps9OphEfh-GJbsasyUww/view?usp=drivesdk,contact-sheet passed: single-product catalog candidate
P00184,토미울프,블랙밤부 딥 포어 클렌징 세럼,https://tomiwolf.co.kr/product/%ED%86%A0%EB%AF%B8%EC%9A%B8%ED%94%84-%EB%B8%94%EB%9E%99%EB%B0%A4%EB%B6%80-%EB%94%A5-%ED%8F%AC%EC%96%B4-%ED%81%B4%EB%A0%8C%EC%A7%95-%EC%84%B8%EB%9F%BC-200ml/28/category/42/display/1/,https://images.unpa.me/1921823,P00184_source.webp,P00184_clean.png,P00184_final.webp,review_retailer,verified_product,processed_needs_review,candidate_pass,https://drive.google.com/file/d/1UIxPkBErHWaFmU83JWXXHiSXX7dY1HT7/view?usp=drivesdk,,https://drive.google.com/file/d/1vU5epGL8hQp9aUxeRcCB2VtWccEeoqzf/view?usp=drivesdk,second contact-sheet passed: single-product catalog candidate
P00185,인요에,세라마이드 쌀 그리미 밀크 토너,,https://dn5hzapyfrpio.cloudfront.net/product/ee2/ee292d00-fdb1-11f0-af53-73b478608d9e.jpeg?w=426,P00185_source.jpg,P00185_clean.png,P00185_final.webp,review_retailer,verified_product,processed_needs_review,candidate_pass,https://drive.google.com/file/d/1YNjAvqufr82C-IgTf2WubGWwj8Qb1GXu/view?usp=drivesdk,,https://drive.google.com/file/d/1WN6gyOV8zmFhtqMr_9JImBfIYUnBqHAE/view?usp=drivesdk,second contact-sheet passed: single-product catalog candidate
P00186,스카비올,탈모증상완화 단백질 샴푸,,https://image.msscdn.net/images/goods_img/20251115/5739751/5739751_17655259935973_500.jpg,P00186_source.jpg,P00186_clean.png,P00186_final.webp,individual_image_search,verified_product,processed_needs_review,candidate_pass,https://drive.google.com/file/d/1A1ImuIDmncn6IITwBm01J_aElSNE5wtm/view?usp=drivesdk,,https://drive.google.com/file/d/1TTZrBLMxJWiS0aqerStfJZahRULu4N5L/view?usp=drivesdk,individual search candidate 2 passed visually
P00187,마이아비스,소프트 젤 클렌저,,https://dn5hzapyfrpio.cloudfront.net/product/0e7/0e7e9fe0-109f-11f1-9703-05c91c67e916.jpeg,P00187_source.jpg,P00187_clean.png,P00187_final.webp,review_retailer,verified_product,processed_needs_review,candidate_pass,https://drive.google.com/file/d/1j-wblGivwwSqaPMbNxuBxbaeJCAz1pWl/view?usp=drivesdk,,https://drive.google.com/file/d/18fa9EnYYoMslGeZL3djf3B2Qe25_2B4U/view?usp=drivesdk,second contact-sheet passed: single-product catalog candidate
P00188,라셀틱스,스킨 리커버리 펩타톡스 앰플,,https://dn5hzapyfrpio.cloudfront.net/product/28d/28d2ef80-210d-11f1-a3aa-8b186150bef4.png,P00188_source.png,P00188_clean.png,P00188_final.webp,review_retailer,verified_product,processed_needs_review,candidate_pass,https://drive.google.com/file/d/1ra1X6KXxYwebYyOtKOo88l7mC-owTaTg/view?usp=drivesdk,,https://drive.google.com/file/d/1zexWXbOPmEUPLNB8TmhzPfICW7SKLVKt/view?usp=drivesdk,second contact-sheet passed: single-product catalog candidate
P00189,결하우스,스킨 베리어 호호바 오일,https://gyeolhaus.co.kr/product/%EA%B2%B0-%ED%95%98%EC%9A%B0%EC%8A%A4-%EC%8A%A4%ED%82%A8-%EB%B2%A0%EB%A6%AC%EC%96%B4-%ED%98%B8%ED%98%B8%EB%B0%94-%EC%98%A4%EC%9D%BC-34ml/11/category/1/display/3/,https://gyeolhaus.co.kr/web/product/big/202608/433f950ceee61968048915c3a16790eb.jpg,P00189_source.jpg,P00189_clean.png,P00189_final.webp,brand_official,verified_product,processed_needs_review,candidate_pass,https://drive.google.com/file/d/12Cc799oiHD-1FcXhN9gJ9kxcqnpPapSG/view?usp=drivesdk,,https://drive.google.com/file/d/1hluwzrqLDwsrUKpqZapiieuZEkHob3Qc/view?usp=drivesdk,contact-sheet passed: single-product catalog candidate
P00190,라움비,포어 밸런스 수분 패드,https://herbabio.co.kr/product/%EB%AA%A8%EA%B3%B5%EA%B0%81%EC%A7%88%EC%A7%84%EC%A0%95%EC%88%98%EB%B6%84-%EB%9D%BC%EC%9B%80%EB%B9%84-%ED%8F%AC%EC%96%B4-%EB%B0%B8%EB%9F%B0%EC%8A%A4-%EC%88%98%EB%B6%84-%ED%8C%A8%EB%93%9C-70%EB%A7%A4-1%EA%B0%9C/54/category/56/display/2/,https://img.hwahae.co.kr/products/2168485/2168485_20260219143955.jpg?size=96x96,P00190_source.jpg,P00190_clean.png,P00190_final.webp,review_retailer,verified_product,processed_needs_review,candidate_pass,https://drive.google.com/file/d/15x51vl2lyYnX-mXak3F47nWNwy91mAMA/view?usp=drivesdk,,https://drive.google.com/file/d/1BZPPNMe5bhfxjGFySVO5FWZkpriUIpIR/view?usp=drivesdk,second contact-sheet passed: single-product catalog candidate
P00191,디피어,프리미엄 퍼퓸 리페어 샴푸,https://m.deepeer.kr/product/detail.html?product_no=59,https://dn5hzapyfrpio.cloudfront.net/product/ba6/ba6dd220-9d96-11f0-8d6f-512226ec59f9.png,P00191_source.png,P00191_clean.png,P00191_final.webp,review_retailer,verified_product,processed_needs_review,candidate_pass,https://drive.google.com/file/d/1s9FQ8QlvnCGMiDaAexSNCeSYyM7ShHJf/view?usp=drivesdk,,https://drive.google.com/file/d/1oR-ekQkDTSbbYiJ1A9hM8EyzdHlOJW9-/view?usp=drivesdk,second contact-sheet passed: single-product catalog candidate
P00192,누프,젤리코 테라피 컬러 샴푸,https://nooff.co.kr/product/nooff-gellyco-therapy-color-shampoo/12/,https://ecimg.cafe24img.com/pg2027b54970474017/ydvo918/web/product/big/20260527/00d18eaff43f6d135348046f04886830.png,P00192_source.png,P00192_clean.png,P00192_final.webp,brand_official,verified_product,processed_needs_review,candidate_pass,https://drive.google.com/file/d/139umEY2lPR0Z3KNqYUO6Hq1I0_06eihL/view?usp=drivesdk,,https://drive.google.com/file/d/1D7Mnjg2yAffZG9RjaZPNDGJSv2M8xMDe/view?usp=drivesdk,contact-sheet passed: single-product catalog candidate
P00193,누프,젤리코 테라피 노워시 트리트먼트,https://nooff.co.kr/product/nooff-gellyco-therapy-no-wash-treatment/13/,https://ecimg.cafe24img.com/pg2027b54970474017/ydvo918/web/product/big/20260527/afc58fcf010c2f98d47faec15dc73d83.png,P00193_source.png,P00193_clean.png,P00193_final.webp,brand_official,verified_product,processed_needs_review,candidate_pass,https://drive.google.com/file/d/111IKLs4T82yB3zQc2S-_oHNE-G1gUHuQ/view?usp=drivesdk,,https://drive.google.com/file/d/1X34gVYbpP-ujrjCbhkVP91rZHr541oU8/view?usp=drivesdk,contact-sheet passed: single-product catalog candidate
P00194,누메,딥 포어 퍼밍 세럼,https://nume.co.kr/product/%EB%94%A5-%ED%8F%AC%EC%96%B4-%ED%8D%BC%EB%B0%8D-%EC%84%B8%EB%9F%BC-50ml/27/,https://dn5hzapyfrpio.cloudfront.net/product/38c/38c97d50-41cf-11f0-9811-c7ff36fc7654.jpeg,P00194_source.jpg,P00194_clean.png,P00194_final.webp,review_retailer,verified_product,processed_needs_review,candidate_pass,https://drive.google.com/file/d/1sWZ1B6yr9quVgAo7o-LtOKnRNz0HSsN2/view?usp=drivesdk,,https://drive.google.com/file/d/1H2dQVo6UNumX2ktCz1t1bg_WvZK3SVkR/view?usp=drivesdk,second contact-sheet passed: single-product catalog candidate
P00195,에코미니멀,데일리 페이셜 크림,https://www.ecominimal.co.kr/product/%EB%8D%B0%EC%9D%BC%EB%A6%AC-%ED%8E%98%EC%9D%B4%EC%85%9C-%ED%81%AC%EB%A6%BC-250ml/9/,https://ecimg.cafe24img.com/pg2440b70280233016/ecominimalshop/web/tw/img/product/detail/facial-cream/img-facial01.jpg,P00195_source.jpg,P00195_clean.png,P00195_final.webp,brand_official,verified_product,processed_needs_review,candidate_pass,https://drive.google.com/file/d/1N9meKrPPIuIAeDc1-UDZSoYjPqI76KNw/view?usp=drivesdk,,https://drive.google.com/file/d/1QaRQoShvMNhj80d7R0y1CdqoQHiReqXI/view?usp=drivesdk,contact-sheet passed: single-product catalog candidate
P00196,아누아,PDRN 히알루론산 수분 클렌징 폼,https://anua.kr/product/pdrn-%ED%9E%88%EC%95%8C%EB%A3%A8%EB%A1%A0%EC%82%B0-%EC%88%98%EB%B6%84-%ED%81%B4%EB%A0%8C%EC%A7%95-%ED%8F%BC/463/,https://cafe24img.poxo.com/anuaskincare/web/product/big/202510/992fa796c6f7bd536488714596e55aed.png,P00196_source.png,P00196_clean.png,P00196_final.webp,individual_image_search,verified_product,processed_needs_review,candidate_pass,https://drive.google.com/file/d/1L06o35LwlN8uOO2PrRCLGSYUTMUEq4U2/view?usp=drivesdk,,https://drive.google.com/file/d/16FPLeE3uR8sOVC4EehcVZNRhuCHRBFO2/view?usp=drivesdk,individual search candidate 1 passed visually
P00197,헤이글로우,핑크에너지 피치캄 배리어 바디 로션,https://www.heiglow.co.kr/product/detail.html?cate_no=46&display_group=1&product_no=16,https://images.unpa.me/1965215,P00197_source.webp,P00197_clean.png,P00197_final.webp,review_retailer,verified_product,processed_needs_review,candidate_pass,https://drive.google.com/file/d/1TChtJGeqSiJ7jzovBKVn_Mh1tBJ_6id_/view?usp=drivesdk,,https://drive.google.com/file/d/1pmwTzpN9jOaGWVsw5vlsi4kD9U0mzmOO/view?usp=drivesdk,second contact-sheet passed: single-product catalog candidate
P00198,아페리레,비 프로즌 포어 팩 투 폼 클렌저,https://aperire.co.kr/product/new-%EB%B9%84-%ED%94%84%EB%A1%9C%EC%A6%8C-%ED%8F%AC%EC%96%B4-%ED%8C%A9-%ED%88%AC-%ED%8F%BC-%ED%81%B4%EB%A0%8C%EC%A0%80/159/,https://kream-phinf.pstatic.net/MjAyNTA3MTBfMTQz/MDAxNzUyMTMxNzUxNDEw.KWeBQ23G8VwXi3fmD6i1hc4A7lRaPZYVwCx3pxMgp1Yg.L0WMVcUBR0osFyjCcMj-0hH3k6fFAtR3GFmRRe_YQ2cg.PNG/a_00e309eae48540e1b5eac2025ff9d5ef.png,P00198_source.png,P00198_clean.png,P00198_final.webp,individual_image_search,verified_product,processed_needs_review,candidate_pass,https://drive.google.com/file/d/1dCTRNoiGUney8tar3Z3ftU4sP4wYGDn7/view?usp=drivesdk,,https://drive.google.com/file/d/1hBPLCfxIWd4WKKmCd00DIdyQ6780n7Qw/view?usp=drivesdk,individual search candidate 1 passed visually
P00199,눈스업,스텔라블룸 히알루론산 콜라겐 랩핑 마스크,,https://image.oliveyoung.co.kr/cfimages/cf-goods/uploads/images/thumbnails/10/0000/0023/A00000023136006ko.jpg?QT=85&SF=webp&l=ko&sharpen=1x0.5,P00199_source.webp,P00199_clean.png,P00199_final.webp,individual_image_search,verified_product,processed_needs_review,candidate_pass,https://drive.google.com/file/d/18KnqvGfDuhe4W5_IQXdAVcMd2Z9MMVU3/view?usp=drivesdk,,https://drive.google.com/file/d/1QvaKXB8hIp5xn72m-eX-wAAfKskOovLE/view?usp=drivesdk,individual search candidate 1 passed visually
P00200,눈스업,스텔라블룸 PDRN 콜라겐 랩핑 마스크,,https://cdn-image.oliveyoung.com/prdtImg/1010/2c230b5e-9181-41f9-ad7e-fb9213bb1b3d.jpg?AR=0&QT=80&RS=1500x1500&SF=webp,P00200_source.webp,P00200_clean.png,P00200_final.webp,individual_image_search,verified_product,processed_needs_review,candidate_pass,https://drive.google.com/file/d/1ZvbHAeKIK-cmLPvyepMY12J5h_LLo00L/view?usp=drivesdk,,https://drive.google.com/file/d/1c-DrRwo1DjLqW7vcH6UsdQMuLHQ47EzA/view?usp=drivesdk,exact product-use image accepted; standalone container image unavailable
P00201,스킨푸드,피치뽀송 징크 PCA 패드,https://www.theskinfood.com/m/product.html?branduid=10323036,https://cdn-image.oliveyoung.com/prdtImg/1184/2b3474e9-3681-4f46-90be-6f155f8f302f.jpg?AR=0&QT=80&RS=1500x1500,P00201_source.jpg,P00201_clean.png,P00201_final.webp,individual_image_search,verified_product,processed_needs_review,candidate_pass,https://drive.google.com/file/d/1TKOdRkDrp89q9eP-CsotVef5LU03fstv/view?usp=drivesdk,,https://drive.google.com/file/d/1qT1_aT-Nu-pEpEfkTouLPmFRt8gvb-1L/view?usp=drivesdk,individual search candidate 2 passed visually
P00202,팔색미인,5D 히알루론산 세럼,https://palme8.com/product/%EC%83%98%ED%94%8C%EC%83%81%ED%92%88-2/10/category/25/display/1/,https://ecimg.cafe24img.com/pg2163b92506104074/lavieglobal/web/product/big/20260723/23c8796b013fa3cd2e5d81f8ef5976e2.png,P00202_source.png,P00202_clean.png,P00202_final.webp,brand_official,verified_product,processed_needs_review,candidate_pass,https://drive.google.com/file/d/1Sn_hI2OX9qVls8qQ6hgfqdqjSjtEN3Xq/view?usp=drivesdk,,https://drive.google.com/file/d/1HuTxU4e_gyhQdqLpXjS1l-sp3BD0_SDm/view?usp=drivesdk,contact-sheet passed: single-product catalog candidate
P00203,닥터지,레드 블레미쉬 10-시카 캡슐 수딩 토너,https://www.dr-g.co.kr/item/9987,https://images.unpa.me/1979383,P00203_source.webp,P00203_clean.png,P00203_final.webp,review_retailer,verified_product,processed_needs_review,candidate_pass,https://drive.google.com/file/d/1FIy5vezYsO63B-vSVh7qYCuCcGUdqJI_/view?usp=drivesdk,,https://drive.google.com/file/d/1thGnDP2PwAwUxuNOJs-Vn10AzrXFI3ND/view?usp=drivesdk,second contact-sheet passed: single-product catalog candidate
P00204,닥터지,레드 블레미쉬 쿨 수딩 젤리 미스트,https://www.dr-g.co.kr/item/9989,https://img.ssfshop.com/cmd/LB_750x1000/src/https%3A/img.ssfshop.com/goods/BETY/26/04/02/GRVW26040246660_0_ORGINL_20260402182954627.jpg,P00204_source.jpg,P00204_clean.png,P00204_final.webp,individual_image_search,verified_product,processed_needs_review,candidate_pass,https://drive.google.com/file/d/1NfeFldTbYKchPr9aaaeR3JQIcbTD6vvk/view?usp=drivesdk,,https://drive.google.com/file/d/1fCWFJmBjo-T4uDb3VrfF5DkBDAvhk51E/view?usp=drivesdk,individual search candidate 1 passed visually
P00205,익스큐즈마이프랭크,바쿠치올 에이지 디펜스 아이크림,,https://excusemyfrankus.com/cdn/shop/files/EF_SSE03004_Front_1080x1080.png?v=1744744242,P00205_source.webp,P00205_clean.png,P00205_final.webp,individual_image_search,verified_product,processed_needs_review,candidate_pass,https://drive.google.com/file/d/1VE5oXBfT5BJxS_Z-W52podMEQqKeqfVT/view?usp=drivesdk,,https://drive.google.com/file/d/13pmEBTl2NuDRcRqLkWmUwPH5mYXfziSc/view?usp=drivesdk,individual search candidate 1 passed visually
P00206,브르카,바디 오일,,https://i.ebayimg.com/images/g/gm4AAOSw6hNjoVZc/s-l500.jpg,P00206_source.jpg,P00206_clean.png,P00206_final.webp,individual_image_search,verified_product,processed_needs_review,candidate_pass,https://drive.google.com/file/d/1Tiw1983y4pj9_Nl3w9Rt3lJzj0G71Yi4/view?usp=drivesdk,,https://drive.google.com/file/d/1DXZppuO4sjeouSdwIR5GBykT7SwHv2Ph/view?usp=drivesdk,individual search candidate 1 passed visually
P00207,어게인미,비비 안티헤어로스 샴푸 [두피맑음],https://againme.co.kr/product/%EC%88%98%EB%B6%84%EC%9E%A5%EB%B2%BD%EA%B0%95%ED%99%94-%ED%83%88%EB%AA%A8%EC%83%B4%ED%91%B8-%EC%96%B4%EA%B2%8C%EC%9D%B8%EB%AF%B8-%EB%B9%84%EB%B9%84-%EC%95%88%ED%8B%B0%ED%97%A4%EC%96%B4%EB%A1%9C%EC%8A%A4-%EB%91%90%ED%94%BC%EB%A7%91%EC%9D%8C-%EC%83%B4%ED%91%B8-400ml/18/category/1/display/14/,https://ecimg.cafe24img.com/pg577b99504323040/kpacbi/web/product/big/20260527/bfd3d6ed1a6be13867794c4e2446c0a8.jpg,P00207_source.jpg,P00207_clean.png,P00207_final.webp,brand_official,verified_product,processed_needs_review,candidate_pass,https://drive.google.com/file/d/1rd6fO6DzUmwCghzQpNyu-LqyFeCYMD4Z/view?usp=drivesdk,,https://drive.google.com/file/d/1ahAyaFcEq0iULSKnwCsKf2z9XYworWtd/view?usp=drivesdk,contact-sheet passed: single-product catalog candidate
P00208,테라비코스,히알루론산 약산성 클렌징 워터,https://thelavicosmall.com/product/%EB%A9%94%EC%9D%B4%ED%81%AC%EC%97%8599%EB%94%A5%ED%81%B4%EB%A0%8C%EC%A7%95-%EB%8C%80%EC%9A%A9%EB%9F%89-%ED%9E%88%EC%95%8C%EB%A3%A8%EB%A1%A0%EC%82%B0-%EC%95%BD%EC%82%B0%EC%84%B1-%ED%81%B4%EB%A0%8C%EC%A7%95-%EC%9B%8C%ED%84%B0-500ml-%ED%95%9C%EC%A0%95%EC%88%98%EB%9F%89-%EA%B1%B0%ED%92%88%EC%9A%A9%EA%B8%B0-%EC%A6%9D%EC%A0%95/634/,https://www.cosmorning.com/data/photos/20250626/art_17510018726698_310bb5.jpg,P00208_source.jpg,P00208_clean.png,P00208_final.webp,review_retailer,verified_product,processed_needs_review,candidate_pass,https://drive.google.com/file/d/1sOQyZw405am8IgJYAU4OG51WfXPukneX/view?usp=drivesdk,,https://drive.google.com/file/d/17Ox8B7a1-Mh-H9XWH6UMHoVHUUrIZS2N/view?usp=drivesdk,second contact-sheet passed: single-product catalog candidate
P00209,라보레브,피치마이크로바이옴 10 엑소좀 크림,,https://dn5hzapyfrpio.cloudfront.net/product/5ab/5aba02a0-4cfe-11f1-b102-d95cd5db4691.jpeg,P00209_source.jpg,P00209_clean.png,P00209_final.webp,review_retailer,verified_product,processed_needs_review,candidate_pass,https://drive.google.com/file/d/1xqgG2I_g625-ce2J-ZBChLELYRF1Tk4B/view?usp=drivesdk,,https://drive.google.com/file/d/1TB7OPJMpP5gJxDZ7Pd2q5mO6AecrnOgP/view?usp=drivesdk,second contact-sheet passed: single-product catalog candidate
P00210,결하우스,올리브 앤 레몬 글로우 하이드로겔 마스크,https://gyeolhaus.co.kr/product/%EA%B2%B0-%ED%95%98%EC%9A%B0%EC%8A%A4-%EC%98%AC%EB%A6%AC%EB%B8%8C-%EC%95%A4-%EB%A0%88%EB%AA%AC-%EA%B8%80%EB%A1%9C%EC%9A%B0-%ED%95%98%EC%9D%B4%EB%93%9C%EB%A1%9C%EA%B2%94-%EB%A7%88%EC%8A%A4%ED%81%AC-3%EB%A7%A41%EB%B0%95%EC%8A%A4/53/category/88/display/1/,https://gyeolhaus.co.kr/web/product/big/202608/d92e93a22a4ce0c4eb5017c9111dd0fd.jpg,P00210_source.jpg,P00210_clean.png,P00210_final.webp,brand_official,verified_product,processed_needs_review,candidate_pass,https://drive.google.com/file/d/1aUReWRF8rtZQhbUIuMo6PinoYmzbIunY/view?usp=drivesdk,,https://drive.google.com/file/d/1v83QohGOxrtU8YOr_SRRC_BDxylRCg0U/view?usp=drivesdk,contact-sheet passed: single-product catalog candidate
P00211,오베드,브라이트닝 마스크,,https://kiyoko.com/cdn/shop/products/kraciemask2.png?v=1766254381&width=1024,P00211_source.webp,P00211_clean.png,P00211_final.webp,individual_image_search,verified_product,processed_needs_review,candidate_pass,https://drive.google.com/file/d/1FFxOZAyETlohwuSDFj4uJYwiEnQ5TM29/view?usp=drivesdk,,https://drive.google.com/file/d/1er2G9kqjPlSuMe0PLpF24tmOWaziGHzX/view?usp=drivesdk,individual search candidate 1 passed visually
P00212,다이브,쥬베 립 세럼 [01 쥬 로즈],,https://media.bunjang.co.kr/product/400208207_%7Bcnt%7D_1775626488_w%7Bres%7D.jpg,P00212_source.webp,P00212_clean.png,P00212_final.webp,individual_image_search,verified_product,processed_needs_review,candidate_pass,https://drive.google.com/file/d/1EA2CyCik6llzLLU7CoR4HVXizb_IlX2U/view?usp=drivesdk,,https://drive.google.com/file/d/1kVBFLf-RHPoo1TeabQrk71712qczq2Dy/view?usp=drivesdk,individual search candidate 1 passed visually
P00213,로그비,모이스처 피니시 마일드 클렌징밀크,https://logbe.co.kr/product/%EC%9B%B0%EC%BB%B4%ED%82%A4%ED%8A%B8%ED%9A%8C%EC%9B%90-%EC%8B%9C%EA%B7%B8%EB%8B%88%EC%B2%98-%EC%97%90%EC%84%BC%EC%85%9C-%EB%93%80%EC%98%A4-%EB%AA%A8%EC%9D%B4%EC%8A%A4%EC%B2%98-%ED%81%B4%EB%A0%8C%EC%A7%95%EB%B0%80%ED%81%AC-250ml-%EC%BA%84%EC%98%A8%EC%97%90%EC%84%B8%EB%84%88/23/,https://img.hwahae.co.kr/commerce/goods/20260403_155637_composed-represent.png,P00213_source.png,P00213_clean.png,P00213_final.webp,individual_image_search,verified_product,processed_needs_review,candidate_pass,https://drive.google.com/file/d/1fJ7KrYJWcblgLGwmJO8-5CqKhEoliFw7/view?usp=drivesdk,,https://drive.google.com/file/d/1DnMYCW4_d2H91GKeCG1OWPiPaCO8jZsb/view?usp=drivesdk,individual search candidate 1 passed visually
P00214,메이크프렘,세이프 미 릴리프 모이스처 클렌징 밀크,https://www.makeprem.com/goods/goods_view.php?goodsNo=1175,https://dn5hzapyfrpio.cloudfront.net/product/90a/90a6c630-a7b6-11ef-ba8f-ad1f423c39d5.jpeg,P00214_source.jpg,P00214_clean.png,P00214_final.webp,review_retailer,verified_product,processed_needs_review,candidate_pass,https://drive.google.com/file/d/1-YowGWgljAG7ds-cphUxbB5Euv9P47YF/view?usp=drivesdk,,https://drive.google.com/file/d/17q6s5ZElb0arzK4-5s0CCMLSyArBKBBC/view?usp=drivesdk,second contact-sheet passed: single-product catalog candidate
P00215,이니스프리,데일리 유브이 노세범 선파우더 [SPF30/PA++],,https://dn5hzapyfrpio.cloudfront.net/product/aa4/aa475760-fa82-11f0-ab12-692a5ee2fb4c.jpeg?w=426,P00215_source.jpg,P00215_clean.png,P00215_final.webp,review_retailer,verified_product,processed_needs_review,candidate_pass,https://drive.google.com/file/d/14pyTRdkRJAfybxjIKQ6CUJvfXhjQtp3j/view?usp=drivesdk,,https://drive.google.com/file/d/1qPV01sFz1FB4lYu6aEbN52NrejweDms7/view?usp=drivesdk,second contact-sheet passed: single-product catalog candidate
P00216,벨포,쌀겨수 딥 클렌징 티슈,,https://shop-phinf.pstatic.net/20260415_84/1776239893890d7N6m_JPEG/25819049620330984_2146388155.jpg,P00216_source.jpg,P00216_clean.png,P00216_final.webp,review_retailer,verified_product,processed_needs_review,candidate_pass,https://drive.google.com/file/d/1zlpMpXW3_KehBVKS1nsIyZX34rGX0BR8/view?usp=drivesdk,,https://drive.google.com/file/d/1c4pzz0ROV0DA7fU06kjKFx4sI2sai1yC/view?usp=drivesdk,second contact-sheet passed: single-product catalog candidate
P00217,비마이스킨,스템셀 엔엠엔 리셋 하이드로겔 마스크,,https://images.unpa.me/1946247,P00217_source.webp,P00217_clean.png,P00217_final.webp,review_retailer,verified_product,processed_needs_review,candidate_pass,https://drive.google.com/file/d/1KGFE_9G27DNgM_4GJ_3e6piO96uHqjUp/view?usp=drivesdk,,https://drive.google.com/file/d/1TpH5ZZiaR3AT-42XqISiNV0Sbeb3AXIN/view?usp=drivesdk,second contact-sheet passed: single-product catalog candidate
P00218,메이크프렘,피디알엔 포어 클레이 클렌징 밀크,https://www.makeprem.com/goods/goods_view.php?goodsNo=1000000407,https://images.unpa.me/1737440,P00218_source.webp,P00218_clean.png,P00218_final.webp,review_retailer,verified_product,processed_needs_review,candidate_pass,https://drive.google.com/file/d/1CU8kRoZ3dB_Ecq2MZlJyJAsMqOaTdrFW/view?usp=drivesdk,,https://drive.google.com/file/d/19MKTl3xHefSiBDzIjMIDc4uz30xKcpDR/view?usp=drivesdk,second contact-sheet passed: single-product catalog candidate
P00219,로티,리프루미 하이드레이팅 토너,,https://img.hwahae.co.kr/products/2184765/2184765_20260130180148.jpg,P00219_source.jpg,P00219_clean.png,P00219_final.webp,individual_image_search,verified_product,processed_needs_review,candidate_pass,https://drive.google.com/file/d/1iUx2GFPy-GGhxgTHRkUCHBxSirlFJXbm/view?usp=drivesdk,,https://drive.google.com/file/d/1scHrzDpk1j5dY7ghUSTlc7uBAN86TS-k/view?usp=drivesdk,individual search candidate 1 passed visually
P00220,이옴,트러블 패치 마스크,,https://dist.oliveyoung.com/fo/d08e3e94a1/resources/images/search/product_1000000008_all.png,P00220_source.png,P00220_clean.png,P00220_final.webp,oliveyoung_global,verified_product,processed_needs_review,candidate_pass,https://drive.google.com/file/d/1f-tjYyUUbjsaTeXe3YItkbJwWWl8ViZi/view?usp=drivesdk,,https://drive.google.com/file/d/1h9BMcrwCFYKMlbNJwq727JsApTjWpplX/view?usp=drivesdk,second contact-sheet passed: single-product catalog candidate
P00221,메디힐,히알루론산 속보습 패드,https://medihealshop.com/product/detail.html?product_no=1679,https://medihealshop.com/web/product/big/202511/ca06d95065d50622fe61c90cf993aac8.jpg,P00221_source.jpg,P00221_clean.png,P00221_final.webp,brand_official,verified_product,processed_needs_review,candidate_pass,https://drive.google.com/file/d/1AkLODG-IvkMiPu4aOut3o0Lc9RjoFIqh/view?usp=drivesdk,,https://drive.google.com/file/d/1ToQewfxQmj6J01lCgHBRamNpHsnpR_CA/view?usp=drivesdk,contact-sheet passed: single-product catalog candidate
P00222,라운드랩,1025 독도 토너,https://roundlab.co.kr/product/1025-%EB%8F%85%EB%8F%84-%ED%86%A0%EB%84%88-200ml/22/,https://roundlab.co.kr/web/product/big/202511/1c345b7287e97f2733f49315da42eea1.jpg,P00222_source.jpg,P00222_clean.png,P00222_final.webp,brand_official,verified_product,processed_needs_review,candidate_pass,https://drive.google.com/file/d/1OMrz-r367DVaS8V0G_8CTWVKgHfWWIJH/view?usp=drivesdk,,https://drive.google.com/file/d/1yCNCKsY4KKjZKsNa8_vnO7jViwX5TzF8/view?usp=drivesdk,contact-sheet passed: single-product catalog candidate
P00223,일리윤,세라마이드 아토 6.0 탑투토 워시,https://www.illiyoon.com/product/detail.html?cate_no=33&display_group=1&product_no=227,https://i.ebayimg.com/images/g/-twAAOSwWotbw-BK/s-l1200.jpg,P00223_source.jpg,P00223_clean.png,P00223_final.webp,individual_image_search,verified_product,processed_needs_review,candidate_pass,https://drive.google.com/file/d/1pjLdzr3kQbi5IHXI4Q-31PxpbZhi6mu5/view?usp=drivesdk,,https://drive.google.com/file/d/1l6Yhm7NR4vuVhOdU50THMQ9tB9Q7F4zy/view?usp=drivesdk,individual search candidate 1 passed visually
P00224,코스알엑스,아하/바하 클래리파잉 토너 미스트,https://www.cosrx.co.kr/shop/shopdetail.html?branduid=191,https://louvieskincare.com/cdn/shop/files/cosrx-aha-bha-clarifying-treatment-toner-textura.jpg?v=1751592015&width=1946,P00224_source.webp,P00224_clean.png,P00224_final.webp,individual_image_search,verified_product,processed_needs_review,candidate_pass,https://drive.google.com/file/d/1zB8hSJmFdcZ5dP1lgIVUg853qGGNH4qW/view?usp=drivesdk,,https://drive.google.com/file/d/15Enli8d77153FSyd0s_bCuQUGtyFXB4J/view?usp=drivesdk,individual search candidate 1 passed visually
P00225,린제이,모델링마스크 컵팩 [쿨티트리],,https://wcosmetics.com.au/cdn/shop/files/WXWorkCapture_17124388876734.png?v=1756445338&width=1800,P00225_source.webp,P00225_clean.png,P00225_final.webp,individual_image_search,verified_product,processed_needs_review,candidate_pass,https://drive.google.com/file/d/1gwnrDILQA4k3ZXi_ahgrbHBfoypiaRG6/view?usp=drivesdk,,https://drive.google.com/file/d/1CZtuagO5d-4r0n0Q38PkELkRZdHqQM3f/view?usp=drivesdk,individual search candidate 1 passed visually
P00226,스킨푸드,캐롯 카로틴 카밍 워터 패드,https://www.theskinfood.com/m/product.html?GfDT=bGt3Vw%3D%3D&branduid=10321951&cur_code=015005&mcode=005&scode=&search=&sort=manual&type=Y&xcode=015,https://dist.oliveyoung.com/fo/d08e3e94a1/resources/images/search/product_1000000008_all.png,P00226_source.png,P00226_clean.png,P00226_final.webp,oliveyoung_global,verified_product,processed_needs_review,candidate_pass,https://drive.google.com/file/d/1lRzLQDCc7NMDPRVyHjNpc0UgTqPMFWnw/view?usp=drivesdk,,https://drive.google.com/file/d/1b5wW1fwDjpk_fNd7Szf_VqRmF3gCHFzM/view?usp=drivesdk,second contact-sheet passed: single-product catalog candidate
P00227,토리든,다이브인 저분자 히알루론산 토너,https://www.torriden.com/goods/goods_view.php?goodsNo=90,https://godomall-storage.cdn-nhncommerce.com/4d7876b81b0d37f8a7cfa4d402d68be4/goods/90/image/detail/90_detail_077.png,P00227_source.png,P00227_clean.png,P00227_final.webp,brand_official,verified_product,processed_needs_review,candidate_pass,https://drive.google.com/file/d/1hwGmmAKS6MZ5uX8dOH80ACC2zWXaXI6s/view?usp=drivesdk,,https://drive.google.com/file/d/1nlWI6K5MZeXHm2QFdvEYsWSBk6cymH8o/view?usp=drivesdk,contact-sheet passed: single-product catalog candidate
P00228,에스트라,아토베리어365 하이드로 에센스,https://www.aestura.com/web/product/view.do?prdSeq=1071,https://image.aestura.com/upload/product/1071_L.png,P00228_source.png,P00228_clean.png,P00228_final.webp,brand_official,verified_product,processed_needs_review,candidate_pass,https://drive.google.com/file/d/12qFd9O2QlQLtGfcfpu3_Uf_a54jzlNiI/view?usp=drivesdk,,https://drive.google.com/file/d/1azrgykoggLMX1ZslF3aiGz_iX6d60Yay/view?usp=drivesdk,contact-sheet passed: single-product catalog candidate
P00229,라운드랩,1025 독도 로션,https://m.roundlab.co.kr/product/1025-%EB%8F%85%EB%8F%84-%EB%A1%9C%EC%85%98-200ml/21/,https://m.roundlab.co.kr/web/product/big/202511/cbff05844a37c86746cc05f87e82e582.jpg,P00229_source.jpg,P00229_clean.png,P00229_final.webp,brand_official,verified_product,processed_needs_review,candidate_pass,https://drive.google.com/file/d/1S3uz3S2m7rzb5XhXdnmunrizDKmHLMSX/view?usp=drivesdk,,https://drive.google.com/file/d/1FCaSHDGRJMLRnHg90t900mj0PLiDihZ2/view?usp=drivesdk,contact-sheet passed: single-product catalog candidate
P00230,라운드랩,자작나무 수분 선크림 [SPF50+/PA++++],https://roundlab.co.kr/product/%25EC%259E%2590%25EC%259E%2591%25EB%2582%2598%25EB%25AC%25B4-%25EC%2588%2598%25EB%25B6%2584-%25EC%2584%25A0%25ED%2581%25AC%25EB%25A6%25BC-50ml/138/,https://roundlab.co.kr/web/product/big/202511/adeb0024e3e3a5c01fe9d3d40e5dddb1.jpg,P00230_source.jpg,P00230_clean.png,P00230_final.webp,brand_official,verified_product,processed_needs_review,candidate_pass,https://drive.google.com/file/d/1s8kBBx684gOIN4ETe0raPKo0oMTo5nrx/view?usp=drivesdk,,https://drive.google.com/file/d/1HYjl-SGMHJsCruhIX0AWnDEN8EDk7FT_/view?usp=drivesdk,contact-sheet passed: single-product catalog candidate
P00231,이니스프리,(리뉴얼)노세범 미네랄 파우더,https://www.innisfree.com/kr/ko/dp/product/34517,https://inm-cdn.innisfree.com/origin-image/product/product/00/00/03/45/17/d6cb678b-d8ab-4fa4-9a7e-1eae88cfd3ee.webp,P00231_source.webp,P00231_clean.png,P00231_final.webp,brand_official,verified_product,processed_needs_review,candidate_pass,https://drive.google.com/file/d/1aovw5p7gDRIUykHV68cFmqd7M0Noh0fz/view?usp=drivesdk,,https://drive.google.com/file/d/1-aSoUbQLGQUqgMiiq06sSwHAkPBXjDiC/view?usp=drivesdk,contact-sheet passed: single-product catalog candidate
P00232,토리든,다이브인 저분자 히알루론산 수딩 크림,https://www.torriden.com/goods/goods_view.php?goodsNo=132,https://godomall-storage.cdn-nhncommerce.com/4d7876b81b0d37f8a7cfa4d402d68be4/goods/132/image/detail/132_detail_060.png,P00232_source.png,P00232_clean.png,P00232_final.webp,brand_official,verified_product,processed_needs_review,candidate_pass,https://drive.google.com/file/d/1Uf3V0L8yYJJO3QQzcl6JNYFtgBnNQaYQ/view?usp=drivesdk,,https://drive.google.com/file/d/1z1zvQ2tZD4dk_3VsYx6ePtwXxvecvpHy/view?usp=drivesdk,contact-sheet passed: single-product catalog candidate
P00233,이수연코스메틱,인텐시브 팩 2,,https://img.hwahae.co.kr/products/1942147/1942147_20220801000000.jpg?size=96x96,P00233_source.jpg,P00233_clean.png,P00233_final.webp,review_retailer,verified_product,processed_needs_review,candidate_pass,https://drive.google.com/file/d/10at0Lx-EaZ4ZbHvwiXE37j6L0oQyT_ui/view?usp=drivesdk,,https://drive.google.com/file/d/1CFRG1zBvaLbY3Zg1VOX-7XPHC3vrMM7m/view?usp=drivesdk,second contact-sheet passed: single-product catalog candidate
P00234,아토팜,MLE 로션,https://neopharmshop.co.kr/product/%EC%95%84%ED%86%A0%ED%8C%9C-mle-%EB%A1%9C%EC%85%98-300ml/2184,https://neopharmshop.co.kr/web/product/big/202604/60aaa0c7bf6fb46538c8de1c33283bd0.jpg,P00234_source.jpg,P00234_clean.png,P00234_final.webp,brand_official,verified_product,processed_needs_review,candidate_pass,https://drive.google.com/file/d/1tLwe5YXZahCwOfELLi8nhA7q73JyTFHq/view?usp=drivesdk,,https://drive.google.com/file/d/1WwQCgddPoaSSWnz13WiXjMRwjiacRGX2/view?usp=drivesdk,contact-sheet passed: single-product catalog candidate
P00235,아토팜,판테놀 크림,https://www.neopharmshop.co.kr/product/detail.html?cate_no=202&display_group=1&product_no=2180,https://www.neopharmshop.co.kr/web/product/big/202604/d37e171b51973cdb8d55de8e96ec5773.jpg,P00235_source.jpg,P00235_clean.png,P00235_final.webp,brand_official,verified_product,processed_needs_review,candidate_pass,https://drive.google.com/file/d/1dbLOYHS-uOfp2DKhvHzjH__ZGKBfqvns/view?usp=drivesdk,,https://drive.google.com/file/d/1cHTt6sr0r8vBf4vl1FVxjd6KhzxyGPB8/view?usp=drivesdk,contact-sheet passed: single-product catalog candidate
P00236,아토팜,탑투토 워시,https://neopharmshop.co.kr/product/%EC%95%84%ED%86%A0%ED%8C%9C-%ED%83%91%ED%88%AC%ED%86%A0-%EC%9B%8C%EC%8B%9C-300ml/2148/,https://dn5hzapyfrpio.cloudfront.net/product/458/4587a010-4d88-11ec-84c8-cfceb28ed867.jpeg,P00236_source.jpg,P00236_clean.png,P00236_final.webp,review_retailer,verified_product,processed_needs_review,candidate_pass,https://drive.google.com/file/d/1R3CPzQImCBUvRSg9tYPOHonEsLhPzaZw/view?usp=drivesdk,,https://drive.google.com/file/d/1-nlUEilyBn1UrFQqyIPKLwfbHH-tgBh8/view?usp=drivesdk,second contact-sheet passed: single-product catalog candidate
P00237,빌랑스,마이티 요거티 핑크 파우더,,https://cf.product-image.s.zigzag.kr/original/d/2025/6/17/43025_202506171404180502_27073.jpeg,P00237_source.jpg,P00237_clean.png,P00237_final.webp,review_retailer,verified_product,processed_needs_review,candidate_pass,https://drive.google.com/file/d/1hbMWe8Z5qUxob7wMXW3Io5XPMSQ5W-Nn/view?usp=drivesdk,,https://drive.google.com/file/d/13oMrysc5rggCDFHcYv7Z4ZlZ27dSqvhh/view?usp=drivesdk,second contact-sheet passed: single-product catalog candidate
P00238,토리든,다이브인 저분자 히알루론산 크림,https://www.torriden.com/goods/goods_view.php?goodsNo=57,https://godomall-storage.cdn-nhncommerce.com/4d7876b81b0d37f8a7cfa4d402d68be4/goods/57/image/detail/57_detail_03.png,P00238_source.png,P00238_clean.png,P00238_final.webp,brand_official,verified_product,processed_needs_review,candidate_pass,https://drive.google.com/file/d/1CVwwgGuKdiz97BFG0up2HDq6GFrMWZGz/view?usp=drivesdk,,https://drive.google.com/file/d/1gjfpo_WkPRbjqni6GK7PEx7Nk4EYFkSJ/view?usp=drivesdk,contact-sheet passed: single-product catalog candidate
P00239,에스네이처,아쿠아 소이 요거 아이크림,https://m.snature.kr/product/detail.html?product_no=82,https://dn5hzapyfrpio.cloudfront.net/product/4fa/4fa3d970-5660-11ec-9ada-2b1182852535.jpeg,P00239_source.jpg,P00239_clean.png,P00239_final.webp,review_retailer,verified_product,processed_needs_review,candidate_pass,https://drive.google.com/file/d/1woXVCgIURDX-p42SGo1l9p9Og1Q8EQzS/view?usp=drivesdk,,https://drive.google.com/file/d/19QOAy-rZ8I_qLPM7GX-06UKUNWOteooo/view?usp=drivesdk,second contact-sheet passed: single-product catalog candidate
P00240,닥터지,그린 마일드 업 선 플러스 [SPF50+/PA++++],https://www.dr-g.co.kr/item/9637,https://images.unpa.me/1793011,P00240_source.webp,P00240_clean.png,P00240_final.webp,review_retailer,verified_product,processed_needs_review,candidate_pass,https://drive.google.com/file/d/1jhJJjNC-KAqPoctwUP3XCll3pko9ULOG/view?usp=drivesdk,,https://drive.google.com/file/d/1lo7SY2qLVN6X4vwgy3Gr_kej-05qvmhI/view?usp=drivesdk,second contact-sheet passed: single-product catalog candidate
P00241,빌리프,슈퍼 나이츠 마스크 [멀티 비타민],https://belifmall.com/product/%EB%B9%8C%EB%A6%AC%ED%94%84-%EC%8A%88%ED%8D%BC-%EB%82%98%EC%9D%B4%EC%B8%A0-%EB%A9%80%ED%8B%B0-%EB%B9%84%ED%83%80%EB%AF%BC-%EB%A7%88%EC%8A%A4%ED%81%AC-75ml/541/,https://www.careshop.co.kr/eimages/display/ACM62029_A52_l.jpg,P00241_source.jpg,P00241_clean.png,P00241_final.webp,individual_image_search,verified_product,processed_needs_review,candidate_pass,https://drive.google.com/file/d/1YEMQtIqPhQa7vyd66qjQ-pCzsW5RBTLy/view?usp=drivesdk,,https://drive.google.com/file/d/1gEWYNFAZK_dsMCok7oOETESf-GGg50U2/view?usp=drivesdk,individual search candidate 1 passed visually
P00242,아토팜,수딩 젤 로션,https://www.neopharmshop.co.kr/product/%EC%95%84%ED%86%A0%ED%8C%9C-%EC%88%98%EB%94%A9-%EC%A0%A4-%EB%A1%9C%EC%85%98-160ml-%C3%972%EA%B0%9C-%EC%84%B8%ED%8A%B8/2174/,https://www.neopharmshop.co.kr/web/product/big/202604/fa5b6a988a3c24880f9d2731fdfd7016.jpg,P00242_source.jpg,P00242_clean.png,P00242_final.webp,brand_official,verified_product,processed_needs_review,candidate_pass,https://drive.google.com/file/d/12cgaID85lompXO_7ShDc5xTdQ_36aqwQ/view?usp=drivesdk,,https://drive.google.com/file/d/1XA9YP-r9-M1tMiNYDDaC_UPBrI1EMDlG/view?usp=drivesdk,contact-sheet passed: single-product catalog candidate
P00243,토코보,코튼 소프트 선 스틱 [SPF50+/PA++++],https://tocobo.co.kr/product/%EC%BD%94%ED%8A%BC-%EC%86%8C%ED%94%84%ED%8A%B8-%EC%84%A0-%EC%8A%A4%ED%8B%B1/32/,https://dn5hzapyfrpio.cloudfront.net/product/5bd/5bd6d440-ae5d-11ec-8731-5b465f36a932.jpeg,P00243_source.jpg,P00243_clean.png,P00243_final.webp,review_retailer,verified_product,processed_needs_review,candidate_pass,https://drive.google.com/file/d/1cqGuAFWGBUlpcyzwAzFAs49ZzZLNdFbQ/view?usp=drivesdk,,https://drive.google.com/file/d/1KC1GITu4hBXnYvtVX9EFiY1FqMSfEQ5V/view?usp=drivesdk,second contact-sheet passed: single-product catalog candidate
P00244,리더스,스텝솔루션 알로에 수딩 마스크,https://leaderscosmetics.com/product/%EB%A6%AC%EB%8D%94%EC%8A%A4-%EC%8A%A4%ED%85%9D%EC%86%94%EB%A3%A8%EC%85%98-%EC%95%8C%EB%A1%9C%EC%97%90-%EC%88%98%EB%94%A9-%EB%A7%88%EC%8A%A4%ED%81%AC/799/,https://deiji.co.nz/cdn/shop/products/6_d7e63786-0b18-400f-9bd6-4e2509f46ca1.png?v=1703055023,P00244_source.webp,P00244_clean.png,P00244_final.webp,individual_image_search,verified_product,processed_needs_review,candidate_pass,https://drive.google.com/file/d/1YW3rA3PPnTr98ECeB_heXBtBJaMnonxR/view?usp=drivesdk,,https://drive.google.com/file/d/1zF0U2S9GpzxkyNlQxWhXvTXrfU1SCTkx/view?usp=drivesdk,individual search candidate 1 passed visually
P00245,메디큐브,콜라겐 나이트 랩핑 마스크,https://www.themedicube.co.kr/product/detail.html?cate_no=458&product_no=922,https://dn5hzapyfrpio.cloudfront.net/product/4cc/4ccd61c0-bae9-11f0-ad43-9d65c51c2471.jpeg,P00245_source.jpg,P00245_clean.png,P00245_final.webp,review_retailer,verified_product,processed_needs_review,candidate_pass,https://drive.google.com/file/d/1waSLqo3LHBux6ivhm4bocoSUHjhRUsqk/view?usp=drivesdk,,https://drive.google.com/file/d/1C7cFDGitxT0Zh5JD1zybUTOj2HCwi0_1/view?usp=drivesdk,second contact-sheet passed: single-product catalog candidate
P00246,이니스프리,화산송이 바하 모공 폼 클렌징,https://www.innisfree.com/kr/ko/dp/product/34513,https://inm-cdn.innisfree.com/origin-image/product/product/00/00/03/45/13/ed5756ac-10cd-4f05-8644-5a3da08c53c9.webp,P00246_source.webp,P00246_clean.png,P00246_final.webp,brand_official,verified_product,processed_needs_review,candidate_pass,https://drive.google.com/file/d/1JWiqH-pCzWteaE7fbBLzHm1AQFGehXlJ/view?usp=drivesdk,,https://drive.google.com/file/d/1pkVQMMdcQ1rywAQheipt0ZYBWnU5pGx3/view?usp=drivesdk,contact-sheet passed: single-product catalog candidate
P00247,토리든,다이브인 저분자 히알루론산 클렌징 워터,https://www.torriden.com/goods/goods_view.php?goodsNo=145,https://images.unpa.me/62321,P00247_source.webp,P00247_clean.png,P00247_final.webp,review_retailer,verified_product,processed_needs_review,candidate_pass,https://drive.google.com/file/d/1rlhpOX-FSVvV_8jZ-7fCG7Vp3M_Xjqrl/view?usp=drivesdk,,https://drive.google.com/file/d/1Nnm-vLBFY8FLotSw1v4cLralhs8mXxef/view?usp=drivesdk,second contact-sheet passed: single-product catalog candidate
P00248,메디힐,마데카소사이드 흔적패드,https://m.medihealshop.com/product/%EB%A7%88%EB%8D%B0%EC%B9%B4%EC%86%8C%EC%82%AC%EC%9D%B4%EB%93%9C-%ED%9D%94%EC%A0%81-%ED%8C%A8%EB%93%9C-%EB%A6%AC%ED%95%84-%EA%B8%B0%ED%9A%8D-%EC%84%B8%ED%8A%B8-200%EB%A7%A4/1712/category/91/display/1/,https://m.medihealshop.com/web/product/big/202601/4bce9cf8373c058dd6f3297e9f9bc678.jpg,P00248_source.jpg,P00248_clean.png,P00248_final.webp,brand_official,verified_product,processed_needs_review,candidate_pass,https://drive.google.com/file/d/1vgPDM-svGIMTVbKBjY2WLffmtlBBuj20/view?usp=drivesdk,,https://drive.google.com/file/d/1EG-YiETA4q5vaejzJAJSu_8e2f5VeIby/view?usp=drivesdk,contact-sheet passed: single-product catalog candidate
P00249,토리든,다이브인 저분자 히알루론산 세럼,https://www.torriden.com/goods/goods_view.php?goodsNo=58,https://godomall-storage.cdn-nhncommerce.com/4d7876b81b0d37f8a7cfa4d402d68be4/goods/58/image/detail/58_detail_083.png,P00249_source.png,P00249_clean.png,P00249_final.webp,brand_official,verified_product,processed_needs_review,candidate_pass,https://drive.google.com/file/d/1HM2NUMOLg8_x6cNQG4gD-7Mweoru5Gzt/view?usp=drivesdk,,https://drive.google.com/file/d/1Jq8NlOsk5jsHDZC2pPcbf3bNAS-eaQXl/view?usp=drivesdk,contact-sheet passed: single-product catalog candidate
P00250,토리든,밸런스풀 시카 진정 세럼,https://www.torriden.com/goods/goods_view.php?goodsNo=161,https://dn5hzapyfrpio.cloudfront.net/product/17d/17d33d30-9159-11ed-961b-2f404fb92e9d.jpeg,P00250_source.jpg,P00250_clean.png,P00250_final.webp,review_retailer,verified_product,processed_needs_review,candidate_pass,https://drive.google.com/file/d/1ZPKdJ7_97WU_J4QemdLTTuOjTl5-gYKo/view?usp=drivesdk,,https://drive.google.com/file/d/1ed5kPPQceEIB_pSL4fw5FlEOJPMvXGIV/view?usp=drivesdk,second contact-sheet passed: single-product catalog candidate
P00251,리더스,그린 콜라겐 아이크림 포 페이스,https://m.leaderscosmetics.com/product/%EB%A6%AC%EB%8D%94%EC%8A%A4-%EA%B7%B8%EB%A6%B0-%EC%BD%9C%EB%9D%BC%EA%B2%90-%EC%95%84%EC%9D%B4%ED%81%AC%EB%A6%BC-%ED%8F%AC-%ED%8E%98%EC%9D%B4%EC%8A%A4-30ml/842/,https://img.danawa.com/prod_img/500000/201/892/img/28892201_1.jpg?_v=20231020162050&shrink=360%3A360,P00251_source.jpg,P00251_clean.png,P00251_final.webp,individual_image_search,verified_product,processed_needs_review,candidate_pass,https://drive.google.com/file/d/1RKik139XzpCAvsnq65pOM6ShEA_i2DwG/view?usp=drivesdk,,https://drive.google.com/file/d/1YENTMyJHEYXlgJg464cf9Hk9Tat7ZFo1/view?usp=drivesdk,individual search candidate 1 passed visually
P00252,예스킨,닥터 예스키놀 젤 포르테,,https://img.hwahae.co.kr/reviews/7801577/7801577_0_0.png,P00252_source.jpg,P00252_clean.png,P00252_final.webp,individual_image_search,verified_product,processed_needs_review,candidate_pass,https://drive.google.com/file/d/1EoOv3XfDAkbNIElhmHqYV-KpHfubBjXM/view?usp=drivesdk,,https://drive.google.com/file/d/1TiPrmk1xhgkaCRPhu37SrKRAvW6DZxkv/view?usp=drivesdk,individual search candidate 1 passed visually
P00253,비오레,UV 아쿠아 리치 아쿠아 프로텍트 미스트 [SPF50/PA++++],,https://dn5hzapyfrpio.cloudfront.net/product/6b9/6b996000-16c8-11f1-8255-6364606358c5.jpeg,P00253_source.jpg,P00253_clean.png,P00253_final.webp,review_retailer,verified_product,processed_needs_review,candidate_pass,https://drive.google.com/file/d/1-swaySjRXG3kgOZFF6MKWAYGIiFsP4ME/view?usp=drivesdk,,https://drive.google.com/file/d/1qu569JUJ8fS6NF3yCOui124ycC-oSELg/view?usp=drivesdk,second contact-sheet passed: single-product catalog candidate
P00254,웰라쥬,리얼 히알루로닉 토너,https://www.wellage.co.kr/product/%241/1468/,https://images.unpa.me/1469243,P00254_source.webp,P00254_clean.png,P00254_final.webp,review_retailer,verified_product,processed_needs_review,candidate_pass,https://drive.google.com/file/d/1ahfo1LBgXNQEdn26zlsudnOiHaScBKs0/view?usp=drivesdk,,https://drive.google.com/file/d/1PGbeLqZPIieZkMcYLgzJYzw-ixcmFj1-/view?usp=drivesdk,second contact-sheet passed: single-product catalog candidate
P00255,라보에이치,탈모증상완화 캡슐 트리트먼트,https://www.aritaum.com/shop/pr/productView/P0000000000000060263.do,https://images.unpa.me/1562691,P00255_source.webp,P00255_clean.png,P00255_final.webp,review_retailer,verified_product,processed_needs_review,candidate_pass,https://drive.google.com/file/d/1-AuykVjqzAlS6W-2m9ooKcjxfegLIKN4/view?usp=drivesdk,,https://drive.google.com/file/d/1F9pn_23LXP8amrkHMVvEFYwaWD06V8GL/view?usp=drivesdk,second contact-sheet passed: single-product catalog candidate
P00256,비플레인,녹두 약산성 클렌징폼,https://www.beplain.co.kr/m/product.html?GfDT=bmp0W1w%3D&branduid=43&mcode=001&scode=&search=&special=1&xcode=012,https://shop2.daumcdn.net/shophow/p/A5250959305.jpg?opt=R500x500.q90&type=thumb&ut=20250521162650,P00256_source.jpg,P00256_clean.png,P00256_final.webp,individual_image_search,verified_product,processed_needs_review,candidate_pass,https://drive.google.com/file/d/1KSSHmfFOuAl-Yb5fs_S_XFJ6C8YDLuj3/view?usp=drivesdk,,https://drive.google.com/file/d/17aQ03OJ-iBwI4QBmTOjJGhIQn2mRvxIS/view?usp=drivesdk,individual search candidate 1 passed visually
P00257,트리셀,안티 댄드러프 샴푸,https://treecell.co.kr/product/%ED%8A%B8%EB%A6%AC%EC%85%80-%EC%95%88%ED%8B%B0-%EB%8C%84%EB%93%9C%EB%9F%AC%ED%94%84-%EC%83%B4%ED%91%B8-360ml/159,https://treecell.co.kr/web/product/big/202507/25a840bc06fbbc0bd4fb0d8f8fd717ca.jpg,P00257_source.jpg,P00257_clean.png,P00257_final.webp,brand_official,verified_product,processed_needs_review,candidate_pass,https://drive.google.com/file/d/1Ol-oD7vtbsuGGyd0Ptgybe53lshAAWy4/view?usp=drivesdk,,https://drive.google.com/file/d/1zRU7nY5xGtCB0LGZVA23Gsi83MdwnbZu/view?usp=drivesdk,contact-sheet passed: single-product catalog candidate
P00258,후시다인,더마 트러블 징크 카밍 선크림 [SPF50+/PA++++],,https://images.unpa.me/2002612,P00258_source.webp,P00258_clean.png,P00258_final.webp,review_retailer,verified_product,processed_needs_review,candidate_pass,https://drive.google.com/file/d/160gpMaTrLC1Z29bA3mbQ3sNP4BPjsNnq/view?usp=drivesdk,,https://drive.google.com/file/d/1WcCKM4PWZg-9uXCoWGzHzI7sfR2gZEye/view?usp=drivesdk,second contact-sheet passed: single-product catalog candidate
P00259,바닐라코,클린 잇 제로 클렌징밤 [오리지널],https://banila.com/product/detail.html?cate_no=220&display_group=1&product_no=669,https://misora.md/wp-content/uploads/2023/07/Banila_Co_Clean_It_Zero_Cleansing_Balm_Original_180ml-600x600.png,P00259_source.png,P00259_clean.png,P00259_final.webp,individual_image_search,verified_product,processed_needs_review,candidate_pass,https://drive.google.com/file/d/1-IGErB3cdT5J23OwFdPKV-PCZ-UTyOOd/view?usp=drivesdk,,https://drive.google.com/file/d/1AErWbiIGeYPKaQzJLPifUv1IpfguBq-g/view?usp=drivesdk,individual search candidate 2 passed visually
P00260,센텔리안24,마데카크림 타임리버스,https://m.edkshop.com/skin-mobile3/product/%EB%A7%88%EB%8D%B0%EC%B9%B4%ED%81%AC%EB%A6%BC-%ED%83%80%EC%9E%84%EB%A6%AC%EB%B2%84%EC%8A%A4-50ml/1120/display/23/,https://m.edkshop.com/web/product/big/dmain/P0000BRC.png,P00260_source.png,P00260_clean.png,P00260_final.webp,brand_official,verified_product,processed_needs_review,candidate_pass,https://drive.google.com/file/d/1nghlYAuVebqU6WeHXlwwcK7Vf4Z26iHK/view?usp=drivesdk,,https://drive.google.com/file/d/1o_yQAp7QkXb0EZ2TXq8P7Ov8yMBrx6w5/view?usp=drivesdk,contact-sheet passed: single-product catalog candidate
P00261,일루미엘,물결 수분 네모패드,https://illumiel.cafe24.com/skin-skin2/product/%EC%9D%BC%EB%A3%A8%EB%AF%B8%EC%97%98-%EB%AC%BC%EA%B2%B0-%EC%88%98%EB%B6%84-%EB%84%A4%EB%AA%A8%ED%8C%A8%EB%93%9C-60%EB%A7%A4/23/,https://dn5hzapyfrpio.cloudfront.net/product/cb8/cb874ed0-01dc-11ef-af73-3fe5495c3241.jpeg,P00261_source.jpg,P00261_clean.png,P00261_final.webp,review_retailer,verified_product,processed_needs_review,candidate_pass,https://drive.google.com/file/d/1jHzF3qJ5E-3xo9d8qYPdGXEQkta_AbMj/view?usp=drivesdk,,https://drive.google.com/file/d/114EQHDvfeaCCneaIDgnt4NTfB-J367d7/view?usp=drivesdk,second contact-sheet passed: single-product catalog candidate
P00262,믹순,콩 에센스,https://mixsoon.co.kr/product/detail.html?product_no=447,https://mixsoon.co.kr/web/product/big/202607/39e6e09ff260f2f73c4fda4afef0337d.jpg,P00262_source.jpg,P00262_clean.png,P00262_final.webp,brand_official,verified_product,processed_needs_review,candidate_pass,https://drive.google.com/file/d/1JDepPHCKADOiGATQfRdI5uQxPDqEyS33/view?usp=drivesdk,,https://drive.google.com/file/d/1krMAxfskT9s4RSV3Pu3mwh6FwPFKLV2d/view?usp=drivesdk,contact-sheet passed: single-product catalog candidate
P00263,에이프릴스킨,핑크알로에 머랭솝,https://aprilskin.com/product/detail.html?cate_no=45&display_group=1&product_no=1304,https://img.echosting.cafe24.com/skin/base_ko_KR/product/btn_product_zoom.gif,P00263_source.gif,P00263_clean.png,P00263_final.webp,brand_official,verified_product,processed_needs_review,candidate_pass,https://drive.google.com/file/d/1lfvoegZ9JzAQkcAUTDfepjd3GmeYzuwv/view?usp=drivesdk,,https://drive.google.com/file/d/1dX1bn2RIl8pfkoIvtvqeCdeKYskgV1G_/view?usp=drivesdk,contact-sheet passed: single-product catalog candidate
P00264,제로이드,인텐시브 SOS 플러스 밤,,https://thumbnail.coupangcdn.com/thumbnails/remote/492x492ex/image/vendor_inventory/620e/1c40fa7709b64e947212fdab8a65448df83a44fe3fab7ca251bdc45a7649.jpg,P00264_source.jpg,P00264_clean.png,P00264_final.webp,individual_image_search,verified_product,processed_needs_review,candidate_pass,https://drive.google.com/file/d/123efheO_iVRtzt6KYkrdFe8BFNxadgzY/view?usp=drivesdk,,https://drive.google.com/file/d/1Y1hFpnFAiLJJB4h0nSc46wvxZE4WXBto/view?usp=drivesdk,individual search candidate 3 passed visually
P00265,아임프롬,피그 엔자임 파우더 클렌저,https://imfrom.co.kr/product/%ED%94%BC%EA%B7%B8-%EC%97%94%EC%9E%90%EC%9E%84-%ED%8C%8C%EC%9A%B0%EB%8D%94-%ED%81%B4%EB%A0%8C%EC%A0%80/206,https://dn5hzapyfrpio.cloudfront.net/product/aaa/aaa56370-edd4-11ef-b16f-9bfd76b6b7b0.jpeg,P00265_source.jpg,P00265_clean.png,P00265_final.webp,review_retailer,verified_product,processed_needs_review,candidate_pass,https://drive.google.com/file/d/1ytL76vgx7jt6UyCmKWLKbBnzYEwTcHoS/view?usp=drivesdk,,https://drive.google.com/file/d/1tGrpt_vMemrDNe7sUBJ8o5x-gkya7oXI/view?usp=drivesdk,second contact-sheet passed: single-product catalog candidate
P00266,셀인샷,EGF 알란테놀 리페어 크림,https://cellinshot.com/product/%EC%85%80%EC%9D%B8%EC%83%B7-egf-%EC%95%8C%EB%9E%80%ED%85%8C%EB%86%80-%EB%A6%AC%ED%8E%98%EC%96%B4-%ED%81%AC%EB%A6%BC/24/category/24/display/1/,https://images.unpa.me/1618956,P00266_source.webp,P00266_clean.png,P00266_final.webp,review_retailer,verified_product,processed_needs_review,candidate_pass,https://drive.google.com/file/d/1Rg-GRNWolEjZPLljjkMmZfX6KaSH0g0r/view?usp=drivesdk,,https://drive.google.com/file/d/1B22DjnpP18Deanpu0Zq0u-lBpI1irIzQ/view?usp=drivesdk,second contact-sheet passed: single-product catalog candidate
P00267,더메디닥터,데이앤블루 UV 선미스트 [SPF50+/PA++++],https://themedidr.co.kr/m/product/product_view.html?prdcode=2405090001,https://images.unpa.me/1700487,P00267_source.webp,P00267_clean.png,P00267_final.webp,review_retailer,verified_product,processed_needs_review,candidate_pass,https://drive.google.com/file/d/10ydUy5gTp3WgpnAxg9u4d9oMD1p5V3gJ/view?usp=drivesdk,,https://drive.google.com/file/d/1cNqDQT5ugryEZcdRGjQqIVLjbw4PmmoS/view?usp=drivesdk,second contact-sheet passed: single-product catalog candidate
P00268,그린핑거,판테딘 엠디 더마 수딩젤,https://www.momq.co.kr/m/product.html?GfDT=bm56W1U%3D&branduid=29303&cur_code=&mcode=003&scode=018&sort=&type=&xcode=001,https://cdn.momq.co.kr/product/29303/29303x2_20260227111507059.jpg,P00268_source.jpg,P00268_clean.png,P00268_final.webp,brand_official,verified_product,processed_needs_review,candidate_pass,https://drive.google.com/file/d/1CNtb7ZyyvdFLHn1JbIzSiBZ6KvLj4Qg5/view?usp=drivesdk,,https://drive.google.com/file/d/1CZavbG4wbuGgIhm1UOQAmnNgE_GY2lua/view?usp=drivesdk,contact-sheet passed: single-product catalog candidate
P00269,스트라이덱스,맥스플러스 패드,,https://dn5hzapyfrpio.cloudfront.net/product/b47/b47bbc90-44a7-11ef-8b4e-435be94cdded.jpeg,P00269_source.jpg,P00269_clean.png,P00269_final.webp,review_retailer,verified_product,processed_needs_review,candidate_pass,https://drive.google.com/file/d/1gQeCRgLpmi8SusyUI8no8DBBo6hG5Xir/view?usp=drivesdk,,https://drive.google.com/file/d/1WH265qRpZqdeP2-QkpJrDF14RluVjjqy/view?usp=drivesdk,second contact-sheet passed: single-product catalog candidate
P00270,볼라보,피니쉬 랩핑 겔,,https://cdn.daisomall.co.kr/file/PD/20231130/CNeG1zRpt0YSvq1y5idv93950_00_00CNeG1zRpt0YSvq1y5idv.jpg/dims/resize/750/optimize,P00270_source.webp,P00270_clean.png,P00270_final.webp,individual_image_search,verified_product,processed_needs_review,candidate_pass,https://drive.google.com/file/d/18jdCLIlswTR6tC45Bderf0s8bzsZ90qH/view?usp=drivesdk,,https://drive.google.com/file/d/1gxzjeRDDvCupWJjWCyulJZLoUB0ZEzbr/view?usp=drivesdk,individual search candidate 3 passed visually
P00271,롬앤,누 제로 쿠션 [SPF24/PA++] [03 내추럴21],https://romand.co.kr/product/maincatedetail.html?cate_code=286,https://static.beautytocare.com/media/catalog/product/r/o/romand-nu-zero-cushion-spf24-03-natural21-15g.jpg,P00271_source.jpg,P00271_clean.png,P00271_final.webp,individual_image_search,verified_product,processed_needs_review,candidate_pass,https://drive.google.com/file/d/1PcWCC8WJifbJ80qQE3KiySthmKo7zOru/view?usp=drivesdk,,https://drive.google.com/file/d/14AtXu480IhsRja38dP9_Ie0CUjCLeFGY/view?usp=drivesdk,individual search candidate 1 passed visually
P00272,메디큐브,엑소좀시카 진정 패드,https://themedicube.co.kr/product/%EC%97%91%EC%86%8C%EC%A2%80-%EC%8B%9C%EC%B9%B4-%EC%9A%94%EC%B2%A0-%EC%A7%84%EC%A0%95%ED%8C%A8%EB%93%9C/1815,https://boniik.com.au/cdn/shop/files/MEDICUBEExosomeCicaCalmingPad4.png?v=1756259606&width=800,P00272_source.webp,P00272_clean.png,P00272_final.webp,individual_image_search,verified_product,processed_needs_review,candidate_pass,https://drive.google.com/file/d/1ZrrxRzWcjyH0A7kr6driZGmzDKSFA_7Z/view?usp=drivesdk,,https://drive.google.com/file/d/1VEykgheXYBH2wXCh6XioYKdDDlbqFZEh/view?usp=drivesdk,individual search candidate 1 passed visually
P00273,바이오더마,시카비오 크림+,https://m.naosmall.kr/skin-skin2/product/detail.html?cate_no=71&display_group=1&product_no=1048,https://dn5hzapyfrpio.cloudfront.net/product/f73/f7356730-6fe9-11ef-9d07-156ae7cfdcb5.jpeg,P00273_source.jpg,P00273_clean.png,P00273_final.webp,review_retailer,verified_product,processed_needs_review,candidate_pass,https://drive.google.com/file/d/1oUCNjHg5Ht3rT7MrNa8ivg754WtNCAxp/view?usp=drivesdk,,https://drive.google.com/file/d/1x9sbGxHRJ-LYOmFyfeLzhn81F2AZkMDa/view?usp=drivesdk,second contact-sheet passed: single-product catalog candidate
P00274,르메이엘,쿨링 앤 카밍 아이싱랩,,https://dn5hzapyfrpio.cloudfront.net/product/74e/74e321a0-4b4e-11f0-bb81-b953c412263a.jpeg,P00274_source.jpg,P00274_clean.png,P00274_final.webp,review_retailer,verified_product,processed_needs_review,candidate_pass,https://drive.google.com/file/d/1r1e4tw4gp5mkwPDKmDd-zRJfFm665jSD/view?usp=drivesdk,,https://drive.google.com/file/d/1skYxeoRRBra9vX0jHL8D9q2px674iikG/view?usp=drivesdk,second contact-sheet passed: single-product catalog candidate
P00275,레이어랩,니오좀 판테놀 5% 세럼,https://www.layerlab.co.kr/product/%EC%9E%AC%EA%B5%AC%EB%A7%A4-1%EC%9C%84-%EB%8B%88%EC%98%A4%EC%A2%80-%ED%8C%90%ED%85%8C%EB%86%80-5-%EC%84%B8%EB%9F%BC-50ml/141/,https://media.bunjang.co.kr/product/386977388_1_1770173910_w%7Bres%7D.jpg,P00275_source.webp,P00275_clean.png,P00275_final.webp,individual_image_search,verified_product,processed_needs_review,candidate_pass,https://drive.google.com/file/d/14RxuFxgn3f8rs1ZnG4EWlXQNnFa2vgwW/view?usp=drivesdk,,https://drive.google.com/file/d/1ZTA7L6WUgK3PIUpK6j-SIzZe4HD9Ue25/view?usp=drivesdk,individual search candidate 1 passed visually
P00276,아누아,어성초 77 수딩 토너,https://anua.kr/product/detail.html?cate_no=84&display_group=1&product_no=496,https://anua.kr/web/product/tiny/202602/e15874e700d653a22e0ca3f170663c21.png,P00276_source.png,P00276_clean.png,P00276_final.webp,review_retailer,verified_product,processed_needs_review,candidate_pass,https://drive.google.com/file/d/1gfirh33lXYmbdMllwRRQjY-y7QyxwpZR/view?usp=drivesdk,,https://drive.google.com/file/d/1SJgnwrzoZDLULQ6kzxCQMDYjEH1bcXAS/view?usp=drivesdk,second contact-sheet passed: single-product catalog candidate
P00277,바이오던스,리프레싱 씨 켈프 리얼 딥 마스크,https://m.biodance.co.kr/product/detail.html?product_no=368,https://dayjsrwbk0r7f.cloudfront.net/creative/brand-mall/biodance/sea_kelp_mask_01.jpg,P00277_source.jpg,P00277_clean.png,P00277_final.webp,exact_product_source,verified_product,processed_needs_review,candidate_pass,https://drive.google.com/file/d/1zhjBemUIDOaRX4c-0f3Fav4swQngcNHH/view?usp=drivesdk,,https://drive.google.com/file/d/1S42-rXd9C4OHCQ0Hw5o4oMb76lxV8UFB/view?usp=drivesdk,targeted exact product source accepted
P00278,식물나라,워터프루프 선 스프레이 [SPF50+/PA++++],,https://img.hwahae.co.kr/reviews/9393588/9393588_0_0.png,P00278_source.png,P00278_clean.png,P00278_final.webp,individual_image_search,verified_product,processed_needs_review,candidate_pass,https://drive.google.com/file/d/1h-zlr3H9W9kG3qRfzCaqj1TDJqsKYb-3/view?usp=drivesdk,,https://drive.google.com/file/d/14-rN-I-JlmXQI-Vj2Sfjh-MUSIHRjRv-/view?usp=drivesdk,individual search candidate 1 passed visually
P00279,노일리,블랙헤드 슬라임 효소클렌저,https://noily.kr/product/%241/66/,https://img.hwahae.co.kr/reviews/10700106/10700106_0_0.png,P00279_source.jpg,P00279_clean.png,P00279_final.webp,individual_image_search,verified_product,processed_needs_review,candidate_pass,https://drive.google.com/file/d/1DcnoAdMBYvl16zwskqSAhmzfNjTsuSQh/view?usp=drivesdk,,https://drive.google.com/file/d/1dlnF9mrTXHx4GYxS6sSaMLFA2GobAvs-/view?usp=drivesdk,individual search candidate 1 passed visually
P00280,피캄,시카락토 엑소좀 45 슬리핑 마스크,https://m.pcalm.co.kr/product/%ED%94%BC%EC%BA%84-%EC%8B%9C%EC%B9%B4%EB%9D%BD%ED%86%A0-%EC%97%91%EC%86%8C%EC%A2%80-45-%EC%8A%AC%EB%A6%AC%ED%95%91-%EB%A7%88%EC%8A%A4%ED%81%AC/907/category/1/display/3/,https://m.pcalm.co.kr/web/product/big/202606/c94da0a2788b9aa3de83767450871cde.jpg,P00280_source.jpg,P00280_clean.png,P00280_final.webp,brand_official,verified_product,processed_needs_review,candidate_pass,https://drive.google.com/file/d/1jXggWI_FUt10A7ZDEzWN2N6HVc6mKJB5/view?usp=drivesdk,,https://drive.google.com/file/d/1HfWdfOPkV-ccVLZCker5pqHPiqHO9mlo/view?usp=drivesdk,contact-sheet passed: single-product catalog candidate
P00281,텐제로,핑크 히알루론산 나이아신아마이드 세럼 하트 패드,https://tenzero.co.kr/product/%EC%97%90%EC%84%BC%EC%8A%A4-%ED%95%98%ED%8A%B8-%ED%8C%A8%EB%93%9C-2%EC%A2%85-%ED%83%9D1/377,https://tenzero.co.kr/web/product/big/202602/5d34b8fc805f4e72481466abbaf1e928.jpg,P00281_source.jpg,P00281_clean.png,P00281_final.webp,brand_official,verified_product,processed_needs_review,candidate_pass,https://drive.google.com/file/d/1RNiqngeqpDtXco2s8qWOQALl11VZmLlK/view?usp=drivesdk,,https://drive.google.com/file/d/1rRFRLmTYc_F_Y3WIM7VVaSyalcE24Yay/view?usp=drivesdk,contact-sheet passed: single-product catalog candidate
P00282,모토몬트,밀크티 미스트,https://motomont.kr/afternoon/?idx=22,https://img.hwahae.co.kr/commerce/goods/20250124_175630_%E1%84%92%E1%85%AA%E1%84%92%E1%85%A2%20%E1%84%8A%E1%85%A5%E1%86%B7%E1%84%82%E1%85%A6%E1%84%8B%E1%85%B5%E1%86%AF.png,P00282_source.png,P00282_clean.png,P00282_final.webp,exact_product_source,verified_product,processed_needs_review,candidate_pass,https://drive.google.com/file/d/1BWvEy02OgI4BgHdUcZpckyaL_fNgEZFf/view?usp=drivesdk,,https://drive.google.com/file/d/1w42iGr1SAI_LpZNtPB9d4iVVAJWJ3A4O/view?usp=drivesdk,targeted exact product source accepted
P00283,아누아,PDRN 히알루론산 100 수분 크림,https://m.anua.kr/product/pdrn-%ED%9E%88%EC%95%8C%EB%A3%A8%EB%A1%A0%EC%82%B0-100-%EC%88%98%EB%B6%84-%ED%81%AC%EB%A6%BC/402/,https://sublime.md/files/products/lg/714a8ccf-cd88-4c80-a235-b90345bb5542.jpg,P00283_source.jpg,P00283_clean.png,P00283_final.webp,individual_image_search,verified_product,processed_needs_review,candidate_pass,https://drive.google.com/file/d/1JV03p7xLEqP2Kk5tiAowqrSxH2LbMBWw/view?usp=drivesdk,,https://drive.google.com/file/d/1INoVKq75fTPB9s8nMxK--6XcjOmgkd6d/view?usp=drivesdk,individual search candidate 2 passed visually
P00284,파우치24,퀸즈 밤,https://pouchtwentyfour.com/product/%ED%80%B8%EC%A6%88%EB%B0%A4%C2%B7%EC%82%AC%ED%8C%8C%EC%9D%B4%EC%96%B4%EB%B8%94%EB%A3%A8/14,https://ecimg.cafe24img.com/pg1330b59138465001/pouch240805/web/product/big/20250903/f8a0ee6441731557a0906fae80be9eb3.png,P00284_source.png,P00284_clean.png,P00284_final.webp,brand_official,verified_product,processed_needs_review,candidate_pass,https://drive.google.com/file/d/1SL75eFDdCx6LpSIVhBRtR9lTfekotRsj/view?usp=drivesdk,,https://drive.google.com/file/d/1VYq-fmeuY5YMRLVAyN_NO87Yxycz800n/view?usp=drivesdk,contact-sheet passed: single-product catalog candidate
P00285,지피덤,EGF 스킨 베리어 크림 토너,,https://images-cdn.ubuy.co.in/696270cabf1c35ecdf034268-zipiderm-egf-skin-barrier-cream-toner.jpg,P00285_source.jpg,P00285_clean.png,P00285_final.webp,individual_image_search,verified_product,processed_needs_review,candidate_pass,https://drive.google.com/file/d/1BZvLT16FsRs5jH9riAN4ewG876VQangT/view?usp=drivesdk,,https://drive.google.com/file/d/1tqBvDasY5SmuxAeQS4tfLtvBC1z1nLVm/view?usp=drivesdk,individual search candidate 2 passed visually
P00286,일리윤,세라마이드 아토 로션,https://illiyoon.com/skin-skin3/product/%EC%9D%BC%EB%A6%AC%EC%9C%A4-%EC%84%B8%EB%9D%BC%EB%A7%88%EC%9D%B4%EB%93%9C-%EC%95%84%ED%86%A0-%EB%A1%9C%EC%85%98-350ml-2%EC%9E%85/263/display/1/,https://images.unpa.me/1621960,P00286_source.webp,P00286_clean.png,P00286_final.webp,review_retailer,verified_product,processed_needs_review,candidate_pass,https://drive.google.com/file/d/14h9z8xW2LdR98AZnwylgtUQ_icKLKZtr/view?usp=drivesdk,,https://drive.google.com/file/d/1HyqkM8b4yePds-lUT8i6rnkK3KT5PZVu/view?usp=drivesdk,second contact-sheet passed: single-product catalog candidate
P00287,메디큐브,PDRN 겔 패드,https://themedicube.co.kr/product/%EC%95%84%EC%9D%B4%EB%8F%8C-pick-pdrn-%EA%B2%94-%ED%8C%A8%EB%93%9C-70%EB%A7%A4/2487/category/1/display/23/,https://images.unpa.me/1848155,P00287_source.webp,P00287_clean.png,P00287_final.webp,review_retailer,verified_product,processed_needs_review,candidate_pass,https://drive.google.com/file/d/1bGARNcx02Cfgev7lpXqBqJZWhvwTQ9UG/view?usp=drivesdk,,https://drive.google.com/file/d/13AX0dpZfAFnWAfJdiuhlOcezrgf2rFqz/view?usp=drivesdk,second contact-sheet passed: single-product catalog candidate
P00288,스탠다드서울,배리어 글래스 겔 크림,,https://dn5hzapyfrpio.cloudfront.net/product/23c/23c52820-03b6-11f0-80c3-f3f4a2e2589a.jpeg,P00288_source.jpg,P00288_clean.png,P00288_final.webp,review_retailer,verified_product,processed_needs_review,candidate_pass,https://drive.google.com/file/d/13SB2DYraXq5_WtIvR56aXmUMpV1id0PH/view?usp=drivesdk,,https://drive.google.com/file/d/16LtrvmyCTAfzqCDXzMjlXGktbWLCZzdf/view?usp=drivesdk,second contact-sheet passed: single-product catalog candidate
P00289,스미브,락토바이오 염색 샴푸 [블랙],https://smib.kr/product/%EC%8A%A4%EB%AF%B8%EB%B8%8C-%EB%9D%BD%ED%86%A0%EB%B0%94%EC%9D%B4%EC%98%A4-%EC%97%BC%EC%83%89-%EC%83%B4%ED%91%B8/439/,https://cdn.011st.com/11dims/resize/600x600/quality/75/11src/cat/25/8/6/5/3/8/1/LCdeS/496865381_1.webp,P00289_source.webp,P00289_clean.png,P00289_final.webp,individual_image_search,verified_product,processed_needs_review,candidate_pass,https://drive.google.com/file/d/1S3RtBDJqxyrakgo3xN8FEjV48c20gYKr/view?usp=drivesdk,,https://drive.google.com/file/d/1A2MF23ZaV-YryTVrPelt6B0lDePUOBYt/view?usp=drivesdk,individual search candidate 1 passed visually
P00290,달바,비타 토닝 세럼 로션,https://www.dalba.co.kr/goods/goods_view.php?goodsNo=1000000584,https://dn5hzapyfrpio.cloudfront.net/product/23d/23d354a0-18cd-11f0-baf6-47f9fe6bdd46.jpeg?w=426,P00290_source.jpg,P00290_clean.png,P00290_final.webp,review_retailer,verified_product,processed_needs_review,candidate_pass,https://drive.google.com/file/d/1f0bMalDcvOTumZvYz3WHW9uCfUUEeWAb/view?usp=drivesdk,,https://drive.google.com/file/d/1UzPXfHDt24RUQUUhCKCe-P4SYeKXiuOq/view?usp=drivesdk,second contact-sheet passed: single-product catalog candidate
P00291,낫씨백,엔에스비케이 핑크 알로에 폼 클렌저,,https://img.hwahae.co.kr/products/2139638/2139638_20250423111058.jpg,P00291_source.jpg,P00291_clean.png,P00291_final.webp,hwahae_global,verified_product,processed_needs_review,candidate_pass,https://drive.google.com/file/d/17F0WyebA4jSoKBjzcwymHla_or76w95Q/view?usp=drivesdk,,https://drive.google.com/file/d/1hXid8Seov3fKxcRIfBKgcERGg9ca0I9q/view?usp=drivesdk,individual search final candidate passed visually
P00292,낫씨백,엔에스비케이 핑크 알로에 수딩 젤,,https://dn5hzapyfrpio.cloudfront.net/product/58c/58cbf7b0-5640-11eb-a50a-9bc4f44a6b5d.jpeg?w=426,P00292_source.jpg,P00292_clean.png,P00292_final.webp,review_retailer,verified_product,processed_needs_review,candidate_pass,https://drive.google.com/file/d/1w9QClQyA6zTq_-ySKrO5hPOMg0ReNRCJ/view?usp=drivesdk,,https://drive.google.com/file/d/1CfoQTtU65XwSuFY2AbUZ6mXNzPhtnCia/view?usp=drivesdk,second contact-sheet passed: single-product catalog candidate
P00293,시드물,알로에 에센셜 수딩 마스크시트팩,,https://mblogthumb-phinf.pstatic.net/MjAyMTA2MzBfMTM2/MDAxNjI0OTg1NDg5MTgw.ZoMQsdtGQeQhQUFshccR8BF48nJhSP3RPXOLMWDhoI8g.spLvZpdW2Yae62g1Kq3vW50ARizxFYr1YYSSR4HqAN0g.JPEG.gyuna96/output_3675852318.jpg?type=w800,P00293_source.jpg,P00293_clean.png,P00293_final.webp,individual_image_search,verified_product,processed_needs_review,candidate_pass,https://drive.google.com/file/d/1xB4gAWrB2Lm2StH9PxvWETmxJENK1dtU/view?usp=drivesdk,,https://drive.google.com/file/d/1nL29cCxkPQGgYexP2s3ft_gFD8Of_OY4/view?usp=drivesdk,individual search candidate 1 passed visually
P00294,비플레인,녹두 모공 클리어링 필터 패드,https://www.beplain.co.kr/m/product.html?GfDT=Z213UQ%3D%3D&branduid=10739162&cur_code=016009&mcode=009&scode=003&search=&sort=manual&type=Y&xcode=016,https://dn5hzapyfrpio.cloudfront.net/product/4cd/4cd4c640-39fc-11f0-af42-b7f33dc4a912.jpeg,P00294_source.jpg,P00294_clean.png,P00294_final.webp,review_retailer,verified_product,processed_needs_review,candidate_pass,https://drive.google.com/file/d/1oARnvBFD1Uh59FAx0HM7u4JwiAyeihtf/view?usp=drivesdk,,https://drive.google.com/file/d/1fsX0aI3XmU9YAFb0S632LA_7g06ud8NT/view?usp=drivesdk,second contact-sheet passed: single-product catalog candidate
P00295,식물나라,뽀얀쌀 생기 톤업 선쿠션 [SPF50+/PA++++] [02 생기 피치],,https://thumbnail.coupangcdn.com/thumbnails/local/q-1/image2/PRODUCTREVIEW/202405/21/8683072997636843682/5ab3c410-2bf1-4bf9-b468-840967f76ec8.jpg,P00295_source.jpg,P00295_clean.png,P00295_final.webp,review_retailer,verified_product,processed_needs_review,candidate_pass,https://drive.google.com/file/d/14sfQo8fbdDFgk_ifNaLIvus3Amtb4Osn/view?usp=drivesdk,,https://drive.google.com/file/d/1RDXNaJqb4jRQf8ZjiJy6ErlUr6yYn8zN/view?usp=drivesdk,second contact-sheet passed: single-product catalog candidate
P00296,오르제나,라하 올 멜팅 클렌징밤,https://www.orjena.co.kr/product/cleansingbalm,https://dn5hzapyfrpio.cloudfront.net/product/234/23448ed0-0619-11f0-8cce-ede3e4009ef4.jpeg,P00296_source.jpg,P00296_clean.png,P00296_final.webp,review_retailer,verified_product,processed_needs_review,candidate_pass,https://drive.google.com/file/d/1p0m1qZpXbw1BqnWSnYFNpn1X_36a8dz8/view?usp=drivesdk,,https://drive.google.com/file/d/1hCpoxDdwxhGJ7CjbXUhwk3AgoFzYrqGd/view?usp=drivesdk,second contact-sheet passed: single-product catalog candidate
P00297,마미케어,애사비 클렌저,https://mommy-care.co.kr/product/%EC%95%A0%EC%82%AC%EB%B9%84-%ED%81%B4%EB%A0%8C%EC%A0%80/1090/category/242/display/1/,https://mommy-care.co.kr/web/product/big/202512/601609c016035ee08efcf9331cc82207.jpg,P00297_source.jpg,P00297_clean.png,P00297_final.webp,brand_official,verified_product,processed_needs_review,candidate_pass,https://drive.google.com/file/d/1RkocCgrYVfq6QGoD_mr1zzvVKwxxsIN6/view?usp=drivesdk,,https://drive.google.com/file/d/1SDIpa3Vt7LvXRFPYkFGxML7Yqwx_kdYY/view?usp=drivesdk,contact-sheet passed: single-product catalog candidate
P00298,아르히,스피큘 두피 앰플,https://arhee.co.kr/product/%EC%8A%A4%ED%94%BC%ED%81%98-%EB%91%90%ED%94%BC-%EC%95%B0%ED%94%8C/26/,https://arhee.co.kr/web/product/big/202603/756eb563d9c2aa7be6376a3fefc5e85a.png,P00298_source.png,P00298_clean.png,P00298_final.webp,brand_official,verified_product,processed_needs_review,candidate_pass,https://drive.google.com/file/d/1OqZiEOXSKd5Uh5zJcJa6g6v0PUKzVL81/view?usp=drivesdk,,https://drive.google.com/file/d/1pTa7KFBDZ1R7G_vAw5VSFWpbA4px3oRN/view?usp=drivesdk,contact-sheet passed: single-product catalog candidate
P00299,말따,콜라겐 안티세범피 하이드로겔 오버나이트 마스크 앤 부스터샷,,https://ecimg.cafe24img.com/pg1906b59399295023/maldda/web/product/medium/20250627/3c53c280b06b953110d82ccf04c770d1.jpg,P00299_source.jpg,P00299_clean.png,P00299_final.webp,exact_product_source,verified_product,processed_needs_review,candidate_pass,https://drive.google.com/file/d/1GtSxhRGNnG4_esNQRx2xxlZSIeuPwgJP/view?usp=drivesdk,,https://drive.google.com/file/d/1LSziM4RW1oLhDuuQuENQjuardB4K2Dbr/view?usp=drivesdk,targeted exact product source accepted
P00300,큐어알파,알로에시카 수딩젤,,https://cdn.011st.com/11dims/resize/600x600/quality/75/11src/cat/25/5/6/0/0/4/7/BPvjr/462560047_1.jpg,P00300_source.jpg,P00300_clean.png,P00300_final.webp,individual_image_search,verified_product,processed_needs_review,candidate_pass,https://drive.google.com/file/d/1zJu2v-ezMszIc0OSTj5ba9yNUfwlgtxN/view?usp=drivesdk,,https://drive.google.com/file/d/15aag7i5uyfkx7qr49tcz9LLnIvH9ZdJY/view?usp=drivesdk,individual search candidate 2 passed visually
P00301,풀리,쌀 반죽 팩 클렌저,https://full-y.co.kr/product/detail.html?product_no=132&cate_no=1&display_group=2,https://full-y.co.kr/web/product/big/202512/cb1d20afc3fc158fb42d36d79ead5fbc.jpg,P00301_source.jpg,P00301_clean.png,P00301_final.webp,brand_official,verified_product,processed_needs_review,candidate_pass,https://drive.google.com/file/d/1WgeGqN7GTjvR5k8_1yDjOUZTPRvdCBm4/view?usp=drivesdk,,https://drive.google.com/file/d/1CeuMyc-GEtIepRZu50bXh6efHY9METxm/view?usp=drivesdk,contact-sheet passed: single-product catalog candidate
P00302,바이오던스,포어 퍼펙팅 콜라겐 펩타이드 세럼,https://m.biodance.co.kr/product/%ED%8F%AC%EC%96%B4-%ED%8D%BC%ED%8E%99%ED%8C%85-%EC%BD%9C%EB%9D%BC%EA%B2%90-%ED%8E%A9%ED%83%80%EC%9D%B4%EB%93%9C-%EC%84%B8%EB%9F%BC-30ml/410/,https://images.unpa.me/1688771,P00302_source.webp,P00302_clean.png,P00302_final.webp,review_retailer,verified_product,processed_needs_review,candidate_pass,https://drive.google.com/file/d/1Fi-tgYPEVapxHjmqa8h5TWmU4KFi-JKO/view?usp=drivesdk,,https://drive.google.com/file/d/1fozmDZH7vmWhd6s4HHwTPfOxinyMu9AN/view?usp=drivesdk,second contact-sheet passed: single-product catalog candidate
P00303,아브카,딥 모이스처 세라마이드 크림 토너,https://www.avca.co.kr/product/%EC%95%84%EB%B8%8C%EC%B9%B4-%EB%94%A5-%EB%AA%A8%EC%9D%B4%EC%8A%A4%EC%B2%98-%EC%84%B8%EB%9D%BC%EB%A7%88%EC%9D%B4%EB%93%9C-%ED%81%AC%EB%A6%BC-%EB%8C%80%EC%9A%A9%EB%9F%89-%ED%86%A0%EB%84%88-1000ml/256/,https://ecimg.cafe24img.com/pg155b20638708057/avca/web/product/big/20251209/379867059040dacbc97cf1e686f9db9d.png,P00303_source.png,P00303_clean.png,P00303_final.webp,brand_official,verified_product,processed_needs_review,candidate_pass,https://drive.google.com/file/d/1urWMyqs7-jw8p-sb_gFVGKm8faijJ957/view?usp=drivesdk,,https://drive.google.com/file/d/1D3HMi9soLyLtfV8ZzbCC7tY3C4TCGm-o/view?usp=drivesdk,contact-sheet passed: single-product catalog candidate
P00304,피체,로즈 립 클레이팩 클렌저,https://peacheskin.com/product/%ED%94%BC%EC%B2%B4peache-%EB%A1%9C%EC%A6%88-%EB%A6%BD-%ED%81%B4%EB%A0%88%EC%9D%B4%ED%8C%A9-%ED%81%B4%EB%A0%8C%EC%A0%80-120ml/30/,https://dn5hzapyfrpio.cloudfront.net/product/a19/a19dc900-fb3b-11f0-8c6b-e15bbafefb44.jpeg?w=426,P00304_source.jpg,P00304_clean.png,P00304_final.webp,review_retailer,verified_product,processed_needs_review,candidate_pass,https://drive.google.com/file/d/1qOxdmgsVAMpSgNsHLkwKLvvOo3F2TL_0/view?usp=drivesdk,,https://drive.google.com/file/d/18HpU_QZerFYyDLU6phWa3zB-JBVk4bxL/view?usp=drivesdk,second contact-sheet passed: single-product catalog candidate
P00305,브링그린,티트리 시카 수딩 토너,,https://gd.image-qoo10.jp/li/441/643/4436643441.jpg,P00305_source.jpg,P00305_clean.png,P00305_final.webp,individual_image_search,verified_product,processed_needs_review,candidate_pass,https://drive.google.com/file/d/1mWKcmd6dxr8AnG9xY3hqQWz8uVlzey6N/view?usp=drivesdk,,https://drive.google.com/file/d/1jNJIIgM2rNts0sLVdoLmO4_04ykMhgEK/view?usp=drivesdk,individual search candidate 1 passed visually
P00306,힌스,래디언스 메이크업 부스팅 프렙,https://hince.co.kr/product/%EB%9E%98%EB%94%94%EC%96%B8%EC%8A%A4-%EB%A9%94%EC%9D%B4%ED%81%AC%EC%97%85-%EB%B6%80%EC%8A%A4%ED%8C%85-%ED%94%84%EB%A0%99/1186/,https://hince.co.kr/web/product/big/202605/72003fb5c33659ed66914050b782c211.jpg,P00306_source.jpg,P00306_clean.png,P00306_final.webp,brand_official,verified_product,processed_needs_review,candidate_pass,https://drive.google.com/file/d/10NWE9ed4ziBtxlktz3vfmITF3c3X4V8w/view?usp=drivesdk,,https://drive.google.com/file/d/1zHUwqsToZiGgeGN_bkVVmVC_wuuvfaNe/view?usp=drivesdk,contact-sheet passed: single-product catalog candidate
P00307,토브토브,퍼펙트 콜라겐 마스크,,https://towbtowb.com/web/product/tiny/202510/c64be9d2a0748dfd8632701ad2151955.jpg,P00307_source.jpg,P00307_clean.png,P00307_final.webp,review_retailer,verified_product,processed_needs_review,candidate_pass,https://drive.google.com/file/d/1R4IUIkyY8pLgtGxbdPX2lCWpzpwzUdML/view?usp=drivesdk,,https://drive.google.com/file/d/1q1gzOlwx-rmpeV4B_S3P9erzKI85-mBd/view?usp=drivesdk,second contact-sheet passed: single-product catalog candidate
P00308,휩드,비건 팩클렌저 [무화버터],https://whipped.co.kr/product/%ED%9C%A9%EB%93%9C-%EB%AC%B4%ED%99%94%EB%B2%84%ED%84%B0-%EB%B9%84%EA%B1%B4-%ED%8C%A9%ED%81%B4%EB%A0%8C%EC%A0%80-130g/222,https://whipped.co.kr/web/product/big/202510/c01b4c9ad25f08de302b6db2c83bf7ff.jpg,P00308_source.jpg,P00308_clean.png,P00308_final.webp,brand_official,verified_product,processed_needs_review,candidate_pass,https://drive.google.com/file/d/1K8y-VVSCeKa-JxdiJOLayrx3s9CwC3KR/view?usp=drivesdk,,https://drive.google.com/file/d/1Uu7z5pfAPYEiSrLZEE-Cncqcp5rbli2l/view?usp=drivesdk,contact-sheet passed: single-product catalog candidate
P00309,블랑네이처,5배 고농축 매직 티트리 오일,https://m.blancnature.co.kr/product/detail.html?cate_no=45&display_group=1&product_no=12,https://cafe24img.poxo.com/fitskr12/web/product/extra/big/202511/f73b84383b78305ad29951ad772c43b9.jpg,P00309_source.jpg,P00309_clean.png,P00309_final.webp,individual_image_search,verified_product,processed_needs_review,candidate_pass,https://drive.google.com/file/d/1-WbwsEcQXTyje42d5a8E02qxWeR1y4Zg/view?usp=drivesdk,,https://drive.google.com/file/d/1VxV4sWq8wA93QVWGbd3aP0K8sASXwHiH/view?usp=drivesdk,individual search candidate 1 passed visually
P00310,에뛰드,진저슈가 립 세럼 [03 누디 베이지],,https://pbs.twimg.com/media/G6GIENMakAAUgiP.jpg,P00310_source.jpg,P00310_clean.png,P00310_final.webp,individual_image_search,verified_product,processed_needs_review,candidate_pass,https://drive.google.com/file/d/1lIxK6Sgl8tmuexvgPimJFM3Fjb-VS_zd/view?usp=drivesdk,,https://drive.google.com/file/d/1ohw0FAZbqams_vaLUNXSqiR6bAj08qud/view?usp=drivesdk,individual search candidate 1 passed visually
P00311,더레이디,포어 타이트닝 핑크톡스 클레이 마스크,,https://cafe24img.poxo.com/bibijeong/web/product/big/202509/4625eff06898111f0493d2c5acfb88f2.jpg,P00311_source.jpg,P00311_clean.png,P00311_final.webp,individual_image_search,verified_product,processed_needs_review,candidate_pass,https://drive.google.com/file/d/1ut1OsQZu4hVV-6jwBqkqmiPT-aRIwSoe/view?usp=drivesdk,,https://drive.google.com/file/d/1kktfVa0xol6veKwAJxkyU0mnx3Nayprg/view?usp=drivesdk,individual search candidate 2 passed visually
P00312,프롬메디,아줄렌 시카 카밍 마스크,https://m.frommedi.co.kr/product/%EC%8B%A0%EC%A0%9C%ED%92%88-%EC%95%84%EC%A4%84%EB%A0%8C-%EC%8B%9C%EC%B9%B4-%EC%B9%B4%EB%B0%8D-%EB%A7%88%EC%8A%A4%ED%81%AC/101/,https://dn5hzapyfrpio.cloudfront.net/product/3aa/3aa65230-d4d0-11f0-8109-afa2f49b847f.jpeg,P00312_source.jpg,P00312_clean.png,P00312_final.webp,review_retailer,verified_product,processed_needs_review,candidate_pass,https://drive.google.com/file/d/1vhHSOZD2da4hhkuXOCtAPT4X19T6C6uy/view?usp=drivesdk,,https://drive.google.com/file/d/1469L-85hJBgedM3mTR7dts3wxSw06uDk/view?usp=drivesdk,second contact-sheet passed: single-product catalog candidate
P00313,바이오지오,지오리페어 울트라 퍼밍 크림,https://biogio.co.kr/Ampoule_Cream/?idx=9,https://image.oliveyoung.co.kr/cfimages/cf-goods/uploads/images/thumbnails/10/0000/0021/A00000021272126ko.jpg?QT=85&SF=webp&l=ko&sharpen=1x0.5,P00313_source.webp,P00313_clean.png,P00313_final.webp,individual_image_search,verified_product,processed_needs_review,candidate_pass,https://drive.google.com/file/d/16U_ByTzOSVI8R3yI88IuXHdep4esQReo/view?usp=drivesdk,,https://drive.google.com/file/d/1kFFpT2ZsIzb7Xu_ya9pvskgnBUgS9JGn/view?usp=drivesdk,individual search candidate 3 passed visually
P00314,리슬로우,화이트 로터스 피디알엔 스프레이 세럼,,https://sitem.ssgcdn.com/98/91/22/item/1000554229198_i1_750.jpg,P00314_source.jpg,P00314_clean.png,P00314_final.webp,individual_image_search,verified_product,processed_needs_review,candidate_pass,https://drive.google.com/file/d/1qvfH5kie6KU2NToFB_5JBdhAwSB9wqV5/view?usp=drivesdk,,https://drive.google.com/file/d/14OywjaGuPhs6-5z_FxFJMYcslDxKZMqp/view?usp=drivesdk,individual search candidate 3 passed visually
P00315,따띠온,수분 레시피 저분자 히알루론산 세럼,https://ddaddion.com/surl/P/14,https://image.coupangcdn.com/image/retail/images/2023/11/06/18/6/cb8eaab1-eac0-45dd-9c2e-ca16ea9183f6.jpg,P00315_source.jpg,P00315_clean.png,P00315_final.webp,individual_image_search,verified_product,processed_needs_review,candidate_pass,https://drive.google.com/file/d/1ICMHhGBwwq3z5lKq3NPGhHW-LS_xYEJr/view?usp=drivesdk,,https://drive.google.com/file/d/11RZQijG6SmadLHMVlF3srVah-5dd5SKw/view?usp=drivesdk,individual search candidate 3 passed visually
P00316,에텔랑,센텔라 물 쿠션 [SPF50+/PA+++],https://etelanc.com/product/%EC%97%90%ED%85%94%EB%9E%91-%EC%84%BC%ED%85%94%EB%9D%BC-%EB%AC%BC-%EC%BF%A0%EC%85%98-%EC%84%B8%ED%8A%B8-33/740/,https://img.hwahae.co.kr/reviews/10732214/10732214_0_4.png,P00316_source.png,P00316_clean.png,P00316_final.webp,individual_image_search,verified_product,processed_needs_review,candidate_pass,https://drive.google.com/file/d/1MjmWbWusE6UIceeLXci9WzD2IUp_Fn7d/view?usp=drivesdk,,https://drive.google.com/file/d/1Jp76sZYlHX7E9CD-cO9WkEz8LEdD2Agc/view?usp=drivesdk,individual search candidate 1 passed visually
P00317,바이오코어,피부면역 유산균 캡슐,https://byocore.co.kr/product/cj-%EB%B0%94%EC%9D%B4%EC%98%A4%EC%BD%94%EC%96%B4-%ED%94%BC%EB%B6%80%EB%A9%B4%EC%97%AD-%EC%9C%A0%EC%82%B0%EA%B7%A0-100%EC%96%B5-%EC%BA%A1%EC%8A%90%ED%98%95-30%EC%BA%A1%EC%8A%90/84/category/57/display/1/,https://img.hwahae.co.kr/products/2176210/2176210_20251205141209.jpg,P00317_source.jpg,P00317_clean.png,P00317_final.webp,individual_image_search,verified_product,processed_needs_review,candidate_pass,https://drive.google.com/file/d/14BPlgAJvoKXyH9VkVMVc58enZLQjXGOD/view?usp=drivesdk,,https://drive.google.com/file/d/1b2iMfLqwAjDpJD3ehJwwE9FYA9j73xfK/view?usp=drivesdk,individual search candidate 1 passed visually
P00318,포썸머,오션프루프 선크림 02 선 블러쉬드 [SPF50+/PA++++],,https://cdn.hstatic.net/products/1000391653/vkmk021_h_nh_ch_nh__8a9e54f500b74b50bb02421f508ed1cb_master.jpg,P00318_source.jpg,P00318_clean.png,P00318_final.webp,individual_image_search,verified_product,processed_needs_review,candidate_pass,https://drive.google.com/file/d/17RhXxhSIQdT7fSmYV_hluZjLJUp8qBS_/view?usp=drivesdk,,https://drive.google.com/file/d/1b9sJziPcSo5Sbxyv7uJsRjFPStFCMykd/view?usp=drivesdk,individual search candidate 1 passed visually
P00319,라브리에,인리치드 크림,,https://dn5hzapyfrpio.cloudfront.net/product/42f/42f9a5a0-d709-11f0-84a4-4dd05e84a254.jpeg?w=426,P00319_source.jpg,P00319_clean.png,P00319_final.webp,review_retailer,verified_product,processed_needs_review,candidate_pass,https://drive.google.com/file/d/1vMIBYcXAZ5RV_HbZcr6MyZ_QiJoE0dNq/view?usp=drivesdk,,https://drive.google.com/file/d/1s0JLYKTstDluSzkWFznTWkb654l0fUuR/view?usp=drivesdk,second contact-sheet passed: single-product catalog candidate
P00320,레스케미,갈락토미세스 더마로션,https://lesschemi.com/shop_view?idx=12,https://cdn.imweb.me/thumbnail/20260309/8ce546979a55c.jpg,P00320_source.jpg,P00320_clean.png,P00320_final.webp,individual_image_search,verified_product,processed_needs_review,candidate_pass,https://drive.google.com/file/d/1lx9468yJsD6DvF-tFBod-0qFW34Hq6se/view?usp=drivesdk,,https://drive.google.com/file/d/1q4tP1s5rv1k9jFAd_UejR90DP3VCpdZs/view?usp=drivesdk,individual search candidate 1 passed visually
P00321,마미케어,바다포도 젤리미스트,,https://koreabe.com/cdn/shop/files/1_67504b2f-d021-44bb-a78b-6f1ed100f5bd.avif?v=1766133250&width=1024,P00321_source.webp,P00321_clean.png,P00321_final.webp,individual_image_search,verified_product,processed_needs_review,candidate_pass,https://drive.google.com/file/d/1Q052VvvOnewqiC258SYAqk9W734IZoQn/view?usp=drivesdk,,https://drive.google.com/file/d/1WtxzekBpKmN2_pvRZ2Y_Y8cLg3HndHr2/view?usp=drivesdk,individual search candidate 1 passed visually
P00322,마미케어,바다포도 스킨팩,https://m.mommy-care.co.kr/product/%EB%B0%94%EB%8B%A4%ED%8F%AC%EB%8F%84-%ED%8F%AC%EC%96%B4-%EC%BF%A8%EB%A7%81-%EC%8A%A4%ED%82%A8%ED%8C%A9/1506/category/220/display/1/,https://m.mommy-care.co.kr/web/product/big/202607/2ea45e21f6cd0ef10703a998bddaea67.jpg,P00322_source.jpg,P00322_clean.png,P00322_final.webp,brand_official,verified_product,processed_needs_review,candidate_pass,https://drive.google.com/file/d/12CUZY8vSpCRoIZfiULBQqmqqgJeX_ARv/view?usp=drivesdk,,https://drive.google.com/file/d/1dDW4EhB59AtA6vBxuahOZS8d4rGy1QHi/view?usp=drivesdk,contact-sheet passed: single-product catalog candidate
P00323,ICD,래디언솜™100 마이크로플루다이저 크림,,https://wearekbeauty.com/cdn/shop/files/riman-kbeauty-icd-radiansome100-microfluidizer-cream-newly-reformulated-available-ships-separately-april-7th-korean-skincare-glass-skin-4039195.png?v=1775112033&width=940,P00323_source.webp,P00323_clean.png,P00323_final.webp,individual_image_search,verified_product,processed_needs_review,candidate_pass,https://drive.google.com/file/d/1SHBCh0aTAqbzmXecUr60N5QiDbyj-ZBD/view?usp=drivesdk,,https://drive.google.com/file/d/1i39CgPBpZk23NdCEfMW_c4HoQEpA9fz6/view?usp=drivesdk,individual search candidate 1 passed visually
P00324,러베,5중 세라마이드 로션,,https://dn5hzapyfrpio.cloudfront.net/product/5ea/5ea86c60-2f19-11f1-b6d3-e71dea9dd2f8.jpeg,P00324_source.jpg,P00324_clean.png,P00324_final.webp,review_retailer,verified_product,processed_needs_review,candidate_pass,https://drive.google.com/file/d/1IrrZnlnCetUfPSRyI0YtEPB-h0pa1Y1V/view?usp=drivesdk,,https://drive.google.com/file/d/1uEhxoF58EoVVIeyJjrYKBaRPaA9DGeoj/view?usp=drivesdk,second contact-sheet passed: single-product catalog candidate
P00325,올록담,올리브3,https://ollocdam.com/product/%EC%98%AC%EB%A6%AC%EB%B8%8C3-%ED%94%84%EB%A6%AC%EB%AF%B8%EC%97%84-evoo-72%EC%BA%A1%EC%8A%90/30/,https://dn5hzapyfrpio.cloudfront.net/product/d41/d41ad3c0-0570-11f1-b01b-6383121d2fe1.jpeg,P00325_source.jpg,P00325_clean.png,P00325_final.webp,review_retailer,verified_product,processed_needs_review,candidate_pass,https://drive.google.com/file/d/1hXTN30hShm9PQC4V_lu9R8x1XMXNqi0k/view?usp=drivesdk,,https://drive.google.com/file/d/1yXuElS_RDgsVQAgBm9wGHb84SJHiUNgK/view?usp=drivesdk,second contact-sheet passed: single-product catalog candidate
P00326,포헤르츠,히알라겐 버블 세럼,https://quadthera.com/surl/P/347,https://quadthera.com/web/product/big/202607/20cfd252f0e474ba79bb86801a4e0f8f.jpg,P00326_source.jpg,P00326_clean.png,P00326_final.webp,brand_official,verified_product,processed_needs_review,candidate_pass,https://drive.google.com/file/d/1Q2ehgeeM0m3Awa73a0Vws-G5XCjFpf7v/view?usp=drivesdk,,https://drive.google.com/file/d/1tOhHfMdLuvxqCc_bwyKJwJ0ObzwAak1q/view?usp=drivesdk,contact-sheet passed: single-product catalog candidate
P00327,퓨로피엘,마이크로핏 액티브 진정 패치,https://puropiel.com/product/%ED%93%A8%EB%A1%9C%ED%94%BC%EC%97%98-7-%EB%A7%88%EC%9D%B4%ED%81%AC%EB%A1%9C%ED%95%8F-%EC%95%A1%ED%8B%B0%EB%B8%8C-%EC%A7%84%EC%A0%95%ED%8C%A8%EC%B9%98/34/display/1/,https://puropiel.com/web/product/big/202604/404b9f50cfcaaf386ea8301c04d37242.png,P00327_source.png,P00327_clean.png,P00327_final.webp,brand_official,verified_product,processed_needs_review,candidate_pass,https://drive.google.com/file/d/18bb4G_R92cULzXBy2DAELiCwpsZP5S0t/view?usp=drivesdk,,https://drive.google.com/file/d/1OF5ujUU97b2VkAEEpMkF9CWeJ68bLTKf/view?usp=drivesdk,contact-sheet passed: single-product catalog candidate
P00328,퓨로피엘,마이크로핏 액티브 톤업패치,https://puropiel.com/product/%ED%93%A8%EB%A1%9C%ED%94%BC%EC%97%98-%EB%B9%84%ED%83%80c-%EB%A7%88%EC%9D%B4%ED%81%AC%EB%A1%9C%ED%95%8F-%EC%95%A1%ED%8B%B0%EB%B8%8C-%ED%86%A4%EC%97%85%ED%8C%A8%EC%B9%98/35/display/1/,https://puropiel.com/web/product/big/202604/03d9787bb293305516d193106b74216e.png,P00328_source.png,P00328_clean.png,P00328_final.webp,brand_official,verified_product,processed_needs_review,candidate_pass,https://drive.google.com/file/d/1AwLy4krbgp7jv3cae5jHaU7M2emF-hCZ/view?usp=drivesdk,,https://drive.google.com/file/d/1x_roIuzB2jjpQ8Ovi1pWtAFT0al3XILO/view?usp=drivesdk,contact-sheet passed: single-product catalog candidate
P00329,퓨로피엘,마이크로핏 액티브 끌올패치,https://puropiel.com/product/%ED%93%A8%EB%A1%9C%ED%94%BC%EC%97%98-%EB%B0%94%EC%BF%A0%EC%B9%98%EC%98%AC-%EB%A7%88%EC%9D%B4%ED%81%AC%EB%A1%9C%ED%95%8F-%EC%95%A1%ED%8B%B0%EB%B8%8C-%EB%81%8C%EC%98%AC%ED%8C%A8%EC%B9%98/36/display/1/,https://puropiel.com/web/product/big/202604/62e35992a5184c7330b1b245d898fb07.png,P00329_source.png,P00329_clean.png,P00329_final.webp,brand_official,verified_product,processed_needs_review,candidate_pass,https://drive.google.com/file/d/1lCNDwkDxnc4ExMYRWe-6yBRK-fRlOIQW/view?usp=drivesdk,,https://drive.google.com/file/d/1EAJwo925lnktYa7iElsvyN8CcR2OTyUw/view?usp=drivesdk,contact-sheet passed: single-product catalog candidate
P00330,시카젠,프레시 시카 90% 앰플,https://www.cicagen.com/shop_view/?idx=11,https://cdn.imweb.me/thumbnail/20260128/20d1c1ec17490.png,P00330_source.png,P00330_clean.png,P00330_final.webp,individual_image_search,verified_product,processed_needs_review,candidate_pass,https://drive.google.com/file/d/1KdAnWF-JJ7f6yE7WGyoK7zQU1zjTawyY/view?usp=drivesdk,,https://drive.google.com/file/d/1GKaTHoE6jiUwgV59OZwnrfW9bwAcHJIk/view?usp=drivesdk,individual search candidate 3 passed visually
P00331,바이오더마,포토덤 엑스디펜스 울트라 플루이드 [SPF50+/PA++++],https://m.naosmall.kr/product/detail.html?product_no=1373,https://images.unpa.me/1954539,P00331_source.webp,P00331_clean.png,P00331_final.webp,review_retailer,verified_product,processed_needs_review,candidate_pass,https://drive.google.com/file/d/1DojueXp7wFKbs0mD9u1aQ89bWVf4k6Nr/view?usp=drivesdk,,https://drive.google.com/file/d/1bTQJMF3RNHoQ47wkzrVhT_-5CGFIxNW5/view?usp=drivesdk,second contact-sheet passed: single-product catalog candidate
P00332,리타,사프란온로즈 토너투캄,,https://yoko.lv/cdn/shop/files/VT_Cosmetics_TX-Toning_Toner2.webp?v=1754563710,P00332_source.webp,P00332_clean.png,P00332_final.webp,individual_image_search,verified_product,processed_needs_review,candidate_pass,https://drive.google.com/file/d/1-m1kQpYknrLegIIwRHJw4JAOonKbmEdm/view?usp=drivesdk,,https://drive.google.com/file/d/1eoL-szAd4BQCNKR-5zf3WsJSlsytBQaD/view?usp=drivesdk,individual search candidate 1 passed visually
P00333,리노블,콜라겐 모이스처라이징 앰플 마스크,,https://thelomb.us/cdn/shop/files/ampoule-shot-mask-2.png?v=1755226701&width=1200,P00333_source.webp,P00333_clean.png,P00333_final.webp,individual_image_search,verified_product,processed_needs_review,candidate_pass,https://drive.google.com/file/d/1yVifPpoa-5klWVswPXBAVQJZFSQgo22O/view?usp=drivesdk,,https://drive.google.com/file/d/1-LlDo6FMZX4ZxvCxzHf_Y_8CLRFUQTtW/view?usp=drivesdk,individual search candidate 1 passed visually
P00334,리노블,히알루론산 모이스처라이징 앰플 마스크,,https://blancdoux.com/file_data/aaronjenny/2024/02/02/e6cb9ee7214c4dd4cd384187b9b65234.jpg,P00334_source.jpg,P00334_clean.png,P00334_final.webp,individual_image_search,verified_product,processed_needs_review,candidate_pass,https://drive.google.com/file/d/14NxAsI8czM0vNOI_2aXqzvp2sLauGlid/view?usp=drivesdk,,https://drive.google.com/file/d/1UUmSRmjnFQ1_iKFfxA6qAIQSCBFVXQyR/view?usp=drivesdk,individual search candidate 1 passed visually
P00335,그린핑거,판테딘 튼살크림,,https://img.ssfshop.com/cmd/LB_750x1000/src/https%3A/img.ssfshop.com/goods/BETY/25/07/06/GRQC25070621420_0_THNAIL_ORGINL_20250706163922808.jpg,P00335_source.jpg,P00335_clean.png,P00335_final.webp,individual_image_search,verified_product,processed_needs_review,candidate_pass,https://drive.google.com/file/d/1XJ9Pgg-TwmwBX82DNaiP6OLQs2aqRRtL/view?usp=drivesdk,,https://drive.google.com/file/d/1sxfSLJ5wU-G9RBSPRm2p0HhUa2AalNdC/view?usp=drivesdk,individual search candidate 1 passed visually
P00336,플리브미,비건 키즈 헤어 미스트,https://pl-leave.com/product/%ED%94%8C%EB%A6%AC%EB%B8%8C%EB%AF%B8-%EB%B9%84%EA%B1%B4-%ED%82%A4%EC%A6%88-%ED%97%A4%EC%96%B4-%EB%AF%B8%EC%8A%A4%ED%8A%B8/12,https://pl-leave.com/web/product/big/202603/c21d973bd87e03d9b94bb7d6efb45870.jpg,P00336_source.jpg,P00336_clean.png,P00336_final.webp,brand_official,verified_product,processed_needs_review,candidate_pass,https://drive.google.com/file/d/1dljdtH4-KOUKljJ-TOA3v5hsweKF7JNN/view?usp=drivesdk,,https://drive.google.com/file/d/1bTq5L13Yk0HtM_uzKfeg-k_2PoKUfWL4/view?usp=drivesdk,contact-sheet passed: single-product catalog candidate
P00337,글로우풀,시카 바하 카밍 세럼,https://glowpool.cafe24.com/shop2/product/cica-bha-calming-serum/18/category/47/display/2/,https://ecimg.cafe24img.com/pg2282b63237521063/glowpool/web/product/big/20251110/f80cc32631797b92de4169772e4b4eb8.png,P00337_source.png,P00337_clean.png,P00337_final.webp,brand_official,verified_product,processed_needs_review,candidate_pass,https://drive.google.com/file/d/1lJ8y1-OMeFMALS_vG_9BrKRmurWXNjpg/view?usp=drivesdk,,https://drive.google.com/file/d/1FjXfnynfIEnpadSFs7wUsrMfBJyKY1U_/view?usp=drivesdk,contact-sheet passed: single-product catalog candidate
P00338,프루티드,퍼플부스터 양파샴푸,https://prooted.kr/product/%ED%83%88%EB%AA%A8%EC%BC%80%EC%96%B4%EB%91%90%ED%94%BC%ED%83%84%EB%A0%A5-%ED%8D%BC%ED%94%8C%EB%B6%80%EC%8A%A4%ED%84%B0-%EC%96%91%ED%8C%8C%EC%83%B4%ED%91%B8/10/,https://dn5hzapyfrpio.cloudfront.net/product/fbc/fbccedc0-1cf6-11f1-8f95-bb4dba22d2ad.jpeg,P00338_source.jpg,P00338_clean.png,P00338_final.webp,review_retailer,verified_product,processed_needs_review,candidate_pass,https://drive.google.com/file/d/1Z1ftrmqVl2ys_oDPyuxTYc1Z7-TeqhFm/view?usp=drivesdk,,https://drive.google.com/file/d/1LJn_UNj55G6KnPVepmMC0LnBW5Mm1TWZ/view?usp=drivesdk,second contact-sheet passed: single-product catalog candidate
P00339,허니버니,허니 멜팅 샴푸,https://hunibuni.co.kr/product/detail.html?product_no=34,https://images.unpa.me/1939220,P00339_source.webp,P00339_clean.png,P00339_final.webp,review_retailer,verified_product,processed_needs_review,candidate_pass,https://drive.google.com/file/d/1cToWBYDy2rADt4fKRGC8ZB_DYu9CoPYs/view?usp=drivesdk,,https://drive.google.com/file/d/1eKxCSfijczn-iMX4Bje7OSZS-O74ADcm/view?usp=drivesdk,second contact-sheet passed: single-product catalog candidate
P00340,세로랩스,제로 버블 퓨어 젤 클렌저,https://cerolabs.co.kr/product/%EC%A0%9C%EB%A1%9C-%EB%B2%84%EB%B8%94-%ED%93%A8%EC%96%B4-%EC%A0%A4-%ED%81%B4%EB%A0%8C%EC%A0%80/85/,https://cerolabs.co.kr/web/product/big/202602/c330f1d83ecf69a4e8aea5feeb1a5944.jpg,P00340_source.jpg,P00340_clean.png,P00340_final.webp,brand_official,verified_product,processed_needs_review,candidate_pass,https://drive.google.com/file/d/1HI1y6kkSXIPKd0GNQUuyzyGEYOW4SJLx/view?usp=drivesdk,,https://drive.google.com/file/d/1rhFen1RKEnsZrTrKVUOplWeXTiX6WwMs/view?usp=drivesdk,contact-sheet passed: single-product catalog candidate
P00341,오우스킨,플라노리아 아스타잔틴 & 콜라겐 안티에이징 부스터,,https://cafe24img.poxo.com/aquavelle/web/product/big/201806/28_shop1_15300620423224.jpg,P00341_source.jpg,P00341_clean.png,P00341_final.webp,individual_image_search,verified_product,processed_needs_review,candidate_pass,https://drive.google.com/file/d/1K-JJKpOhB_Nr5eRL-YU0wqN1Ly1JtoGv/view?usp=drivesdk,,https://drive.google.com/file/d/16B0B5VC6jmXKCAjzfdxOCRSOuNXvS88t/view?usp=drivesdk,individual search final candidate passed visually
P00342,루나,롱래스팅 팁 컨실러 커버 핏 EX [SPF34/PA++] [21N],,https://dn5hzapyfrpio.cloudfront.net/product/555/555f7210-4a46-11f0-bb5c-a9799cb7c7a4.jpeg?w=426,P00342_source.jpg,P00342_clean.png,P00342_final.webp,review_retailer,verified_product,processed_needs_review,candidate_pass,https://drive.google.com/file/d/12XkPrI-K8zc_iwy5sJryevnsvJ28rGaY/view?usp=drivesdk,,https://drive.google.com/file/d/1_NbBGg0Qm-0gwnVpFQG-1hJbMCqDobmO/view?usp=drivesdk,second contact-sheet passed: single-product catalog candidate
P00343,제니에,글로우8 펩타이드 세럼,,https://images.unpa.me/1984756,P00343_source.webp,P00343_clean.png,P00343_final.webp,review_retailer,verified_product,processed_needs_review,candidate_pass,https://drive.google.com/file/d/1GIhBeX3l5gTVzJrZHsJIbNp2d9EF4R_T/view?usp=drivesdk,,https://drive.google.com/file/d/1e_dfHwR3nxPENTkw0X-jzZgw0_y-hS6B/view?usp=drivesdk,second contact-sheet passed: single-product catalog candidate
P00344,아토팜,이지워시 선스크린 [SPF50+/PA++++],https://neopharmshop.co.kr/product/detail.html?cate_no=42&display_group=1&product_no=2123,https://neopharmshop.co.kr/web/product/big/202602/016c129cf8a5c596722e74fb106cb027.jpg,P00344_source.jpg,P00344_clean.png,P00344_final.webp,brand_official,verified_product,processed_needs_review,candidate_pass,https://drive.google.com/file/d/1mxbQ79LV7CErRYSKyr4Roq_MjET_2FME/view?usp=drivesdk,,https://drive.google.com/file/d/1GeNIbJxEfJWbkfK-4gtXPzch1Nx5qcU5/view?usp=drivesdk,contact-sheet passed: single-product catalog candidate
P00345,에이에스씨이플러스,카밍앰플 프로,https://www.asceplushomecare.co.kr/product/detail.html?cate_no=1&product_no=18,https://ecimg.cafe24img.com/pg2545b01730044031/exocobio0103/web/product/extra/small/20260522/5edc727e206f813b6e029437a82a6860.png,P00345_source.png,P00345_clean.png,P00345_final.webp,individual_image_search,verified_product,processed_needs_review,candidate_pass,https://drive.google.com/file/d/19F0tWisA3N60QVdteaQmN1hzGGqNjVVU/view?usp=drivesdk,,https://drive.google.com/file/d/1gg9GJDxE_G4ZZ8qKaRQCS5R6hShMS1UI/view?usp=drivesdk,individual search candidate 1 passed visually
P00346,에이에스씨이플러스,더블: 이엑스 시그널 패드 프로,,https://dn5hzapyfrpio.cloudfront.net/product/c40/c4045410-2e52-11f1-aab6-1144ec53c4ed.jpeg?w=426,P00346_source.jpg,P00346_clean.png,P00346_final.webp,review_retailer,verified_product,processed_needs_review,candidate_pass,https://drive.google.com/file/d/1RY2PojmKE8BoFZ7iDvrlsMWmFSb39a0x/view?usp=drivesdk,,https://drive.google.com/file/d/1cQRZJCVwIcFqt3Y54fsoEVgE5ytzG1p7/view?usp=drivesdk,second contact-sheet passed: single-product catalog candidate
P00347,몽디에스,선크림 [SPF50+/PA++++],https://mongdies.com/product/detail.html?product_no=373,https://img.hwahae.co.kr/reviews/6395122/6395122_0_1.png,P00347_source.png,P00347_clean.png,P00347_final.webp,individual_image_search,verified_product,processed_needs_review,candidate_pass,https://drive.google.com/file/d/1j3EwlIm1SGMNcxOC_sWnh4MlLUJEZIvF/view?usp=drivesdk,,https://drive.google.com/file/d/1gXLUo1NnUSHqE_Wub4qZ6tTdFpDUQhTf/view?usp=drivesdk,individual search candidate 1 passed visually
P00348,일리윤,세라마이드 아토 집중 크림,https://www.amoremall.com/kr/ko/product/detail?onlineProdCode=111270000699&onlineProdSn=65577,https://glamarshop.com/product_images/671a7ea79ec5d.png,P00348_source.png,P00348_clean.png,P00348_final.webp,individual_image_search,verified_product,processed_needs_review,candidate_pass,https://drive.google.com/file/d/1n-uliVtLK7l28IGEVj28AkGL3rgcGBG8/view?usp=drivesdk,,https://drive.google.com/file/d/1HAACjnv0wvYAly2n9Wuei0yTYAOmGANH/view?usp=drivesdk,individual search candidate 1 passed visually
P00349,핀브,오브제 트루베 글로우 파운데이션 [SPF50+ PA++++] [21호 라이트베이지],,https://dn5hzapyfrpio.cloudfront.net/product/c80/c80acb70-dbf0-11f0-9a4f-ab6c54890e09.jpeg?w=426,P00349_source.jpg,P00349_clean.png,P00349_final.webp,review_retailer,verified_product,processed_needs_review,candidate_pass,https://drive.google.com/file/d/1qcQFIa64Ua60_DBj7oke58F08mLKdplt/view?usp=drivesdk,,https://drive.google.com/file/d/1Iwnr9q1vA48ToAyV-V1elYSoClW6qbaK/view?usp=drivesdk,second contact-sheet passed: single-product catalog candidate
P00350,루온셀,하이 리프트 겔 마스크,https://luoncell.com/product/%EB%A3%A8%EC%98%A8%EC%85%80-%ED%95%98%EC%9D%B4-%EB%A6%AC%ED%94%84%ED%8A%B8-%EA%B2%94-%EB%A7%88%EC%8A%A4%ED%81%AC/31/,https://ecimg.cafe24img.com/pg2482b58524053016/dkotc/web/upload/appfiles/ZaReJam3QiELznoZeGGkMG/11806616aefc5315044291fcf0d7f7e1.png,P00350_source.png,P00350_clean.png,P00350_final.webp,individual_image_search,verified_product,processed_needs_review,candidate_pass,https://drive.google.com/file/d/11GNuThRyj9kZ0IrzctfjFQ3uoScj7o8e/view?usp=drivesdk,,https://drive.google.com/file/d/1UXfs2xlsrdMC2YLwd9Yk6iQSxIjNrwaZ/view?usp=drivesdk,individual search candidate 1 passed visually
P00351,에이에스씨이플러스,엑소밤-SR2,,https://images.unpa.me/1943177,P00351_source.webp,P00351_clean.png,P00351_final.webp,review_retailer,verified_product,processed_needs_review,candidate_pass,https://drive.google.com/file/d/1peorODnLgro50ATSNFy-gEn5z_3M-oR5/view?usp=drivesdk,,https://drive.google.com/file/d/1nSztukbFR5j2jc4OJKCorEeXM-84OaC6/view?usp=drivesdk,second contact-sheet passed: single-product catalog candidate
P00352,닥터지,레드 블레미쉬 클리어 수딩 크림 EX,,https://images.unpa.me/1977048,P00352_source.webp,P00352_clean.png,P00352_final.webp,review_retailer,verified_product,processed_needs_review,candidate_pass,https://drive.google.com/file/d/111SFHU18j1CknF6PBvpJW3iA9JahI4oJ/view?usp=drivesdk,,https://drive.google.com/file/d/1PD8mMJ11p_xkqORMcYAec99pbPpIhjdE/view?usp=drivesdk,second contact-sheet passed: single-product catalog candidate
P00353,에스쁘아,더마 커버 블레미쉬 밤 [SPF50+/PA++++] [10호 애쉬 아이보리],https://www.espoir.com/ko/shop/shop_prd_view.do?i_sProductcd=125107250,https://cafe24img.poxo.com/beautyboxkorea/web/product/big/202605/8a6e929f9901c1540fa399eb4aabc726.jpg,P00353_source.jpg,P00353_clean.png,P00353_final.webp,individual_image_search,verified_product,processed_needs_review,candidate_pass,https://drive.google.com/file/d/1Hf8FftOczOfP9Z5UkYXvgSjzqFbELn_K/view?usp=drivesdk,,https://drive.google.com/file/d/1Lnca14s89Nw2wu1r4FLP3Fkma-KfTqBY/view?usp=drivesdk,individual search candidate 1 passed visually
P00354,토니모리,세라마이드 모찌 토너,https://tonymoly.com/products/ceramide-mochi-toner-500ml.do?i_sProductcd=TM20260320000152821,https://cloudflare.lipscosme.com/image/2025-06-20-2990f7d640cc08528257add2.png?auto=avif%2Cwebp&fio=1&orient=1&width=1424,P00354_source.webp,P00354_clean.png,P00354_final.webp,individual_image_search,verified_product,processed_needs_review,candidate_pass,https://drive.google.com/file/d/1IkE0Rr_meCVkqI6PKm3uvB4eJ2b_2VmV/view?usp=drivesdk,,https://drive.google.com/file/d/1pvqXSga6IESclgyQAgwxnFnwgXl7zu0O/view?usp=drivesdk,individual search candidate 1 passed visually
P00355,벌쓰티,글로우 핸드 앤 바디 워시 [케이크 프롬 수지],https://birthtii.com/product/%EA%B8%80%EB%A1%9C%EC%9A%B0-%ED%95%B8%EB%93%9C-%EC%95%A4-%EB%B0%94%EB%94%94-%EC%9B%8C%EC%8B%9C-%EC%BC%80%EC%9D%B4%ED%81%AC-%ED%94%84%EB%A1%AC-%EC%88%98%EC%A7%80/13/,https://ecimg.cafe24img.com/pg2688b41380183008/gentive/web/product/big/20260329/07f984951459d478599f5a4699304648.png,P00355_source.png,P00355_clean.png,P00355_final.webp,brand_official,verified_product,processed_needs_review,candidate_pass,https://drive.google.com/file/d/18vfOebad9ucJmYEYNW3iODLpDU6tn140/view?usp=drivesdk,,https://drive.google.com/file/d/1TtK1KTRp2w9K5xmWC6-KWYMdqonPMbFc/view?usp=drivesdk,contact-sheet passed: single-product catalog candidate
P00356,벌쓰티,레이어드 핸드 앤 바디 로션 [케이크 프롬 수지],,https://ecimg.cafe24img.com/pg2688b41380183008/gentive/web/product/tiny/20260329/642673c5e1b3c66c894dff30083cf9ec.png,P00356_source.png,P00356_clean.png,P00356_final.webp,review_retailer,verified_product,processed_needs_review,candidate_pass,https://drive.google.com/file/d/1c4rFXKlE1eKQC-p2div1E-c5OqGyntRL/view?usp=drivesdk,,https://drive.google.com/file/d/1ClcIgzNlNr2jjbRqY-msdIvH47Wpu9YG/view?usp=drivesdk,second contact-sheet passed: single-product catalog candidate
P00357,,노마디아블루 진정 판테놀 1% 클렌징 밀크,,https://img.hwahae.co.kr/products/1841507/1841507_20260428115633.jpg,P00357_source.jpg,P00357_clean.png,P00357_final.webp,review_retailer,verified_product,processed_needs_review,candidate_pass,https://drive.google.com/file/d/1RbatORLyNMjEvdGR-2eIIcZvnJvXDCz5/view?usp=drivesdk,,https://drive.google.com/file/d/18N_EA0TSZyj0lzlghjTb5qfAWphMEbz3/view?usp=drivesdk,second contact-sheet passed: single-product catalog candidate
P00358,일리윤,세라마이드 아토 선로션 [SPF50+/PA++++],,https://dn5hzapyfrpio.cloudfront.net/product/5af/5af85bb0-58a5-11f1-81e2-25d817370ef1.png,P00358_source.png,P00358_clean.png,P00358_final.webp,review_retailer,verified_product,processed_needs_review,candidate_pass,https://drive.google.com/file/d/16tWe4OEJozkwL9QYIBAs40eRy6vV3ZFr/view?usp=drivesdk,,https://drive.google.com/file/d/1aIc18TvLfaa3GJxD924Mb-BGOmj2abwl/view?usp=drivesdk,second contact-sheet passed: single-product catalog candidate
P00359,딕셔니스트,아미노산 앰플,,https://images.unpa.me/1835578,P00359_source.webp,P00359_clean.png,P00359_final.webp,review_retailer,verified_product,processed_needs_review,candidate_pass,https://drive.google.com/file/d/1oF-JnQnlmC2pZqwbdSXv4_PhmxVABTRT/view?usp=drivesdk,,https://drive.google.com/file/d/18zA4hsoO3yYBRJsLWSI7YtprDH89guKk/view?usp=drivesdk,second contact-sheet passed: single-product catalog candidate
