관리번호,사업장명,category,업태구분명,위생업태명,도로명주소,지번주소,전화,인허가일자,영업상태,hub,existing_slug,status
3220000-204-1978-01897,갈류,salon,일반미용업,미용업,"서울특별시 강남구 압구정로29길 71 (압구정동,(2동 지하 4호))",서울특별시 강남구 압구정동 369-1 (2동 지하 4호),025424257,1978-06-17,영업,gangnam-cheongdam,,PENDING_REVIEW
3220000-204-1983-01782,수잔,salon,일반미용업,미용업,"서울특별시 강남구 영동대로138길 9 (청담동,,15)","서울특별시 강남구 청담동 131-14 ,15",025431668,1983-11-12,영업,gangnam-cheongdam,,PENDING_REVIEW
3220000-204-1983-01808,장윤정,salon,일반미용업,미용업,서울특별시 강남구 강남대로156길 15 (신사동),서울특별시 강남구 신사동 510-7,025449963,1983-09-06,영업,gangnam-cheongdam,,PENDING_REVIEW
3220000-204-1983-01814,은혜,salon,일반미용업,미용업,서울특별시 강남구 도산대로99길 39 (청담동),서울특별시 강남구 청담동 122-20,025461195,1983-11-07,영업,gangnam-cheongdam,,PENDING_REVIEW
3220000-204-1985-01737,마돈나,salon,일반미용업,미용업,"서울특별시 강남구 압구정로2길 46, 지상2층 202호 (신사동, ---------)",서울특별시 강남구 신사동 510-11 ---------,025426864,1985-01-08,영업,gangnam-cheongdam,,PENDING_REVIEW
3220000-204-1986-01686,최지용뷰티살롱,salon,일반미용업,미용업,"서울특별시 강남구 삼성로149길 3-8, 지상3층 (청담동)",서울특별시 강남구 청담동 7-3,025497148,1986-10-07,영업,gangnam-cheongdam,,PENDING_REVIEW
3220000-204-1986-01711,최정아,salon,일반미용업,미용업,"서울특별시 강남구 도산대로85길 30, 지상1층 138호 (청담동, 청담신원아침도시마인)",서울특별시 강남구 청담동 122-35 청담신원아침도시마인,025495020,1986-02-27,영업,gangnam-cheongdam,,PENDING_REVIEW
3220000-204-1987-01664,목화,salon,일반미용업,미용업,"서울특별시 강남구 삼성로135길 41, 지상1층 105호 (청담동)",서울특별시 강남구 청담동 35-1,025444717,1987-06-04,영업,gangnam-cheongdam,,PENDING_REVIEW
3220000-204-1988-01624,(주)마끼에,salon,일반미용업,미용업,"서울특별시 강남구 압구정로46길 15, 지상3,4,5층 (신사동)",서울특별시 강남구 신사동 641,025422326,1988-08-19,영업,gangnam-cheongdam,,PENDING_REVIEW
3220000-204-1991-01478,임정숙미용실,salon,일반미용업,미용업,"서울특별시 강남구 압구정로36길 12 (신사동,지상2층)",서울특별시 강남구 신사동 620-1 지상2층,025172121,1991-05-15,영업,gangnam-cheongdam,,PENDING_REVIEW
3220000-204-1991-01498,가로수 헤어,salon,일반미용업,미용업,"서울특별시 강남구 압구정로2길 46, 지상1층 21호 (신사동, ---------)",서울특별시 강남구 신사동 510-11 ---------,025149658,1991-04-13,영업,gangnam-cheongdam,,PENDING_REVIEW
3220000-204-1992-01034,박귀순미용실,salon,일반미용업,미용업,"서울특별시 강남구 압구정로29길 71 (압구정동,현대아파트상가 지층3-1호)",서울특별시 강남구 압구정동 369-1 현대아파트상가 지층3-1호,025164335,1992-12-16,영업,gangnam-cheongdam,,PENDING_REVIEW
3220000-204-1992-01418,고탑헤어,salon,일반미용업,미용업,"서울특별시 강남구 도산대로35길 39, 4층 402호 (신사동)",서울특별시 강남구 신사동 600-6,025181618,1992-10-10,영업,gangnam-cheongdam,,PENDING_REVIEW
3220000-204-1992-01515,김희정 컷팅클럽,salon,일반미용업,미용업,서울특별시 강남구 논현로158길 7 (신사동),서울특별시 강남구 신사동 593-8,025444536,1992-05-04,영업,gangnam-cheongdam,,PENDING_REVIEW
3220000-204-1993-01343,디바,salon,일반미용업,미용업,"서울특별시 강남구 논현로157길 13 (신사동,지상3층)",서울특별시 강남구 신사동 565-4 지상3층,025478516,1993-12-02,영업,gangnam-cheongdam,,PENDING_REVIEW
3220000-204-1993-01404,노승만헤어본,salon,일반미용업,미용업,"서울특별시 강남구 선릉로 844 (청담동,,2호 (201호))","서울특별시 강남구 청담동 78-1 ,2호 (201호)",0205183001,1993-05-21,영업,gangnam-cheongdam,,PENDING_REVIEW
3220000-204-1994-01276,쟈끄데샹쥬,salon,일반미용업,미용업,"서울특별시 강남구 논현로175길 38 (신사동,서원빌딩2층)",서울특별시 강남구 신사동 574-4 서원빌딩2층,025172221,1994-12-20,영업,gangnam-cheongdam,,PENDING_REVIEW
3220000-204-1994-01320,헤어두,salon,일반미용업,미용업,"서울특별시 강남구 압구정로34길 36, 현대빌딩 1층 103호 (신사동)",서울특별시 강남구 신사동 608-15 현대빌딩,025420010,1994-07-13,영업,gangnam-cheongdam,,PENDING_REVIEW
3220000-204-1995-00906,유사라 미용실,salon,일반미용업,미용업,"서울특별시 강남구 압구정로32길 11, 캐럴라인타워 지상1층 106호 (신사동)",서울특별시 강남구 신사동 613-5 캐럴라인타워,025446472,1995-11-24,영업,gangnam-cheongdam,,PENDING_REVIEW
3220000-204-1996-01138,준오헤어,salon,일반미용업,미용업,"서울특별시 강남구 선릉로 843 (신사동,지상)",서울특별시 강남구 신사동 664-7 지상,025498683,1996-06-05,영업,gangnam-cheongdam,juno-hair-garosugil,PENDING_REVIEW
3220000-204-1996-01161,이화미용실,salon,일반미용업,미용업,"서울특별시 강남구 압구정로 212 (신사동,방우상가 지하1층)",서울특별시 강남구 신사동 614-7 방우상가 지하1층,025496171,1996-04-06,영업,gangnam-cheongdam,,PENDING_REVIEW
3220000-204-1996-01178,미앤끼미용실,salon,일반미용업,미용업,"서울특별시 강남구 논현로175길 59-6, 지상102호 (신사동)",서울특별시 강남구 신사동 550-13,025463697,1996-03-02,영업,gangnam-cheongdam,,PENDING_REVIEW
3220000-204-1996-01318,오랑헤어,salon,일반미용업,미용업,"서울특별시 강남구 언주로172길 56, 서현빌딩 지상4층 (신사동)",서울특별시 강남구 신사동 663-9 서현빌딩,024952508,1996-06-11,영업,gangnam-cheongdam,,PENDING_REVIEW
3220000-204-1997-00749,드 이희(de ihee),salon,일반미용업,미용업,"서울특별시 강남구 선릉로 820, 지상3층 302호 (청담동)",서울특별시 강남구 청담동 85-3,0234460030,1997-12-29,영업,gangnam-cheongdam,,PENDING_REVIEW
3220000-204-1997-00820,가온 휴 피부관리실,salon,일반미용업,미용업,"서울특별시 강남구 도산대로15길 6, 5층 501호 (신사동, 대화빌딩)",서울특별시 강남구 신사동 539,025438456,1997-04-01,영업,gangnam-cheongdam,,PENDING_REVIEW
3220000-204-1997-00899,수미용실,salon,일반미용업,미용업,"서울특별시 강남구 압구정로 201 (압구정동,금강쇼핑1층20호)",서울특별시 강남구 압구정동 456-0 금강쇼핑1층20호,025432150,1997-09-12,영업,gangnam-cheongdam,,PENDING_REVIEW
3220000-204-1997-00949,까라디미용실,salon,일반미용업,미용업,"서울특별시 강남구 언주로154길 14, 지상3층,지상4층 (신사동)",서울특별시 강남구 신사동 631-23,025454000,1997-08-08,영업,gangnam-cheongdam,,PENDING_REVIEW
3220000-204-1997-00986,주헤어레시피,salon,일반미용업,미용업,"서울특별시 강남구 도산대로67길 7, 지상2층 (청담동)",서울특별시 강남구 청담동 92-12,,1997-05-27,영업,gangnam-cheongdam,,PENDING_REVIEW
3220000-204-1998-00702,윤희 헤어,salon,일반미용업,미용업,"서울특별시 강남구 강남대로160길 21, 6층 (신사동)",서울특별시 강남구 신사동 521-2,025492127,1998-04-13,영업,gangnam-cheongdam,,PENDING_REVIEW
3220000-204-1998-00710,이연진헤어진,salon,일반미용업,미용업,"서울특별시 강남구 논현로161길 16, 지상2층 (신사동)",서울특별시 강남구 신사동 569-18 지상2층,025470069,1998-02-24,영업,gangnam-cheongdam,,PENDING_REVIEW
3220000-204-2000-00101,함가본태,salon,일반미용업,미용업,"서울특별시 강남구 도산대로78길 5 (청담동,지상1층)",서울특별시 강남구 청담동 6-9 지상1층,025128789,2000-12-28,영업,gangnam-cheongdam,,PENDING_REVIEW
3220000-204-2001-00022,헤어갤러리,salon,일반미용업,미용업,"서울특별시 강남구 논현로157길 48, 지상1층 102호 (신사동)",서울특별시 강남구 신사동 554-25,0234461817,2001-04-20,영업,gangnam-cheongdam,,PENDING_REVIEW
3220000-204-2002-00027,정헤어샾,salon,일반미용업,미용업,"서울특별시 강남구 압구정로29길 68 (압구정동,지하1층)",서울특별시 강남구 압구정동 455 지하1층,025441655,2002-06-18,영업,gangnam-cheongdam,,PENDING_REVIEW
3220000-204-2002-00123,말랑,salon,일반미용업,미용업,"서울특별시 강남구 선릉로161길 21-3, 샤브센 지상2층,3층 (신사동)",서울특별시 강남구 신사동 662-10 샤브센,,2002-11-22,영업,gangnam-cheongdam,,PENDING_REVIEW
3220000-204-2003-00002,지아모헤어,salon,일반미용업,미용업,"서울특별시 강남구 압구정로14길 33, 2층 (신사동)",서울특별시 강남구 신사동 551,0234466058,2003-01-09,영업,gangnam-cheongdam,,PENDING_REVIEW
3220000-204-2003-00023,최봉관 프로헤어,salon,일반미용업,미용업,"서울특별시 강남구 도산대로51길 42, 1층 (신사동)",서울특별시 강남구 신사동 657-30,025140412,2003-02-26,영업,gangnam-cheongdam,,PENDING_REVIEW
3220000-204-2003-00030,유행통신미용실,salon,일반미용업,미용업,"서울특별시 강남구 압구정로20길 15, 지상1층 102호 (신사동)",서울특별시 강남구 신사동 572-2,,2003-04-18,영업,gangnam-cheongdam,,PENDING_REVIEW
3220000-204-2003-00063,야무진미용실,salon,일반미용업,미용업,"서울특별시 강남구 논현로161길 37, 동쪽 지상1층 (신사동)",서울특별시 강남구 신사동 552-5,,2003-04-15,영업,gangnam-cheongdam,,PENDING_REVIEW
3220000-204-2003-00112,뷰티살롱 엘리자리,salon,일반미용업,미용업,"서울특별시 강남구 압구정로72길 11, 2004 5층 (청담동)",서울특별시 강남구 청담동 96-2 2004,,2003-03-31,영업,gangnam-cheongdam,,PENDING_REVIEW
3220000-204-2003-00142,케이엘,salon,일반미용업,미용업,"서울특별시 강남구 도산대로81길 48-8, 1,2층 (청담동)",서울특별시 강남구 청담동 101-15,,2003-05-13,영업,gangnam-cheongdam,,PENDING_REVIEW
3220000-204-2003-00223,김청경헤어페이스,salon,일반미용업,미용업,"서울특별시 강남구 도산대로75길 21, 지상1~3층 (청담동)",서울특별시 강남구 청담동 96-4,0234462700,2003-07-31,영업,gangnam-cheongdam,,PENDING_REVIEW
3220000-204-2003-00247,헤어샬롱 성민,salon,일반미용업,미용업,"서울특별시 강남구 압구정로29길 68 (압구정동,금강아케이드(주구센타) 지상2층 203호)",서울특별시 강남구 압구정동 455 금강아케이드(주구센타) 지상2층 203호,025183050,2003-09-01,영업,gangnam-cheongdam,,PENDING_REVIEW
3220000-204-2003-00266,정안나스킨케어,salon,일반미용업,미용업,"서울특별시 강남구 압구정로 212, 방우빌딩 지하1층 (신사동)",서울특별시 강남구 신사동 614-7 방우빌딩,025499253,2003-09-23,영업,gangnam-cheongdam,,PENDING_REVIEW
3220000-204-2003-00267,비하인드 헤어,salon,일반미용업,미용업,"서울특별시 강남구 선릉로157길 14 (신사동,한주빌딩 지상2층)",서울특별시 강남구 신사동 663-23 한주빌딩 지상2층,,2003-09-23,영업,gangnam-cheongdam,,PENDING_REVIEW
3220000-204-2003-00334,박승철헤어스투디오,salon,일반미용업,미용업,"서울특별시 강남구 압구정로 170 (신사동,지상2층)",서울특별시 강남구 신사동 580-2 지상2층,025466676,2003-12-19,영업,gangnam-cheongdam,,PENDING_REVIEW
3220000-204-2004-00043,끌로에 김선진,salon,일반미용업,미용업,"서울특별시 강남구 삼성로 772 (청담동,로데오빌딩 3층)",서울특별시 강남구 청담동 48-7 로데오빌딩 3층,025125400,2004-03-11,영업,gangnam-cheongdam,,PENDING_REVIEW
3220000-204-2004-00046,앨랭헤어,salon,일반미용업,미용업,"서울특별시 강남구 압구정로34길 11 (신사동,압구정스퀘어 115호)",서울특별시 강남구 신사동 620 압구정스퀘어 115호,0234430727,2004-03-18,영업,gangnam-cheongdam,,PENDING_REVIEW
3220000-204-2004-00065,박정아헤어포인트,salon,일반미용업,미용업,"서울특별시 강남구 도산대로25길 38, 지상1층 102호 (신사동)",서울특별시 강남구 신사동 565-13,0234441975,2004-04-14,영업,gangnam-cheongdam,,PENDING_REVIEW
3220000-204-2004-00107,김인재헤어샾,salon,일반미용업,미용업,"서울특별시 강남구 압구정로 214, 현대종합상가빌딩 지상1층 7호 (신사동)",서울특별시 강남구 신사동 615 현대종합상가빌딩,025473009,2004-07-15,영업,gangnam-cheongdam,,PENDING_REVIEW
3220000-204-2004-00169,헤어플렛,salon,일반미용업,미용업,"서울특별시 강남구 도산대로58길 17 (청담동,서흥빌딩 지상2층)",서울특별시 강남구 청담동 21-17 서흥빌딩 지상2층,,2004-11-15,영업,gangnam-cheongdam,,PENDING_REVIEW
3220000-204-2005-00020,진여화미용실,salon,일반미용업,미용업,"서울특별시 강남구 압구정로29길 68 (압구정동,주구센타지상1층104호)",서울특별시 강남구 압구정동 455 주구센타지상1층104호,027202564,2005-02-16,영업,gangnam-cheongdam,,PENDING_REVIEW
3220000-204-2005-00062,미진미헤어,salon,일반미용업,미용업,"서울특별시 강남구 논현로157길 16, 지상1층 (신사동)",서울특별시 강남구 신사동 566-19,,2005-05-06,영업,gangnam-cheongdam,,PENDING_REVIEW
3220000-204-2005-00090,세일미용실,salon,일반미용업,미용업,"서울특별시 강남구 압구정로29길 71, 지하1층 2호 (압구정동, 금강상가 제2동)",서울특별시 강남구 압구정동 369-1,025484667,2005-06-23,영업,gangnam-cheongdam,,PENDING_REVIEW
3220000-204-2005-00145,쓰리스토리바이 강성우 도산점,salon,일반미용업,미용업,서울특별시 강남구 선릉로153길 33 (신사동),서울특별시 강남구 신사동 648-2,,2005-10-18,영업,gangnam-cheongdam,,PENDING_REVIEW
3220000-204-2005-00147,윤미피부미용,facial,피부미용업,미용업,"서울특별시 강남구 압구정로30길 17 (신사동,이소니프라자 지하1층5호)",서울특별시 강남구 신사동 609-0 이소니프라자 지하1층5호,025423510,2005-10-20,영업,gangnam-cheongdam,,PENDING_REVIEW
3220000-204-2006-00033,크롤. 에이,salon,일반미용업,미용업,"서울특별시 강남구 압구정로46길 73 (신사동,지상3층)",서울특별시 강남구 신사동 648-20 지상3층,025492583,2006-03-13,영업,gangnam-cheongdam,,PENDING_REVIEW
3220000-204-2006-00076,오복례헤어&두피케어,salon,일반미용업,미용업,"서울특별시 강남구 언주로157길 6, 5층 (신사동)",서울특별시 강남구 신사동 627-3,025477269,2006-06-28,영업,gangnam-cheongdam,,PENDING_REVIEW
3220000-204-2006-00092,엘룩스 청담,salon,일반미용업,미용업,"서울특별시 강남구 선릉로148길 48, 4층 (청담동)",서울특별시 강남구 청담동 19-17,,2006-08-21,영업,gangnam-cheongdam,,PENDING_REVIEW
3220000-204-2006-00126,앤드뮤,salon,일반미용업,미용업,"서울특별시 강남구 언주로165길 5, 지하1층 (신사동)",서울특별시 강남구 신사동 623,025495836,2006-10-25,영업,gangnam-cheongdam,,PENDING_REVIEW
3220000-204-2006-00128,오프스헤어,salon,일반미용업,미용업,"서울특별시 강남구 압구정로34길 11 (신사동,압구정스퀘어지하102호)",서울특별시 강남구 신사동 620-0 압구정스퀘어지하102호,025455040,2006-11-03,영업,gangnam-cheongdam,,PENDING_REVIEW
3220000-204-2006-00154,애브뉴준오,salon,일반미용업,미용업,"서울특별시 강남구 삼성로 728, 준오헤어 청담동 사옥 지하1,지상1~4층 (청담동)",서울특별시 강남구 청담동 63-14 준오헤어 청담동 사옥,0221380605,2006-02-28,영업,gangnam-cheongdam,,PENDING_REVIEW
3220000-204-2007-00003,루덴헤어,salon,일반미용업,미용업,"서울특별시 강남구 강남대로 652, 지상2층 204호 B06호 (신사동)",서울특별시 강남구 신사동 504-11,,2007-01-05,영업,gangnam-cheongdam,,PENDING_REVIEW
3220000-204-2007-00025,김미덕헤어센스,salon,일반미용업,미용업,"서울특별시 강남구 학동로101길 26, 청담 삼익상가 1층 156호 (청담동)",서울특별시 강남구 청담동 134-20 청담 삼익상가,025126223,2007-03-29,영업,gangnam-cheongdam,,PENDING_REVIEW
3220000-204-2007-00054,강미주 토탈뷰티,salon,일반미용업,미용업,"서울특별시 강남구 논현로 863, 2,3층 (신사동)",서울특별시 강남구 신사동 581-4,025115566,2007-05-16,영업,gangnam-cheongdam,,PENDING_REVIEW
3220000-204-2007-00150,루치아,salon,일반미용업,미용업,"서울특별시 강남구 압구정로 309, B동 지상 2층 201호 (압구정동, 현대아파트)",서울특별시 강남구 압구정동 481 현대아파트,,2007-11-30,영업,gangnam-cheongdam,,PENDING_REVIEW
3220000-204-2008-00008,김화숙헤어,salon,일반미용업,미용업,"서울특별시 강남구 도산대로35길 46 (신사동,리갈팰리스 지상1층 101-B호)",서울특별시 강남구 신사동 626-0 리갈팰리스 지상1층 101-B호,,2008-01-21,영업,gangnam-cheongdam,,PENDING_REVIEW
3220000-204-2008-00022,헤어카페홍,salon,일반미용업,미용업,"서울특별시 강남구 학동로 609, 149호, 150호 (청담동, 삼익상가 지상1층)","서울특별시 강남구 청담동 133-3 삼익상가 지상1층 149호,150호",,2008-02-29,영업,gangnam-cheongdam,,PENDING_REVIEW
3220000-204-2009-00001,김국애 헤어포엘,salon,일반미용업,미용업,"서울특별시 강남구 압구정로 152 (신사동,301호)",서울특별시 강남구 신사동 575-0 301호,,2009-08-04,영업,gangnam-cheongdam,,PENDING_REVIEW
3220000-211-1990-00001,박승철헤어스투디오 청담점,salon,일반미용업,일반미용업,"서울특별시 강남구 삼성로 740, 지상2층 (청담동)",서울특별시 강남구 청담동 63,0205146167,1990-10-19,영업,gangnam-cheongdam,,PENDING_REVIEW
3220000-211-1992-00002,준오헤어,salon,일반미용업,일반미용업,"서울특별시 강남구 선릉로161길 16, 2층,3층 (신사동)",서울특별시 강남구 신사동 661-9,025165517,1992-09-29,영업,gangnam-cheongdam,juno-hair-garosugil,PENDING_REVIEW
3220000-211-2000-00001,메르시(merci)은이,salon,일반미용업,일반미용업,"서울특별시 강남구 삼성로147길 18, 1층 101호 (청담동)",서울특별시 강남구 청담동 11-23 1층 101호,025458387,2000-05-20,영업,gangnam-cheongdam,,PENDING_REVIEW
3220000-211-2002-00003,헤어벤쳐,salon,일반미용업,일반미용업,"서울특별시 강남구 압구정로 113-22, 1층 11호 (압구정동)",서울특별시 강남구 압구정동 415,025964668,2002-09-10,영업,gangnam-cheongdam,,PENDING_REVIEW
3220000-211-2003-00007,헤어인러브,salon,일반미용업,일반미용업,"서울특별시 강남구 선릉로148길 39, 2층 (청담동)",서울특별시 강남구 청담동 3-15,025460366,2003-07-10,영업,gangnam-cheongdam,,PENDING_REVIEW
3220000-211-2003-00010,사자헤어 3F,salon,일반미용업,일반미용업,"서울특별시 강남구 압구정로46길 27 (신사동,명원빌딩3층)",서울특별시 강남구 신사동 642-4 명원빌딩3층,,2003-04-24,영업,gangnam-cheongdam,,PENDING_REVIEW
3220000-211-2003-00013,사자헤어 2F,salon,일반미용업,일반미용업,"서울특별시 강남구 압구정로46길 27 (신사동,지상2층)",서울특별시 강남구 신사동 642-4 지상2층,027156469,2003-04-10,영업,gangnam-cheongdam,,PENDING_REVIEW
3220000-211-2004-00008,사랑방미용실,salon,일반미용업,일반미용업,"서울특별시 강남구 논현로167길 21 (신사동,지상1층)",서울특별시 강남구 신사동 570 지상1층,025466818,2004-03-26,영업,gangnam-cheongdam,,PENDING_REVIEW
3220000-211-2005-00011,리 에디트,salon,일반미용업,일반미용업,"서울특별시 강남구 선릉로148길 48, 4층 (청담동)",서울특별시 강남구 청담동 19-17,025111980,2005-01-19,영업,gangnam-cheongdam,,PENDING_REVIEW
3220000-211-2007-00010,테뜨 리베르떼,salon,일반미용업,일반미용업,"서울특별시 강남구 압구정로 151 (압구정동,현대아파트상가 3동201호)",서울특별시 강남구 압구정동 426-0 현대아파트상가 3동201호,0234426361,2007-02-09,영업,gangnam-cheongdam,,PENDING_REVIEW
3220000-211-2008-00008,제오헤어 압구정,salon,일반미용업,일반미용업,"서울특별시 강남구 선릉로161길 18 (신사동,지상1층)",서울특별시 강남구 신사동 661-13 지상1층,025789338,2008-07-03,영업,gangnam-cheongdam,,PENDING_REVIEW
3220000-211-2008-00025,에끌라,salon,일반미용업,일반미용업,"서울특별시 강남구 도산대로89길 22 (청담동,남양빌딩 지상1층102호)",서울특별시 강남구 청담동 126-4 남양빌딩 지상1층102호,,2008-09-04,영업,gangnam-cheongdam,,PENDING_REVIEW
3220000-211-2008-00058,터치스비(TouchesBy),salon,일반미용업,일반미용업,"서울특별시 강남구 논현로155길 10, 2층 (신사동)",서울특별시 강남구 신사동 565-20,025428236,2008-12-26,영업,gangnam-cheongdam,,PENDING_REVIEW
3220000-211-2009-00008,조슈아,salon,일반미용업,일반미용업,"서울특별시 강남구 학동로63길 11 (청담동,지상1층)",서울특별시 강남구 청담동 36-4 지상1층,,2009-02-04,영업,gangnam-cheongdam,,PENDING_REVIEW
3220000-211-2009-00124,에반스타일(EVANSTYLE),salon,일반미용업,일반미용업,"서울특별시 강남구 도산대로55길 47, 지상2층 (청담동)",서울특별시 강남구 청담동 84-20,023127273,2009-03-09,영업,gangnam-cheongdam,,PENDING_REVIEW
3220000-211-2009-00125,킹스턴 맨즈헤어,salon,일반미용업,일반미용업,"서울특별시 강남구 압구정로42길 12, 지하1층 (신사동)",서울특별시 강남구 신사동 637-11,,2009-01-06,영업,gangnam-cheongdam,,PENDING_REVIEW
3220000-211-2010-00034,해피,nail_lash,네일아트업,일반미용업,"서울특별시 강남구 압구정로29길 72-1 (압구정동,신사상가 지상1층)",서울특별시 강남구 압구정동 454-0 신사상가 지상1층,025140233,2010-04-16,영업,gangnam-cheongdam,,PENDING_REVIEW
3220000-211-2010-00051,신오키새날,salon,일반미용업,일반미용업,"서울특별시 강남구 압구정로2길 58, 지상2층 (신사동)",서울특별시 강남구 신사동 511-10,,2010-06-07,영업,gangnam-cheongdam,,PENDING_REVIEW
3220000-211-2010-00065,준오헤어,salon,일반미용업,일반미용업,"서울특별시 강남구 도산대로 127, 경서빌딩 3층 (신사동)",서울특별시 강남구 신사동 514-10 경서빌딩,0234460605,2010-07-07,영업,gangnam-cheongdam,juno-hair-garosugil,PENDING_REVIEW
3220000-211-2010-00101,택킴(TAEKKIM),salon,일반미용업,일반미용업,"서울특별시 강남구 언주로165길 12, 2층 (신사동)",서울특별시 강남구 신사동 622-9,,2010-10-14,영업,gangnam-cheongdam,,PENDING_REVIEW
3220000-211-2011-00053,아이벨르압구현대점,salon,일반미용업,일반미용업,"서울특별시 강남구 압구정로29길 21 (압구정동,현대백화점 뷰티파크 2층)",서울특별시 강남구 압구정동 450 현대백화점 뷰티파크 2층,,2011-08-16,영업,gangnam-cheongdam,,PENDING_REVIEW
3220000-211-2011-00090,나(NAA),salon,일반미용업,일반미용업,"서울특별시 강남구 논현로158길 14, 영빌딩 6층 (신사동)",서울특별시 강남구 신사동 591-5 영빌딩,,2011-11-22,영업,gangnam-cheongdam,,PENDING_REVIEW
3220000-211-2012-00004,포원 작은행복,salon,일반미용업,일반미용업,"서울특별시 강남구 논현로154길 19, 지상1층 (신사동)",서울특별시 강남구 신사동 591-6 지상1층,025149568,2012-01-31,영업,gangnam-cheongdam,,PENDING_REVIEW
3220000-211-2012-00005,H스타일(에비뉴청담점),salon,일반미용업,일반미용업,"서울특별시 강남구 도산대로55길 40, 지상3층 (청담동)",서울특별시 강남구 청담동 83-7 지상3층,,2012-02-01,영업,gangnam-cheongdam,,PENDING_REVIEW
3220000-211-2012-00028,에끌라,salon,일반미용업,일반미용업,"서울특별시 강남구 학동로101길 26, 지상1층 130호 (청담동, 삼익상가)",서울특별시 강남구 청담동 134-20,,2012-06-13,영업,gangnam-cheongdam,,PENDING_REVIEW
3220000-211-2012-00043,비쥬,salon,일반미용업,일반미용업,"서울특별시 강남구 학동로81길 33, 지상1층 (청담동)",서울특별시 강남구 청담동 63-9,,2012-09-12,영업,gangnam-cheongdam,,PENDING_REVIEW
3220000-211-2012-00056,코코네일,nail_lash,네일아트업,일반미용업,"서울특별시 강남구 학동로77길 27, 지상1층 101호 (청담동, 대림아파트 제상가동)",서울특별시 강남구 청담동 30-33 대림아파트 제상가동 지상1층 101호,,2012-12-07,영업,gangnam-cheongdam,,PENDING_REVIEW
3220000-211-2012-00057,블링블링,nail_lash,네일아트업,일반미용업,"서울특별시 강남구 학동로101길 26, 172호 (청담동, 청담삼익상가)",서울특별시 강남구 청담동 134-20,,2012-12-11,영업,gangnam-cheongdam,,PENDING_REVIEW
3220000-211-2012-00079,에스살롱나인,salon,일반미용업,일반미용업,"서울특별시 강남구 학동로63길 6, 2층 (청담동)",서울특별시 강남구 청담동 44-19,03180173415,2012-03-02,영업,gangnam-cheongdam,,PENDING_REVIEW
3220000-211-2013-00009,재클린헤어메이크업,salon,일반미용업,일반미용업,"서울특별시 강남구 삼성로149길 10, 지상1층 (청담동)",서울특별시 강남구 청담동 6-2,0234480505,2013-02-21,영업,gangnam-cheongdam,,PENDING_REVIEW
3220000-211-2013-00069,헤움,salon,일반미용업,일반미용업,"서울특별시 강남구 언주로159길 3, 5층 (신사동)",서울특별시 강남구 신사동 627-6,025412055,2013-07-23,영업,gangnam-cheongdam,,PENDING_REVIEW
3220000-211-2013-00072,유진헤어,salon,일반미용업,일반미용업,"서울특별시 강남구 도산대로15길 15, 지상4층 (신사동)",서울특별시 강남구 신사동 541-6,,2013-08-06,영업,gangnam-cheongdam,,PENDING_REVIEW
3220000-211-2013-00073,네일탐이나,nail_lash,네일아트업,일반미용업,"서울특별시 강남구 선릉로153길 7, 지상2층 (신사동)",서울특별시 강남구 신사동 666,,2013-08-08,영업,gangnam-cheongdam,,PENDING_REVIEW
3220000-211-2013-00105,아트랩,salon,일반미용업,일반미용업,"서울특별시 강남구 도산대로78길 16, 지상1층 (청담동)",서울특별시 강남구 청담동 12-17,,2013-11-11,영업,gangnam-cheongdam,,PENDING_REVIEW
3220000-211-2013-00111,쌤시크 블랙,salon,일반미용업,일반미용업,"서울특별시 강남구 선릉로146길 27-5, JP 팰리스 지상1층 (청담동)",서울특별시 강남구 청담동 21-13 JP 팰리스,,2013-11-19,영업,gangnam-cheongdam,,PENDING_REVIEW
3220000-211-2014-00002,위스도산점(wythe),salon,일반미용업,일반미용업,"서울특별시 강남구 언주로 807, 지하1층 (신사동)",서울특별시 강남구 신사동 628-23 소촌빌딩,,2014-01-03,영업,gangnam-cheongdam,,PENDING_REVIEW
3220000-211-2014-00019,이가자 아뜰리에 청담,salon,일반미용업,일반미용업,"서울특별시 강남구 영동대로 708, 지상3층 (청담동)",서울특별시 강남구 청담동 132-19 지상3층,025455573,2014-02-14,영업,gangnam-cheongdam,,PENDING_REVIEW
3220000-211-2014-00031,엘리나컴퍼니(엘리나의헤어스파),salon,일반미용업,일반미용업,"서울특별시 강남구 논현로157길 21, 303호 (신사동, 서경빌딩)",서울특별시 강남구 신사동 565-0 서경빌딩 303호,,2014-03-06,영업,gangnam-cheongdam,,PENDING_REVIEW
3220000-211-2014-00038,가빈,salon,일반미용업,일반미용업,"서울특별시 강남구 강남대로152길 68, 2층 (신사동)",서울특별시 강남구 신사동 539-4,,2014-03-19,영업,gangnam-cheongdam,,PENDING_REVIEW
3220000-211-2014-00048,헤어투데이,salon,일반미용업,일반미용업,"서울특별시 강남구 삼성로135길 41, 지상1층 103호 (청담동)",서울특별시 강남구 청담동 35-1 지상1층 103호,,2014-04-01,영업,gangnam-cheongdam,,PENDING_REVIEW
3220000-211-2014-00109,우인뷰티살롱,salon,일반미용업,일반미용업,"서울특별시 강남구 도산대로49길 10, 지상2층 (신사동)",서울특별시 강남구 신사동 652-0 지상2층,,2014-06-26,영업,gangnam-cheongdam,,PENDING_REVIEW
3220000-211-2014-00148,요닝,salon,일반미용업,일반미용업,"서울특별시 강남구 도산대로81길 28, 꼬모빌딩 지상2,3,4층 (청담동)",서울특별시 강남구 청담동 116-3 꼬모빌딩,,2014-10-02,영업,gangnam-cheongdam,yoning,PENDING_REVIEW
3220000-211-2014-00171,라메종뷰티,salon,일반미용업,일반미용업,"서울특별시 강남구 도산대로55길 49, 지하1층 (청담동)",서울특별시 강남구 청담동 84-21,,2014-11-27,영업,gangnam-cheongdam,,PENDING_REVIEW
3220000-211-2014-00185,홈(home),salon,일반미용업,일반미용업,"서울특별시 강남구 도산대로85길 14, 2층 (청담동)",서울특별시 강남구 청담동 122-7,,2014-08-25,영업,gangnam-cheongdam,,PENDING_REVIEW
3220000-211-2015-00025,날아헤어(NAR.A Hair),salon,일반미용업,일반미용업,"서울특별시 강남구 선릉로132길 5, 1층 (청담동)",서울특별시 강남구 청담동 40-23,,2015-03-03,영업,gangnam-cheongdam,,PENDING_REVIEW
3220000-211-2015-00035,더제이,salon,일반미용업,일반미용업,"서울특별시 강남구 선릉로148길 52-12, J타워 지하2층 (청담동)",서울특별시 강남구 청담동 19-35 J타워,,2015-03-17,영업,gangnam-cheongdam,,PENDING_REVIEW
3220000-211-2015-00050,스틸엔스톤,salon,일반미용업,일반미용업,"서울특별시 강남구 선릉로153길 13, 한조빌딩 지상4층 401호 (신사동)",서울특별시 강남구 신사동 654-5 한조빌딩,0234460549,2015-04-24,영업,gangnam-cheongdam,,PENDING_REVIEW
3220000-211-2015-00052,이스타일메이크업헤어,salon,일반미용업,일반미용업,서울특별시 강남구 학동로 401 (청담동),서울특별시 강남구 청담동 41-2 금하빌딩 지하1층,,2015-04-27,영업,gangnam-cheongdam,,PENDING_REVIEW
3220000-211-2015-00056,컬렉션위드챨리정,salon,일반미용업,일반미용업,"서울특별시 강남구 선릉로152길 7, 지상3층 (청담동)",서울특별시 강남구 청담동 85-7 지상3층,,2015-05-04,영업,gangnam-cheongdam,,PENDING_REVIEW
3220000-211-2015-00065,티아라 바이 박은경,salon,일반미용업,일반미용업,"서울특별시 강남구 논현로168길 24, 1층 (신사동)",서울특별시 강남구 신사동 600-5,,2015-06-05,영업,gangnam-cheongdam,,PENDING_REVIEW
3220000-211-2015-00073,헤어 그곳,salon,일반미용업,일반미용업,"서울특별시 강남구 압구정로18길 8, 지상1층 102호 (신사동)",서울특별시 강남구 신사동 550-16,,2015-07-15,영업,gangnam-cheongdam,,PENDING_REVIEW
3220000-211-2015-00087,해피니언 압구정 플래그십,salon,일반미용업,일반미용업,"서울특별시 강남구 압구정로46길 5-2, 원일 지상5층 (신사동)",서울특별시 강남구 신사동 660-18 원일,,2015-08-31,영업,gangnam-cheongdam,,PENDING_REVIEW
3220000-211-2016-00025,누보,salon,일반미용업,일반미용업,"서울특별시 강남구 논현로151길 26, 지상2층 (신사동)",서울특별시 강남구 신사동 559-16,,2016-04-08,영업,gangnam-cheongdam,,PENDING_REVIEW
3220000-211-2016-00033,얼웨이즈(Always),salon,일반미용업,일반미용업,"서울특별시 강남구 선릉로157길 31, 지상1층 (신사동)",서울특별시 강남구 신사동 657-2,,2016-05-09,영업,gangnam-cheongdam,,PENDING_REVIEW
3220000-211-2016-00061,에드비붙임머리,salon,일반미용업,일반미용업,"서울특별시 강남구 압구정로48길 24, 지상2층 (신사동)",서울특별시 강남구 신사동 642-2,025182006,2016-08-05,영업,gangnam-cheongdam,,PENDING_REVIEW
3220000-211-2016-00079,준오헤어,salon,일반미용업,일반미용업,"서울특별시 강남구 논현로175길 11, 2층 (신사동)",서울특별시 강남구 신사동 578-1,025140605,2016-09-26,영업,gangnam-cheongdam,juno-hair-garosugil,PENDING_REVIEW
3220000-211-2016-00088,디자인 안,salon,일반미용업,일반미용업,"서울특별시 강남구 논현로175길 25, 지상2층 207호 (신사동, 다보빌딩)",서울특별시 강남구 신사동 577,025407725,2016-10-31,영업,gangnam-cheongdam,,PENDING_REVIEW
3220000-211-2016-00096,더청담헤어,salon,일반미용업,일반미용업,"서울특별시 강남구 도산대로85길 30, 1층 116호 (청담동, 청담 신원아침도시마인)",서울특별시 강남구 청담동 122-35,,2016-12-02,영업,gangnam-cheongdam,,PENDING_REVIEW
3220000-211-2016-00101,나미살롱,salon,일반미용업,일반미용업,"서울특별시 강남구 도산대로25길 39, 지상1층 101호 (신사동)",서울특별시 강남구 신사동 556-28,,2016-12-13,영업,gangnam-cheongdam,,PENDING_REVIEW
3220000-211-2017-00004,나나헤어,salon,일반미용업,일반미용업,"서울특별시 강남구 강남대로156길 48, 지상3층 (신사동)",서울특별시 강남구 신사동 536-19,0254977779,2017-01-18,영업,gangnam-cheongdam,,PENDING_REVIEW
3220000-211-2017-00013,세븐스트릿,salon,일반미용업,일반미용업,"서울특별시 강남구 논현로152길 35, 3층 (신사동)",서울특별시 강남구 신사동 589-19,,2017-02-21,영업,gangnam-cheongdam,,PENDING_REVIEW
3220000-211-2017-00027,수수살롱,salon,일반미용업,일반미용업,"서울특별시 강남구 논현로167길 16, 지상1층 105호 (신사동)",서울특별시 강남구 신사동 576-10,025189220,2017-03-29,영업,gangnam-cheongdam,,PENDING_REVIEW
3220000-211-2017-00031,초이진 헤어,salon,일반미용업,일반미용업,"서울특별시 강남구 선릉로161길 7, 지상2층 (신사동)",서울특별시 강남구 신사동 664-24,025157333,2017-04-06,영업,gangnam-cheongdam,,PENDING_REVIEW
3220000-211-2017-00042,레비비르(revivir),salon,일반미용업,일반미용업,"서울특별시 강남구 압구정로22길 10, 지상2층 202호 (신사동)",서울특별시 강남구 신사동 572,,2017-05-12,영업,gangnam-cheongdam,,PENDING_REVIEW
3220000-211-2017-00050,아뜰리에 제이,salon,일반미용업,일반미용업,"서울특별시 강남구 논현로161길 17, 2층 (신사동)",서울특별시 강남구 신사동 567-15,025160709,2017-06-12,영업,gangnam-cheongdam,,PENDING_REVIEW
3220000-211-2017-00052,위닛 더 압구정,salon,일반미용업,일반미용업,"서울특별시 강남구 압구정로54길 5, 2층 201호 (신사동)",서울특별시 강남구 신사동 664-1,,2017-06-15,영업,gangnam-cheongdam,,PENDING_REVIEW
3220000-211-2017-00055,은살롱,salon,일반미용업,일반미용업,"서울특별시 강남구 학동로101길 33, 2층 2호 (청담동)",서울특별시 강남구 청담동 132-3,,2017-07-04,영업,gangnam-cheongdam,,PENDING_REVIEW
3220000-211-2017-00058,이문원헤어랩(lmw hair lab),salon,일반미용업,일반미용업,"서울특별시 강남구 선릉로132길 33, 2층 (청담동)",서울특별시 강남구 청담동 37-11,025111079,2017-07-05,영업,gangnam-cheongdam,,PENDING_REVIEW
3220000-211-2017-00069,치유헤어하우스,salon,일반미용업,일반미용업,"서울특별시 강남구 논현로164길 16-7, 1층 (신사동)",서울특별시 강남구 신사동 596-6,,2017-07-25,영업,gangnam-cheongdam,,PENDING_REVIEW
3220000-211-2017-00078,논코드 Non-code,salon,일반미용업,일반미용업,"서울특별시 강남구 선릉로161길 25, 지상3층 (신사동)",서울특별시 강남구 신사동 662-1,,2017-08-22,영업,gangnam-cheongdam,,PENDING_REVIEW
3220000-211-2017-00080,쁘띠헤어샵,salon,일반미용업,일반미용업,"서울특별시 강남구 압구정로 151, 상가2동 1층 12호 (압구정동)",서울특별시 강남구 압구정동 426,,2017-08-30,영업,gangnam-cheongdam,,PENDING_REVIEW
3220000-211-2017-00083,린다 미용실,salon,일반미용업,일반미용업,"서울특별시 강남구 압구정로18길 31, 4층 (신사동)",서울특별시 강남구 신사동 567-1,,2017-09-14,영업,gangnam-cheongdam,,PENDING_REVIEW
3220000-211-2017-00095,헤어마지코,salon,일반미용업,일반미용업,"서울특별시 강남구 압구정로50길 28, 지상1층 (신사동)",서울특별시 강남구 신사동 658,,2017-10-13,영업,gangnam-cheongdam,,PENDING_REVIEW
3220000-211-2017-00109,더톡,salon,일반미용업,일반미용업,"서울특별시 강남구 압구정로79길 51-6, 3층 (청담동)",서울특별시 강남구 청담동 126-13,,2017-12-06,영업,gangnam-cheongdam,,PENDING_REVIEW
3220000-211-2017-00115,로나(Lona),salon,일반미용업,일반미용업,"서울특별시 강남구 도산대로75길 19, 1층 (청담동)",서울특별시 강남구 청담동 96-6,,2017-06-27,영업,gangnam-cheongdam,,PENDING_REVIEW
3220000-211-2017-00117,조이187스타점,salon,일반미용업,일반미용업,"서울특별시 강남구 선릉로152길 30, 스페이스 청담(SPACE CHUNGDAM) 지상2층 (청담동)",서울특별시 강남구 청담동 91-3 스페이스 청담(SPACE CHUNGDAM),025170187,2017-07-10,영업,gangnam-cheongdam,,PENDING_REVIEW
3220000-211-2018-00001,청담라온헤어,salon,일반미용업,일반미용업,"서울특별시 강남구 학동로101길 33, 지상1층 4호 (청담동)",서울특별시 강남구 청담동 132-3 청담상가,025492393,2018-01-05,영업,gangnam-cheongdam,,PENDING_REVIEW
3220000-211-2018-00014,바베리아,salon,일반미용업,일반미용업,"서울특별시 강남구 논현로154길 10, 1층 (신사동)",서울특별시 강남구 신사동 590-6,,2018-03-08,영업,gangnam-cheongdam,,PENDING_REVIEW
3220000-211-2018-00018,레코드헤어 스튜디오,salon,일반미용업,일반미용업,"서울특별시 강남구 가로수길 57-6, 지상3층 301호 (신사동)",서울특별시 강남구 신사동 533-9,,2018-04-19,영업,gangnam-cheongdam,,PENDING_REVIEW
3220000-211-2018-00022,루체헤어,salon,일반미용업,일반미용업,"서울특별시 강남구 선릉로132길 35, 1층 102호 (청담동)",서울특별시 강남구 청담동 37-10,,2018-05-02,영업,gangnam-cheongdam,,PENDING_REVIEW
3220000-211-2018-00025,라리엔 가로수길,salon,일반미용업,일반미용업,"서울특별시 강남구 가로수길 55, 지상2층 (신사동)",서울특별시 강남구 신사동 533-13,,2018-05-21,영업,gangnam-cheongdam,,PENDING_REVIEW
3220000-211-2018-00026,블로우(BLOW),salon,일반미용업,일반미용업,"서울특별시 강남구 압구정로73길 21, 지상1층~4층 (청담동)",서울특별시 강남구 청담동 101-22,,2018-05-30,영업,gangnam-cheongdam,,PENDING_REVIEW
3220000-211-2018-00028,제이앤,salon,일반미용업,일반미용업,"서울특별시 강남구 압구정로29길 69, 상가동 지하1층 (압구정동, 현대아파트)",서울특별시 강남구 압구정동 436 현대아파트,,2018-06-18,영업,gangnam-cheongdam,,PENDING_REVIEW
3220000-211-2018-00031,그로잉살롱 본점,salon,일반미용업,일반미용업,"서울특별시 강남구 도산대로11길 28, 지상3층 (신사동)",서울특별시 강남구 신사동 535-9,,2018-07-12,영업,gangnam-cheongdam,,PENDING_REVIEW
3220000-211-2018-00033,커티즘바이,salon,일반미용업,일반미용업,"서울특별시 강남구 도산대로62길 17, 4층 (청담동)",서울특별시 강남구 청담동 19-4,,2018-07-19,영업,gangnam-cheongdam,,PENDING_REVIEW
3220000-211-2018-00043,헤어스테이지,salon,일반미용업,일반미용업,"서울특별시 강남구 압구정로29길 71, 상가5동 지상1층 109호 (압구정동, 현대아파트)",서울특별시 강남구 압구정동 369-1 현대아파트,025484558,2018-08-14,영업,gangnam-cheongdam,,PENDING_REVIEW
3220000-211-2018-00049,뮤드헤어(MEUD hair),salon,일반미용업,일반미용업,"서울특별시 강남구 강남대로162길 22, 지상3층 301호 (신사동)",서울특별시 강남구 신사동 521-5,,2018-09-17,영업,gangnam-cheongdam,,PENDING_REVIEW
3220000-211-2018-00055,프랑스4층(PRANCE),salon,일반미용업,일반미용업,"서울특별시 강남구 언주로172길 28, 오리엔탈빌딩 지상4층 (신사동)",서울특별시 강남구 신사동 643-10 오리엔탈빌딩,,2018-10-05,영업,gangnam-cheongdam,,PENDING_REVIEW
3220000-211-2018-00080,그라티에압구정점염색탈색복구클리닉전문24시,salon,일반미용업,일반미용업,"서울특별시 강남구 언주로172길 4, 지상2층 202호 (신사동)",서울특별시 강남구 신사동 636-1,,2018-10-24,영업,gangnam-cheongdam,,PENDING_REVIEW
3220000-211-2018-00082,메오드 137,salon,일반미용업,일반미용업,"서울특별시 강남구 학동로101길 11, 1동 210호 (청담동)",서울특별시 강남구 청담동 132-16,,2018-12-03,영업,gangnam-cheongdam,,PENDING_REVIEW
3220000-211-2018-00083,#샵꽁뜨,salon,일반미용업,일반미용업,"서울특별시 강남구 선릉로161길 15-3, 3층 (신사동)",서울특별시 강남구 신사동 662-16,023329929,2018-07-17,영업,gangnam-cheongdam,,PENDING_REVIEW
3220000-211-2019-00002,굿데이살롱,salon,일반미용업,일반미용업,"서울특별시 강남구 선릉로153길 26, 성준빌딩 지상3층 (신사동)",서울특별시 강남구 신사동 656-18 성준빌딩,,2019-01-02,영업,gangnam-cheongdam,,PENDING_REVIEW
3220000-211-2019-00010,파비엔에이치 FABIEN.H,salon,일반미용업,일반미용업,"서울특별시 강남구 도산대로66길 26, 지상1층 (청담동)",서울특별시 강남구 청담동 18-14 지상1층,,2019-02-07,영업,gangnam-cheongdam,,PENDING_REVIEW
3220000-211-2019-00011,헤어리나,salon,일반미용업,일반미용업,"서울특별시 강남구 논현로157길 41, 2층 201호 (신사동)",서울특별시 강남구 신사동 555-25,,2019-02-11,영업,gangnam-cheongdam,,PENDING_REVIEW
3220000-211-2019-00012,하움(HAUM),salon,일반미용업,일반미용업,"서울특별시 강남구 언주로164길 24, 아크로스 빌딩 2층 (신사동)",서울특별시 강남구 신사동 649-7 아크로스 빌딩,,2019-02-13,영업,gangnam-cheongdam,,PENDING_REVIEW
3220000-211-2019-00018,류헤어,salon,일반미용업,일반미용업,"서울특별시 강남구 선릉로157길 13, 4층 (신사동)",서울특별시 강남구 신사동 657-36,,2019-02-26,영업,gangnam-cheongdam,,PENDING_REVIEW
3220000-211-2019-00023,린(LYNN),salon,일반미용업,일반미용업,"서울특별시 강남구 언주로159길 27, 지상1층 102호 (신사동)",서울특별시 강남구 신사동 625,,2019-03-11,영업,gangnam-cheongdam,,PENDING_REVIEW
3220000-211-2019-00029,이퀄다이아몬드,salon,일반미용업,일반미용업,"서울특별시 강남구 강남대로154길 35, 지상1,2층 (신사동)",서울특별시 강남구 신사동 516-15,025184247,2019-03-20,영업,gangnam-cheongdam,,PENDING_REVIEW
3220000-211-2019-00047,코벤트가든,salon,일반미용업,일반미용업,"서울특별시 강남구 삼성로145길 11, 지상5층 (청담동)",서울특별시 강남구 청담동 11-17,,2019-05-10,영업,gangnam-cheongdam,,PENDING_REVIEW
3220000-211-2019-00056,홀리헤어뮤지엄,salon,일반미용업,일반미용업,"서울특별시 강남구 언주로170길 35, 지상2층 202호 (신사동)",서울특별시 강남구 신사동 642-9,,2019-06-03,영업,gangnam-cheongdam,,PENDING_REVIEW
3220000-211-2019-00063,가희헤어,salon,일반미용업,일반미용업,"서울특별시 강남구 도산대로49길 10-1, 지상2층 (신사동)",서울특별시 강남구 신사동 653-14,,2019-07-04,영업,gangnam-cheongdam,,PENDING_REVIEW
3220000-211-2019-00068,차홍룸 압구정,salon,일반미용업,일반미용업,"서울특별시 강남구 압구정로 324, 2층 (신사동)",서울특별시 강남구 신사동 660,,2019-07-29,영업,gangnam-cheongdam,,PENDING_REVIEW
3220000-211-2019-00078,헬렌비(HELLEN.B),salon,일반미용업,일반미용업,"서울특별시 강남구 논현로175길 103, 지상1층 102호 (신사동)",서울특별시 강남구 신사동 525-11,,2019-09-05,영업,gangnam-cheongdam,,PENDING_REVIEW
3220000-211-2019-00084,누메로원,salon,일반미용업,일반미용업,"서울특별시 강남구 선릉로162길 41, 지상4층 (청담동)",서울특별시 강남구 청담동 80-3,,2019-09-24,영업,gangnam-cheongdam,,PENDING_REVIEW
3220000-211-2019-00089,마블,salon,일반미용업,일반미용업,"서울특별시 강남구 삼성로146길 4-1, 율민빌딩 3층 (청담동)",서울특별시 강남구 청담동 62-12 율민빌딩,,2019-10-08,영업,gangnam-cheongdam,,PENDING_REVIEW
3220000-211-2019-00101,파인(fine),salon,일반미용업,일반미용업,"서울특별시 강남구 도산대로19길 48, 지하1층 (신사동)",서울특별시 강남구 신사동 554-10,,2019-11-01,영업,gangnam-cheongdam,,PENDING_REVIEW
3220000-211-2019-00122,베이바이허슬기 라벤더점,salon,일반미용업,일반미용업,"서울특별시 강남구 선릉로161길 31, 혜성빌딩 서측상가 지상1층 (신사동)",서울특별시 강남구 신사동 659-9 혜성빌딩,023339395,2019-11-07,영업,gangnam-cheongdam,,PENDING_REVIEW
3220000-211-2020-00001,준오헤어,salon,일반미용업,일반미용업,"서울특별시 강남구 도산대로11길 18, 지상2층 (신사동)",서울특별시 강남구 신사동 536-3 운산빌딩,,2020-01-13,영업,gangnam-cheongdam,juno-hair-garosugil,PENDING_REVIEW
3220000-211-2020-00012,디오브제(the OBJET),salon,일반미용업,일반미용업,"서울특별시 강남구 압구정로79길 18, 지상3층 (청담동)",서울특별시 강남구 청담동 120-7,,2020-02-13,영업,gangnam-cheongdam,,PENDING_REVIEW
3220000-211-2020-00045,로얄옴므(Royal Homme),salon,일반미용업,일반미용업,"서울특별시 강남구 압구정로28길 13, 지상2층 (신사동)",서울특별시 강남구 신사동 581-8,,2020-06-25,영업,gangnam-cheongdam,,PENDING_REVIEW
3220000-211-2020-00046,재스트 더 힙(ZAST THE HIP),salon,일반미용업,일반미용업,"서울특별시 강남구 도산대로63길 18, 비케이빌딩 지상6층 (청담동)",서울특별시 강남구 청담동 93-8 비케이빌딩,,2020-06-29,영업,gangnam-cheongdam,,PENDING_REVIEW
3220000-211-2020-00050,프랑스 3층(PRANCE),salon,일반미용업,일반미용업,"서울특별시 강남구 언주로172길 28, 지상3층 (신사동)",서울특별시 강남구 신사동 643-10 오리엔탈빌딩,,2020-07-07,영업,gangnam-cheongdam,,PENDING_REVIEW
3220000-211-2020-00060,나니초 NANICHO BEAUTEOUS,salon,일반미용업,일반미용업,"서울특별시 강남구 도산대로101길 22, rio128 1층 (청담동)",서울특별시 강남구 청담동 128-6 rio128,,2020-08-04,영업,gangnam-cheongdam,,PENDING_REVIEW
3220000-211-2020-00070,더봄,salon,일반미용업,일반미용업,"서울특별시 강남구 논현로175길 75, 지상3층 301호 (신사동)",서울특별시 강남구 신사동 547-5,,2020-09-01,영업,gangnam-cheongdam,the-bom-personal-color-makeup,PENDING_REVIEW
3220000-211-2020-00071,디스탠다드(The Standard),salon,일반미용업,일반미용업,"서울특별시 강남구 강남대로156길 35, 지상3층 (신사동)",서울특별시 강남구 신사동 517-33,,2020-09-04,영업,gangnam-cheongdam,,PENDING_REVIEW
3220000-211-2020-00076,큐노 헤어(QUNO HAIR),salon,일반미용업,일반미용업,"서울특별시 강남구 선릉로148길 52-14, 청록빌딩 지상2층 (청담동)",서울특별시 강남구 청담동 19-34 청록빌딩,,2020-09-28,영업,gangnam-cheongdam,,PENDING_REVIEW
3220000-211-2020-00079,포레스타 FORESTA,salon,일반미용업,일반미용업,"서울특별시 강남구 도산대로45길 16-11, 1,2층 (신사동)",서울특별시 강남구 신사동 650-8,,2020-10-08,영업,gangnam-cheongdam,,PENDING_REVIEW
3220000-211-2020-00080,벨리티,salon,일반미용업,일반미용업,"서울특별시 강남구 학동로55길 17, 1층 (청담동)",서울특별시 강남구 청담동 40-17,,2020-10-14,영업,gangnam-cheongdam,,PENDING_REVIEW
3220000-211-2020-00081,훈스튜디오,salon,일반미용업,일반미용업,"서울특별시 강남구 도산대로72길 16, 2층 (청담동)",서울특별시 강남구 청담동 13-3,,2020-10-14,영업,gangnam-cheongdam,,PENDING_REVIEW
3220000-211-2020-00085,젠틀가이 헤어샵,salon,일반미용업,일반미용업,"서울특별시 강남구 압구정로 306, 지상1층 102호 (신사동)",서울특별시 강남구 신사동 638-2,,2020-10-27,영업,gangnam-cheongdam,,PENDING_REVIEW
3220000-211-2020-00086,아뜰랑 맨즈헤어 신사역점,salon,일반미용업,일반미용업,"서울특별시 강남구 강남대로152길 23, 지상4층 (신사동)",서울특별시 강남구 신사동 512-11,,2020-10-30,영업,gangnam-cheongdam,,PENDING_REVIEW
3220000-211-2020-00098,비젠트헤어(BEGENT HAIR),salon,일반미용업,일반미용업,"서울특별시 강남구 언주로174길 30, 로빈명품관 지상2층 204호 (신사동)",서울특별시 강남구 신사동 640-2 로빈명품관,,2020-06-15,영업,gangnam-cheongdam,,PENDING_REVIEW
3220000-211-2021-00004,헤아 가로수길점,salon,일반미용업,일반미용업,"서울특별시 강남구 압구정로10길 30-12, 지하1층 (신사동)",서울특별시 강남구 신사동 524-27,,2021-01-20,영업,gangnam-cheongdam,,PENDING_REVIEW
3220000-211-2021-00006,에드비 강남점,salon,일반미용업,일반미용업,"서울특별시 강남구 압구정로48길 24, 지상2층 (신사동)",서울특별시 강남구 신사동 642-2,,2021-01-22,영업,gangnam-cheongdam,,PENDING_REVIEW
3220000-211-2021-00015,헤링크,salon,일반미용업,일반미용업,"서울특별시 강남구 학동로97길 38, 더하우스 지상3층 (청담동)",서울특별시 강남구 청담동 68-9 더하우스,025455105,2021-02-17,영업,gangnam-cheongdam,,PENDING_REVIEW
3220000-211-2021-00019,"살롱,모행",salon,일반미용업,일반미용업,"서울특별시 강남구 논현로161길 33, 2층 (신사동)",서울특별시 강남구 신사동 567,,2021-02-23,영업,gangnam-cheongdam,,PENDING_REVIEW
3220000-211-2021-00025,이라헤어,salon,일반미용업,일반미용업,"서울특별시 강남구 언주로174길 22, 지상3층 (신사동)",서울특별시 강남구 신사동 640-13,,2021-03-16,영업,gangnam-cheongdam,,PENDING_REVIEW
3220000-211-2021-00029,인디 비주얼,salon,일반미용업,일반미용업,"서울특별시 강남구 도산대로51길 15, 지상1층 102호 (신사동)",서울특별시 강남구 신사동 653-8,,2021-03-24,영업,gangnam-cheongdam,,PENDING_REVIEW
3220000-211-2021-00049,모스(moss),salon,일반미용업,일반미용업,"서울특별시 강남구 선릉로148길 30, 지상4층 (청담동)",서울특별시 강남구 청담동 21-8,,2021-05-26,영업,gangnam-cheongdam,,PENDING_REVIEW
3220000-211-2021-00059,뮤토룸헤어&붙임머리,salon,일반미용업,일반미용업,"서울특별시 강남구 논현로151길 16, 지상1층 102호 (신사동)",서울특별시 강남구 신사동 562-17,,2021-06-25,영업,gangnam-cheongdam,,PENDING_REVIEW
3220000-211-2021-00073,남경희 스타일웍스,salon,일반미용업,일반미용업,"서울특별시 강남구 도산대로89길 35, 지상1층 106호 (청담동, 청담범신칼릭스빌2차)",서울특별시 강남구 청담동 109-16 청담범신칼릭스빌2차,025168595,2021-07-16,영업,gangnam-cheongdam,,PENDING_REVIEW
3220000-211-2021-00076,아크미(압구정로데오점),salon,일반미용업,일반미용업,"서울특별시 강남구 선릉로161길 11, 지상2층 (신사동)",서울특별시 강남구 신사동 662-20,,2021-08-18,영업,gangnam-cheongdam,,PENDING_REVIEW
3220000-211-2021-00083,제이나스타일,salon,일반미용업,일반미용업,"서울특별시 강남구 선릉로 833, 지상2층 D5호 (신사동)",서울특별시 강남구 신사동 664-10,,2021-08-31,영업,gangnam-cheongdam,,PENDING_REVIEW
3220000-211-2021-00087,요닝,salon,일반미용업,일반미용업,"서울특별시 강남구 도산대로81길 28, 꼬모빌딩 지하2층 (청담동)",서울특별시 강남구 청담동 116-3 꼬모빌딩,,2021-09-10,영업,gangnam-cheongdam,yoning,PENDING_REVIEW
3220000-211-2021-00088,스타문,salon,일반미용업,일반미용업,"서울특별시 강남구 언주로170길 9, 지상2층 (신사동)",서울특별시 강남구 신사동 636-21,,2021-09-13,영업,gangnam-cheongdam,,PENDING_REVIEW
3220000-211-2021-00090,에비뉴뷰티,salon,일반미용업,일반미용업,"서울특별시 강남구 압구정로 113-22, 미성상가 3층 9호 (압구정동)",서울특별시 강남구 압구정동 415 미성상가,,2021-09-14,영업,gangnam-cheongdam,,PENDING_REVIEW
3220000-211-2021-00093,킴스헤어,salon,일반미용업,일반미용업,"서울특별시 강남구 도산대로92길 6, 삼성빌딩 지상1층 101호 (청담동)",서울특별시 강남구 청담동 50-3 삼성빌딩,025114136,2021-09-16,영업,gangnam-cheongdam,,PENDING_REVIEW
3220000-211-2021-00102,헤어코아 한민희,salon,일반미용업,일반미용업,"서울특별시 강남구 도산대로51길 42, 지상1층 (신사동)",서울특별시 강남구 신사동 657-30,,2021-10-25,영업,gangnam-cheongdam,,PENDING_REVIEW
3220000-211-2021-00105,리베르신사,salon,일반미용업,일반미용업,"서울특별시 강남구 강남대로156길 27, 지상5층 (신사동)",서울특별시 강남구 신사동 517-8,,2021-11-17,영업,gangnam-cheongdam,,PENDING_REVIEW
3220000-211-2021-00110,우성,salon,일반미용업,일반미용업,"서울특별시 강남구 강남대로 652, 지상2층 204호 B10호 (신사동)",서울특별시 강남구 신사동 504-11,,2021-11-25,영업,gangnam-cheongdam,,PENDING_REVIEW
3220000-211-2021-00111,엘리헤어,salon,일반미용업,일반미용업,"서울특별시 강남구 강남대로 652, 지상2층 204호 B08호 (신사동)",서울특별시 강남구 신사동 504-11,,2021-12-03,영업,gangnam-cheongdam,,PENDING_REVIEW
3220000-211-2021-00116,러프 신사본점,salon,일반미용업,일반미용업,"서울특별시 강남구 강남대로162길 41-20, 지하1층 (신사동)",서울특별시 강남구 신사동 524-1,,2021-12-21,영업,gangnam-cheongdam,,PENDING_REVIEW
3220000-211-2021-00118,뉴이드헤어,salon,일반미용업,일반미용업,"서울특별시 강남구 강남대로154길 34, 1층 (신사동, 킴스하우스)",서울특별시 강남구 신사동 515-2 킴스하우스,,2021-10-08,영업,gangnam-cheongdam,,PENDING_REVIEW
3220000-211-2021-00123,유잇다붙임머리,salon,일반미용업,일반미용업,"서울특별시 강남구 강남대로152길 17, 4층 (신사동)",서울특별시 강남구 신사동 512-16,0623747467,2021-08-13,영업,gangnam-cheongdam,,PENDING_REVIEW
3220000-211-2022-00008,아반트헤어,salon,일반미용업,일반미용업,"서울특별시 강남구 선릉로161길 15-4, 신사동 S빌딩 지상2층 (신사동)",서울특별시 강남구 신사동 662-13 신사동 S빌딩,025457036,2022-01-14,영업,gangnam-cheongdam,,PENDING_REVIEW
3220000-211-2022-00010,미랑,salon,일반미용업,일반미용업,"서울특별시 강남구 강남대로 652, 지상2층 204호 B05호 (신사동)",서울특별시 강남구 신사동 504-11,,2022-02-04,영업,gangnam-cheongdam,,PENDING_REVIEW
3220000-211-2022-00011,마루니,salon,일반미용업,일반미용업,"서울특별시 강남구 논현로155길 8, 지하1층 (신사동)",서울특별시 강남구 신사동 565-19,,2022-02-07,영업,gangnam-cheongdam,,PENDING_REVIEW
3220000-211-2022-00014,그날,salon,일반미용업,일반미용업,"서울특별시 강남구 선릉로157길 23-4, 3층 (신사동)",서울특별시 강남구 신사동 657-12,,2022-02-23,영업,gangnam-cheongdam,,PENDING_REVIEW
3220000-211-2022-00016,깔살롱,salon,일반미용업,일반미용업,"서울특별시 강남구 강남대로156길 31, 2층 (신사동)",서울특별시 강남구 신사동 517-10,,2022-03-07,영업,gangnam-cheongdam,,PENDING_REVIEW
3220000-211-2022-00018,피피피(PPP),salon,일반미용업,일반미용업,"서울특별시 강남구 도산대로49길 10-3, 지상3층 (신사동)",서울특별시 강남구 신사동 653-12,,2022-03-08,영업,gangnam-cheongdam,,PENDING_REVIEW
3220000-211-2022-00019,코스모 센트(COSMO SCENT),salon,일반미용업,일반미용업,"서울특별시 강남구 선릉로162길 49, 지하1층 (청담동)",서울특별시 강남구 청담동 80-15,,2022-03-15,영업,gangnam-cheongdam,,PENDING_REVIEW
3220000-211-2022-00025,미정헤어스튜디오,salon,일반미용업,일반미용업,"서울특별시 강남구 강남대로 652, SINSA SQUARE 지상2층 204호 C01호 (신사동)",서울특별시 강남구 신사동 504-11 SINSA SQUARE,,2022-03-28,영업,gangnam-cheongdam,,PENDING_REVIEW
3220000-211-2022-00027,더블유티메소드 클래시 압구정점,salon,일반미용업,일반미용업,"서울특별시 강남구 논현로168길 20, 2층 201호 (신사동)",서울특별시 강남구 신사동 600-3,025425999,2022-03-28,영업,gangnam-cheongdam,,PENDING_REVIEW
3220000-211-2022-00040,스파에끌림,salon,일반미용업,일반미용업,"서울특별시 강남구 선릉로 722, 유진빌딩 지상2층 202호 (청담동)",서울특별시 강남구 청담동 40-1 유진빌딩,,2022-05-27,영업,gangnam-cheongdam,,PENDING_REVIEW
3220000-211-2022-00044,살롱아무(AMOO),salon,일반미용업,일반미용업,"서울특별시 강남구 영동대로141길 24, 지상1층 (청담동, 원테라스)",서울특별시 강남구 청담동 55-18 원테라스,,2022-06-02,영업,gangnam-cheongdam,,PENDING_REVIEW
3220000-211-2022-00052,언노운(UNKNOWN),salon,일반미용업,일반미용업,"서울특별시 강남구 강남대로152길 40, 석천빌딩 지상6층 (신사동)",서울특별시 강남구 신사동 537 석천빌딩,,2022-06-21,영업,gangnam-cheongdam,,PENDING_REVIEW
3220000-211-2022-00058,라메종,salon,일반미용업,일반미용업,"서울특별시 강남구 도산대로55길 49, 지하1층 (청담동)",서울특별시 강남구 청담동 84-21,025123002,2022-08-03,영업,gangnam-cheongdam,,PENDING_REVIEW
3220000-211-2022-00063,김찬 헤어,salon,일반미용업,일반미용업,"서울특별시 강남구 강남대로 652, SINSA SQUARE 지상2층 204호 B09호 (신사동)",서울특별시 강남구 신사동 504-11 SINSA SQUARE,,2022-09-19,영업,gangnam-cheongdam,,PENDING_REVIEW
3220000-211-2022-00065,프리티살롱 청담,salon,일반미용업,일반미용업,"서울특별시 강남구 도산대로67길 30, 지상4층 (청담동)",서울특별시 강남구 청담동 81-7,,2022-09-21,영업,gangnam-cheongdam,,PENDING_REVIEW
3220000-211-2022-00068,씬스페이스,salon,일반미용업,일반미용업,"서울특별시 강남구 압구정로2길 53, 지상4층 (신사동)",서울특별시 강남구 신사동 516 국제빌딩,,2022-09-29,영업,gangnam-cheongdam,,PENDING_REVIEW
3220000-211-2022-00070,유밍(uming),salon,일반미용업,일반미용업,"서울특별시 강남구 선릉로155길 25, 지상2층 (신사동)",서울특별시 강남구 신사동 656-2,,2022-10-07,영업,gangnam-cheongdam,,PENDING_REVIEW
3220000-211-2022-00073,뉴어스,salon,일반미용업,일반미용업,"서울특별시 강남구 가로수길 49, 지상3층 (신사동)",서울특별시 강남구 신사동 534-13,,2022-10-17,영업,gangnam-cheongdam,,PENDING_REVIEW
3220000-211-2022-00082,탐나도다헤어 앤 강남붙임머리 메이크업,salon,일반미용업,일반미용업,"서울특별시 강남구 도산대로81길 45, 지상4층 (청담동)",서울특별시 강남구 청담동 100-7,0220392524,2022-11-21,영업,gangnam-cheongdam,,PENDING_REVIEW
3220000-211-2022-00088,아베르,salon,일반미용업,일반미용업,"서울특별시 강남구 선릉로132길 41, 지상1층 101호 (청담동)",서울특별시 강남구 청담동 36-3,,2022-12-27,영업,gangnam-cheongdam,,PENDING_REVIEW
3220000-211-2023-00007,라시옹,salon,일반미용업,일반미용업,"서울특별시 강남구 영동대로131길 16, 지상1층 1호 (청담동)",서울특별시 강남구 청담동 70-11,,2023-01-30,영업,gangnam-cheongdam,,PENDING_REVIEW
3220000-211-2023-00018,멜르헤어,salon,일반미용업,일반미용업,"서울특별시 강남구 삼성로 763, 지상3층 306호 (청담동)",서울특별시 강남구 청담동 7-20,,2023-03-16,영업,gangnam-cheongdam,,PENDING_REVIEW
3220000-211-2023-00019,보메(BOME)헤어살롱,salon,일반미용업,일반미용업,"서울특별시 강남구 압구정로 156, 카로시티2빌딩 지하1층 B105호 (신사동)",서울특별시 강남구 신사동 579 카로시티2빌딩,,2023-03-22,영업,gangnam-cheongdam,,PENDING_REVIEW
3220000-211-2023-00020,보메(BOME)헤어살롱,salon,일반미용업,일반미용업,"서울특별시 강남구 압구정로 156, 카로시티2빌딩 지하1층 105호 (신사동)",서울특별시 강남구 신사동 579 카로시티2빌딩,,2023-03-22,영업,gangnam-cheongdam,,PENDING_REVIEW
3220000-211-2023-00024,위라이크 아뜰리에,salon,일반미용업,일반미용업,"서울특별시 강남구 강남대로 652, SINSA SQUARE 지상2층 204호 B01호 (신사동)",서울특별시 강남구 신사동 504-11 SINSA SQUARE,,2023-04-05,영업,gangnam-cheongdam,,PENDING_REVIEW
3220000-211-2023-00030,로얄에이치엠와아(RoyalHMWaaH),salon,일반미용업,일반미용업,"서울특별시 강남구 도산대로85길 40-8, 지상1층 (청담동)",서울특별시 강남구 청담동 111-8,,2023-04-24,영업,gangnam-cheongdam,,PENDING_REVIEW
3220000-211-2023-00042,어닛 헤어,salon,일반미용업,일반미용업,"서울특별시 강남구 강남대로 652, SINSA SQUARE 지상2층 204호 D01호 (신사동)",서울특별시 강남구 신사동 504-11 SINSA SQUARE,,2023-06-05,영업,gangnam-cheongdam,,PENDING_REVIEW
3220000-211-2023-00055,이스트엔드(EastAnd),salon,일반미용업,일반미용업,"서울특별시 강남구 도산대로78길 13, 지상2층 (청담동)",서울특별시 강남구 청담동 7-4,,2023-06-30,영업,gangnam-cheongdam,,PENDING_REVIEW
3220000-211-2023-00060,오르에르 앳 청담,salon,일반미용업,일반미용업,"서울특별시 강남구 삼성로149길 3-10, 지상1층 (청담동)",서울특별시 강남구 청담동 7-29,,2023-07-11,영업,gangnam-cheongdam,,PENDING_REVIEW
3220000-211-2023-00063,더연,salon,일반미용업,일반미용업,"서울특별시 강남구 도산대로81길 39, J.J 홀딩스 2층 (청담동)",서울특별시 강남구 청담동 100-21 J.J 홀딩스,,2023-08-04,영업,gangnam-cheongdam,,PENDING_REVIEW
3220000-211-2023-00066,누플로헤어,salon,일반미용업,일반미용업,"서울특별시 강남구 압구정로14길 24, 지상2층 201호 (신사동)",서울특별시 강남구 신사동 547-12,,2023-08-11,영업,gangnam-cheongdam,,PENDING_REVIEW
3220000-211-2023-00068,오버마스,salon,일반미용업,일반미용업,"서울특별시 강남구 압구정로79길 56, 아름다운빌딩 1,2층 (청담동)",서울특별시 강남구 청담동 125-6 아름다운빌딩,,2023-08-21,영업,gangnam-cheongdam,,PENDING_REVIEW
3220000-211-2023-00077,헤어 바이 강,salon,일반미용업,일반미용업,"서울특별시 강남구 도산대로89길 29, 지상1층 103호 (청담동)",서울특별시 강남구 청담동 109-29,,2023-09-06,영업,gangnam-cheongdam,,PENDING_REVIEW
3220000-211-2023-00078,아데르,salon,일반미용업,일반미용업,"서울특별시 강남구 선릉로 833, 지상2층 S10호 (신사동)",서울특별시 강남구 신사동 664-10,,2023-09-13,영업,gangnam-cheongdam,,PENDING_REVIEW
3220000-211-2023-00080,벨로나,salon,일반미용업,일반미용업,"서울특별시 강남구 도산대로37길 13, 4층 (신사동)",서울특별시 강남구 신사동 589-17,,2023-09-15,영업,gangnam-cheongdam,,PENDING_REVIEW
3220000-211-2023-00081,데얼 씨(There-C),salon,일반미용업,일반미용업,"서울특별시 강남구 선릉로158길 14-2, 지상5층 (청담동)",서울특별시 강남구 청담동 88-19,,2023-09-15,영업,gangnam-cheongdam,,PENDING_REVIEW
3220000-211-2023-00082,로렌파크(LAUREN PARK),salon,일반미용업,일반미용업,"서울특별시 강남구 압구정로 113, 2층 202,203호 (압구정동, 미성아파트)",서울특별시 강남구 압구정동 408 미성아파트,,2023-09-15,영업,gangnam-cheongdam,,PENDING_REVIEW
3220000-211-2023-00086,디엘(D'el),salon,일반미용업,일반미용업,"서울특별시 강남구 언주로172길 62, 2층 (신사동)",서울특별시 강남구 신사동 663-18,,2023-10-04,영업,gangnam-cheongdam,,PENDING_REVIEW
3220000-211-2023-00090,아브라보(ABB LABO),salon,일반미용업,일반미용업,"서울특별시 강남구 선릉로158길 14-1, 지하1, 지상1, 지상2층 (청담동)",서울특별시 강남구 청담동 88-25,,2023-10-13,영업,gangnam-cheongdam,,PENDING_REVIEW
3220000-211-2023-00095,디오니(DIONY),salon,일반미용업,일반미용업,"서울특별시 강남구 도산대로53길 10, 지상2층 (신사동)",서울특별시 강남구 신사동 666-20,,2023-10-25,영업,gangnam-cheongdam,,PENDING_REVIEW
3220000-211-2023-00107,오초 헤어하우스(ocho HAIRHAUS),salon,일반미용업,일반미용업,"서울특별시 강남구 도산대로1길 10, 4층 501호 (신사동)",서울특별시 강남구 신사동 512-21,,2023-11-29,영업,gangnam-cheongdam,,PENDING_REVIEW
3220000-211-2023-00111,에스토브,salon,일반미용업,일반미용업,"서울특별시 강남구 도산대로53길 10, 지하1층 (신사동)",서울특별시 강남구 신사동 666-20,,2023-12-13,영업,gangnam-cheongdam,,PENDING_REVIEW
3220000-211-2024-00009,프랑스2층(PRANCE),salon,일반미용업,일반미용업,"서울특별시 강남구 언주로172길 28, 지상2층 (신사동)",서울특별시 강남구 신사동 643-10 오리엔탈빌딩,,2024-01-31,영업,gangnam-cheongdam,,PENDING_REVIEW
3220000-211-2024-00011,비오른,salon,일반미용업,일반미용업,"서울특별시 강남구 선릉로 710, 청율빌딩 지상2층 (청담동)",서울특별시 강남구 청담동 40-29 청율빌딩,,2024-02-05,영업,gangnam-cheongdam,,PENDING_REVIEW
3220000-211-2024-00020,동방의미용사,salon,일반미용업,일반미용업,"서울특별시 강남구 도산대로 159, 춘곡빌딩 4층 (신사동)",서울특별시 강남구 신사동 561-30 춘곡빌딩,025456668,2024-03-05,영업,gangnam-cheongdam,,PENDING_REVIEW
3220000-211-2024-00021,뮤에르 청담,salon,일반미용업,일반미용업,"서울특별시 강남구 도산대로49길 9, 지상3층 (신사동)",서울특별시 강남구 신사동 651-19,,2024-03-05,영업,gangnam-cheongdam,,PENDING_REVIEW
3220000-211-2024-00023,Minev(미네브),salon,일반미용업,일반미용업,"서울특별시 강남구 도산대로11길 43, 지상2층 (신사동)",서울특별시 강남구 신사동 519-15,,2024-03-05,영업,gangnam-cheongdam,,PENDING_REVIEW
3220000-211-2024-00025,루브아,salon,일반미용업,일반미용업,"서울특별시 강남구 언주로170길 16, 지상4층 (신사동)",서울특별시 강남구 신사동 644,,2024-03-18,영업,gangnam-cheongdam,,PENDING_REVIEW
3220000-211-2024-00029,에이수비청담 붙임머리,salon,일반미용업,일반미용업,"서울특별시 강남구 영동대로131길 14, 지상2층 201호 (청담동, 청담동테라스)",서울특별시 강남구 청담동 70-16 청담동테라스,,2024-04-02,영업,gangnam-cheongdam,,PENDING_REVIEW
3220000-211-2024-00030,햇츠오프,salon,일반미용업,일반미용업,"서울특별시 강남구 압구정로 309, 비동 지상1층 107호 (압구정동, 현대아파트)",서울특별시 강남구 압구정동 481 현대아파트,,2024-04-04,영업,gangnam-cheongdam,,PENDING_REVIEW
3220000-211-2024-00038,코르브(CORVE),salon,일반미용업,일반미용업,"서울특별시 강남구 도산대로15길 41, 지상2층 (신사동)",서울특별시 강남구 신사동 545-8,,2024-04-30,영업,gangnam-cheongdam,,PENDING_REVIEW
3220000-211-2024-00043,멈(mum),salon,일반미용업,일반미용업,"서울특별시 강남구 언주로174길 29, 2층 (신사동)",서울특별시 강남구 신사동 639-7,,2024-05-09,영업,gangnam-cheongdam,,PENDING_REVIEW
3220000-211-2024-00046,해피니언 압구정로데오역점,salon,일반미용업,일반미용업,"서울특별시 강남구 압구정로54길 6, 4층 (신사동)",서울특별시 강남구 신사동 661-7,025113770,2024-05-14,영업,gangnam-cheongdam,,PENDING_REVIEW
3220000-211-2024-00048,도노이(DONOI),salon,일반미용업,일반미용업,"서울특별시 강남구 도산대로1길 62, 지하2층 202호 (신사동)",서울특별시 강남구 신사동 506,,2024-05-20,영업,gangnam-cheongdam,,PENDING_REVIEW
3220000-211-2024-00051,모어온헤어 도산공원점,salon,일반미용업,일반미용업,"서울특별시 강남구 선릉로153길 12, 지상2층 (신사동)",서울특별시 강남구 신사동 655-8,,2024-05-27,영업,gangnam-cheongdam,,PENDING_REVIEW
3220000-211-2024-00054,케이헤어,salon,일반미용업,일반미용업,"서울특별시 강남구 강남대로 652, SINSA SQUARE 지상2층 204호 [B02]호 (신사동)",서울특별시 강남구 신사동 504-11 SINSA SQUARE,,2024-05-31,영업,gangnam-cheongdam,,PENDING_REVIEW
3220000-211-2024-00058,하우트,salon,일반미용업,일반미용업,"서울특별시 강남구 논현로 841, 제이비 미소 빌딩 지하1층 제비101호 (신사동)",서울특별시 강남구 신사동 583-3 제이비 미소 빌딩,,2024-06-04,영업,gangnam-cheongdam,,PENDING_REVIEW
3220000-211-2024-00063,압구정사우나미용실,salon,일반미용업,일반미용업,"서울특별시 강남구 압구정로30길 23, 지하2층 (신사동)",서울특별시 강남구 신사동 609-1,,2024-06-13,영업,gangnam-cheongdam,,PENDING_REVIEW
3220000-211-2024-00073,청담이수,salon,일반미용업,일반미용업,"서울특별시 강남구 압구정로 461, 네이처 포엠 지하1층 B111호 (청담동)",서울특별시 강남구 청담동 118-17 네이처 포엠,,2024-07-15,영업,gangnam-cheongdam,,PENDING_REVIEW
3220000-211-2024-00075,바른모 강남본점,salon,일반미용업,일반미용업,"서울특별시 강남구 압구정로 214, 현대종합상가빌딩 지상3층 302호 (신사동)",서울특별시 강남구 신사동 615 현대종합상가빌딩,,2024-07-17,영업,gangnam-cheongdam,,PENDING_REVIEW
3220000-211-2024-00078,루보 헤어(LUBO),salon,일반미용업,일반미용업,"서울특별시 강남구 도산대로1길 26-5, 지하1층 (신사동)",서울특별시 강남구 신사동 509-5,,2024-07-24,영업,gangnam-cheongdam,,PENDING_REVIEW
3220000-211-2024-00080,써니스힐 헤어&헤드스파,salon,일반미용업,일반미용업,"서울특별시 강남구 논현로159길 34, 지상1층 (신사동)",서울특별시 강남구 신사동 552-19,,2024-08-05,영업,gangnam-cheongdam,,PENDING_REVIEW
3220000-211-2024-00082,에이영살롱,salon,일반미용업,일반미용업,"서울특별시 강남구 논현로159길 54, 2층 일부호 (신사동)",서울특별시 강남구 신사동 551-7,025452951,2024-08-26,영업,gangnam-cheongdam,,PENDING_REVIEW
3220000-211-2024-00083,소프청담(SOP),salon,일반미용업,일반미용업,"서울특별시 강남구 도산대로68길 15, 리즈빌딩 지하1층 (청담동)",서울특별시 강남구 청담동 17-2 리즈빌딩,,2024-08-28,영업,gangnam-cheongdam,,PENDING_REVIEW
3220000-211-2024-00092,새롬헤어,salon,일반미용업,일반미용업,"서울특별시 강남구 도산대로25길 23, 지상1층 103호 (신사동)",서울특별시 강남구 신사동 558-7,025471955,2024-09-24,영업,gangnam-cheongdam,,PENDING_REVIEW
3220000-211-2024-00093,인플러,salon,일반미용업,일반미용업,"서울특별시 강남구 언주로172길 66, 3층 (신사동)",서울특별시 강남구 신사동 663-27,,2024-09-25,영업,gangnam-cheongdam,,PENDING_REVIEW
3220000-211-2024-00098,에이바헤어 강남신사점,salon,일반미용업,일반미용업,"서울특별시 강남구 강남대로162길 41-22, 2층 201호 (신사동, 오로라빌)",서울특별시 강남구 신사동 524 오로라빌,025454777,2024-10-29,영업,gangnam-cheongdam,,PENDING_REVIEW
3220000-211-2024-00099,서:로 코리아,salon,일반미용업,일반미용업,"서울특별시 강남구 선릉로 833, 2층 D4-1호 (신사동)",서울특별시 강남구 신사동 664-10,,2024-11-05,영업,gangnam-cheongdam,,PENDING_REVIEW
3220000-211-2025-00002,키오프(KEYOF),salon,일반미용업,일반미용업,"서울특별시 강남구 선릉로161길 21-4, 2층 (신사동)",서울특별시 강남구 신사동 662-7,,2025-01-08,영업,gangnam-cheongdam,,PENDING_REVIEW
3220000-211-2025-00013,헤어바이카일,salon,일반미용업,일반미용업,"서울특별시 강남구 압구정로 151, 현대상가 제1동 2층 2-1호 (압구정동, 현대아파트)",서울특별시 강남구 압구정동 426 현대아파트,,2025-03-06,영업,gangnam-cheongdam,,PENDING_REVIEW
3220000-211-2025-00018,위에뜰헤어 압구정점,salon,일반미용업,일반미용업,"서울특별시 강남구 선릉로161길 15, 지상2층 (신사동)",서울특별시 강남구 신사동 662-15,,2025-03-19,영업,gangnam-cheongdam,,PENDING_REVIEW
3220000-211-2025-00019,차홍룸 삼성점,salon,일반미용업,일반미용업,"서울특별시 강남구 영동대로 701, W TOWER 지상2층 (청담동)",서울특별시 강남구 청담동 72-7 W TOWER,025153658,2025-03-24,영업,gangnam-cheongdam,,PENDING_REVIEW
3220000-211-2025-00020,리안헤어 블랙 압구정로데오점,salon,일반미용업,일반미용업,"서울특별시 강남구 선릉로157길 25, 3층 (신사동)",서울특별시 강남구 신사동 657-11,,2025-03-26,영업,gangnam-cheongdam,,PENDING_REVIEW
3220000-211-2025-00021,예인하다,salon,일반미용업,일반미용업,"서울특별시 강남구 도산대로 323, 씨네시티빌딩 지상4층 A-2호 (신사동)",서울특별시 강남구 신사동 651-21 씨네시티빌딩,,2025-03-26,영업,gangnam-cheongdam,,PENDING_REVIEW
3220000-211-2025-00022,마이부티,salon,일반미용업,일반미용업,"서울특별시 강남구 압구정로60길 26, 지상5층 (청담동)",서울특별시 강남구 청담동 83-21,,2025-03-31,영업,gangnam-cheongdam,,PENDING_REVIEW
3220000-211-2025-00025,메종 드 초이,salon,일반미용업,일반미용업,"서울특별시 강남구 선릉로 833, 2층 D3호 (신사동)",서울특별시 강남구 신사동 664-10,,2025-04-09,영업,gangnam-cheongdam,,PENDING_REVIEW
3220000-211-2025-00028,청담헤어스튜디오,salon,일반미용업,일반미용업,"서울특별시 강남구 삼성로147길 32, 지상1층 102호 (청담동)",서울특별시 강남구 청담동 11-41,,2025-04-18,영업,gangnam-cheongdam,,PENDING_REVIEW
3220000-211-2025-00034,리프청담,salon,일반미용업,일반미용업,"서울특별시 강남구 도산대로67길 26, 지하1층 일부호 (청담동)",서울특별시 강남구 청담동 81-5,,2025-05-07,영업,gangnam-cheongdam,,PENDING_REVIEW
3220000-211-2025-00035,에이바헤어 압구정로데오점,salon,일반미용업,일반미용업,"서울특별시 강남구 압구정로50길 7, 정동상가 지상2층 17호 (신사동)",서울특별시 강남구 신사동 661-18 정동상가,,2025-05-07,영업,gangnam-cheongdam,,PENDING_REVIEW
3220000-211-2025-00036,비주얼살롱 강남신사점,salon,일반미용업,일반미용업,"서울특별시 강남구 강남대로160길 10, 지상2층 (신사동)",서울특별시 강남구 신사동 508-1,,2025-05-09,영업,gangnam-cheongdam,,PENDING_REVIEW
3220000-211-2025-00038,디하문 바이 공주,salon,일반미용업,일반미용업,"서울특별시 강남구 선릉로148길 52-10, 3층 (청담동)",서울특별시 강남구 청담동 19-36,,2025-05-15,영업,gangnam-cheongdam,,PENDING_REVIEW
3220000-211-2025-00044,팁노씨(Tip-Nosee),salon,일반미용업,일반미용업,"서울특별시 강남구 삼성로140길 9, 설헌빌딩 4층 (청담동)",서울특별시 강남구 청담동 63-27 설헌빌딩,,2025-06-02,영업,gangnam-cheongdam,,PENDING_REVIEW
3220000-211-2025-00045,루미에르#,salon,일반미용업,일반미용업,"서울특별시 강남구 선릉로161길 22, 2층 (신사동)",서울특별시 강남구 신사동 661-15,,2025-06-02,영업,gangnam-cheongdam,,PENDING_REVIEW
3220000-211-2025-00046,해피니언 청담점,salon,일반미용업,일반미용업,"서울특별시 강남구 도산대로55길 45, 십이.이.사.칠빌딩 2층 (청담동)",서울특별시 강남구 청담동 84-24 십이.이.사.칠빌딩,,2025-06-04,영업,gangnam-cheongdam,,PENDING_REVIEW
3220000-211-2025-00047,해피니언 강남구청 스타트점,salon,일반미용업,일반미용업,"서울특별시 강남구 선릉로 714, 도시빌딩 지상2층 (청담동)",서울특별시 강남구 청담동 40-25 도시빌딩,,2025-06-05,영업,gangnam-cheongdam,,PENDING_REVIEW
3220000-211-2025-00048,미네뜨(Minette),salon,일반미용업,일반미용업,"서울특별시 강남구 강남대로 652, SINSA SQUARE 2층 204호 중 B03호 (신사동)",서울특별시 강남구 신사동 504-11 SINSA SQUARE,,2025-06-11,영업,gangnam-cheongdam,,PENDING_REVIEW
3220000-211-2025-00051,온야드 헤어,salon,일반미용업,일반미용업,"서울특별시 강남구 도산대로53길 19, 2층 (신사동)",서울특별시 강남구 신사동 654-7,,2025-06-13,영업,gangnam-cheongdam,,PENDING_REVIEW
3220000-211-2025-00054,해피니언 도산비전점,salon,일반미용업,일반미용업,"서울특별시 강남구 압구정로46길 32, 삼일빌딩 5층 (신사동)",서울특별시 강남구 신사동 644-22 삼일빌딩,,2025-06-18,영업,gangnam-cheongdam,,PENDING_REVIEW
3220000-211-2025-00055,헤어뷰티 갤러리,salon,일반미용업,일반미용업,"서울특별시 강남구 학동로101길 33, 청담상가 2층 202-6호 (청담동)",서울특별시 강남구 청담동 132-3 청담상가,025430903,2025-06-18,영업,gangnam-cheongdam,,PENDING_REVIEW
3220000-211-2025-00058,엣트(AT.t),salon,일반미용업,일반미용업,"서울특별시 강남구 강남대로156길 46, 지상4층 (신사동)",서울특별시 강남구 신사동 536,,2025-06-24,영업,gangnam-cheongdam,,PENDING_REVIEW
3220000-211-2025-00062,에뮤(EMU)붙임머리,salon,일반미용업,일반미용업,"서울특별시 강남구 압구정로42길 13, 지하1층 1호 (신사동)",서울특별시 강남구 신사동 640-9,,2025-07-14,영업,gangnam-cheongdam,,PENDING_REVIEW
3220000-211-2025-00065,깔살롱,salon,일반미용업,일반미용업,"서울특별시 강남구 선릉로157길 14-8, 3층 (신사동)",서울특별시 강남구 신사동 663-21,,2025-07-29,영업,gangnam-cheongdam,,PENDING_REVIEW
3220000-211-2025-00071,무드컬렉트 블랙 가로수길점,salon,일반미용업,일반미용업,"서울특별시 강남구 도산대로17길 23, 2층 203호 (신사동)",서울특별시 강남구 신사동 543-3,,2025-08-28,영업,gangnam-cheongdam,,PENDING_REVIEW
3220000-211-2025-00076,리티티(Rititi),salon,일반미용업,일반미용업,"서울특별시 강남구 강남대로158길 28, 2층 (신사동)",서울특별시 강남구 신사동 517-21,,2025-09-05,영업,gangnam-cheongdam,,PENDING_REVIEW
3220000-211-2025-00078,먼슬리서울 신사,salon,일반미용업,일반미용업,"서울특별시 강남구 도산대로15길 34, 1층 (신사동)",서울특별시 강남구 신사동 544-13,,2025-09-08,영업,gangnam-cheongdam,,PENDING_REVIEW
3220000-211-2025-00084,누이(NU:E),salon,일반미용업,일반미용업,"서울특별시 강남구 압구정로18길 15, 지상1층 102호 (신사동)",서울특별시 강남구 신사동 568-1,,2025-10-10,영업,gangnam-cheongdam,,PENDING_REVIEW
3220000-211-2025-00100,오브뉴,salon,일반미용업,일반미용업,"서울특별시 강남구 학동로55길 12, 302호 (청담동)",서울특별시 강남구 청담동 38-27,,2025-11-10,영업,gangnam-cheongdam,,PENDING_REVIEW
3220000-211-2025-00112,권홍헤어살롱,salon,일반미용업,일반미용업,"서울특별시 강남구 압구정로14길 7, 지상2층 (신사동)",서울특별시 강남구 신사동 550,,2025-12-18,영업,gangnam-cheongdam,,PENDING_REVIEW
3220000-211-2025-00117,비오른 헤어,salon,일반미용업,일반미용업,"서울특별시 강남구 선릉로161길 8, 3층 (신사동)",서울특별시 강남구 신사동 664-2,,2025-12-30,영업,gangnam-cheongdam,,PENDING_REVIEW
3220000-211-2026-00003,월묘,salon,일반미용업,일반미용업,"서울특별시 강남구 선릉로 833, 2층 S08호 (신사동)",서울특별시 강남구 신사동 664-10,,2026-01-15,영업,gangnam-cheongdam,,PENDING_REVIEW
3220000-211-2026-00007,허뮤즈 청담,salon,일반미용업,일반미용업,"서울특별시 강남구 언주로168길 19, 지상2층 (신사동)",서울특별시 강남구 신사동 644-7,,2026-02-02,영업,gangnam-cheongdam,,PENDING_REVIEW
3220000-211-2026-00008,나이스가이 청담역점,salon,일반미용업,일반미용업,"서울특별시 강남구 학동로101길 11, 엘프론트청담 1층 101호 (청담동)",서울특별시 강남구 청담동 132-16,,2026-02-09,영업,gangnam-cheongdam,,PENDING_REVIEW
3220000-211-2026-00013,마크 아뜰리에,salon,일반미용업,일반미용업,"서울특별시 강남구 선릉로 833, 2층 S6호 (신사동)",서울특별시 강남구 신사동 664-10,025113234,2026-02-25,영업,gangnam-cheongdam,,PENDING_REVIEW
3220000-211-2026-00016,헤어인러브 투,salon,일반미용업,일반미용업,"서울특별시 강남구 선릉로148길 39, 지상2층 (청담동)",서울특별시 강남구 청담동 3-15,,2026-03-05,영업,gangnam-cheongdam,,PENDING_REVIEW
3220000-211-2026-00017,루아 붙임머리,salon,일반미용업,일반미용업,"서울특별시 강남구 압구정로54길 26, 3층 (신사동)",서울특별시 강남구 신사동 663-25,,2026-03-13,영업,gangnam-cheongdam,,PENDING_REVIEW
3220000-211-2026-00019,해피니언 압구정 엘,salon,일반미용업,일반미용업,"서울특별시 강남구 언주로172길 53, 지상2층 (신사동)",서울특별시 강남구 신사동 662-5,,2026-03-18,영업,gangnam-cheongdam,,PENDING_REVIEW
3220000-211-2026-00024,살롱분더바,salon,일반미용업,일반미용업,"서울특별시 강남구 논현로155길 26-6, 지상1층 (신사동)",서울특별시 강남구 신사동 556-21,,2026-04-02,영업,gangnam-cheongdam,,PENDING_REVIEW
3220000-211-2026-00027,누온(nuon),salon,일반미용업,일반미용업,"서울특별시 강남구 선릉로148길 52-12, J타워 지상2층 (청담동)",서울특별시 강남구 청담동 19-35 J타워,,2026-04-06,영업,gangnam-cheongdam,,PENDING_REVIEW
3220000-211-2026-00031,이담헤어(E:DAM HAIR),salon,일반미용업,일반미용업,"서울특별시 강남구 압구정로50길 11, 남송빌딩 4층 (신사동)",서울특별시 강남구 신사동 662 남송빌딩,,2026-04-09,영업,gangnam-cheongdam,,PENDING_REVIEW
3220000-211-2026-00033,타이퍼하우스,salon,일반미용업,일반미용업,"서울특별시 강남구 선릉로161길 20, 지하1층 (신사동)",서울특별시 강남구 신사동 661-14,,2026-04-20,영업,gangnam-cheongdam,,PENDING_REVIEW
3220000-211-2026-00036,더 부띠끄 하우브 도산점,salon,일반미용업,일반미용업,"서울특별시 강남구 압구정로 312, 2층 (신사동)",서울특별시 강남구 신사동 638-6,,2026-04-29,영업,gangnam-cheongdam,,PENDING_REVIEW
3220000-211-2026-00039,플랜에이치 청담점,salon,일반미용업,일반미용업,"서울특별시 강남구 학동로 413, 2층 201호 (청담동)",서울특별시 강남구 청담동 44-15,,2026-05-11,영업,gangnam-cheongdam,,PENDING_REVIEW
3220000-211-2026-00045,더그래블,salon,일반미용업,일반미용업,"서울특별시 강남구 도산대로102길 5, 3층 (청담동)",서울특별시 강남구 청담동 53-1,,2026-05-26,영업,gangnam-cheongdam,,PENDING_REVIEW
3220000-211-2026-00048,텍스처 압구정로데오점,salon,일반미용업,일반미용업,"서울특별시 강남구 압구정로 314, YOHAN빌딩 2층 (신사동)",서울특별시 강남구 신사동 639 YOHAN빌딩,07041550774,2026-05-28,영업,gangnam-cheongdam,,PENDING_REVIEW
3220000-211-2026-00050,커브(CurVe),salon,일반미용업,일반미용업,"서울특별시 강남구 언주로172길 60, 2층 (신사동)",서울특별시 강남구 신사동 663-11,,2026-06-09,영업,gangnam-cheongdam,,PENDING_REVIEW
3220000-211-2026-00060,리프 신사,salon,일반미용업,일반미용업,"서울특별시 강남구 강남대로160길 47, 2층 201호 (신사동)",서울특별시 강남구 신사동 534-23,,2026-07-01,영업,gangnam-cheongdam,,PENDING_REVIEW
3220000-211-2026-00061,이슌,salon,일반미용업,일반미용업,"서울특별시 강남구 강남대로162길 45, 3층 301호 (신사동)",서울특별시 강남구 신사동 524-13,,2026-07-02,영업,gangnam-cheongdam,,PENDING_REVIEW
3220000-212-2009-00026,블루엣,facial,피부미용업,피부미용업,"서울특별시 강남구 도산대로78길 24 (청담동,지상3층)",서울특별시 강남구 청담동 12-20 지상3층,34450541,2009-05-13,영업,gangnam-cheongdam,,PENDING_REVIEW
3220000-212-2009-00064,미스킨클럽,facial,피부미용업,피부미용업,"서울특별시 강남구 학동로101길 26 (청담동, 삼익상가 3층)",서울특별시 강남구 청담동 134-20 삼익상가 3층,,2009-07-10,영업,gangnam-cheongdam,,PENDING_REVIEW
3220000-212-2009-00085,미 에스테틱,facial,피부미용업,피부미용업,"서울특별시 강남구 언주로173길 19 (신사동,지상3층)",서울특별시 강남구 신사동 619-6 지상3층,,2009-09-30,영업,gangnam-cheongdam,,PENDING_REVIEW
3220000-212-2009-00088,발몽뷰티살롱,facial,피부미용업,피부미용업,"서울특별시 강남구 선릉로153길 18 (신사동,진현빌딩3층)",서울특별시 강남구 신사동 655-15 진현빌딩3층,025434439,2009-10-09,영업,gangnam-cheongdam,,PENDING_REVIEW
3220000-212-2009-00096,약손명가 에스테틱(본점),facial,피부미용업,피부미용업,"서울특별시 강남구 압구정로30길 66, 지상1층, 지상2층 (신사동)",서울특별시 강남구 신사동 598-8,025186662,2009-10-20,영업,gangnam-cheongdam,,PENDING_REVIEW
3220000-212-2009-00100,리즈 스킨케어,facial,피부미용업,피부미용업,"서울특별시 강남구 압구정로29길 72-1 (압구정동,신사상가 2층)",서울특별시 강남구 압구정동 454-0 신사상가 2층,0234434929,2009-10-28,영업,gangnam-cheongdam,,PENDING_REVIEW
3220000-212-2009-00102,보아스에스테틱,facial,피부미용업,피부미용업,"서울특별시 강남구 도산대로45길 10-4, 지상5층 (신사동)",서울특별시 강남구 신사동 651-4,025118268,2009-10-30,영업,gangnam-cheongdam,,PENDING_REVIEW
3220000-212-2009-00125,미뷰,facial,피부미용업,피부미용업,"서울특별시 강남구 삼성로133길 8, 영빌딩 6층 601호 (청담동)",서울특별시 강남구 청담동 32-3 영빌딩,,2009-12-24,영업,gangnam-cheongdam,,PENDING_REVIEW
3220000-212-2010-00007,ESTTIO(에스띠오),facial,피부미용업,피부미용업,"서울특별시 강남구 압구정로14길 24, 지상3층 302호 (신사동)",서울특별시 강남구 신사동 547-12,025696466,2010-01-19,영업,gangnam-cheongdam,,PENDING_REVIEW
3220000-212-2010-00031,크리스탈뷰티,facial,피부미용업,피부미용업,"서울특별시 강남구 압구정로22길 10 (신사동,지상4층401호)",서울특별시 강남구 신사동 572-0 지상4층401호,0234488859,2010-04-01,영업,gangnam-cheongdam,,PENDING_REVIEW
3220000-212-2010-00096,백청혜엠뷰티,facial,피부미용업,피부미용업,"서울특별시 강남구 도산대로89길 29, 지상2층 (청담동)",서울특별시 강남구 청담동 109-29 지상2층,025166634,2010-08-26,영업,gangnam-cheongdam,,PENDING_REVIEW
3220000-212-2010-00168,청담 페이스&바디,facial,피부미용업,피부미용업,"서울특별시 강남구 학동로 419, 지하1층 (청담동)",서울특별시 강남구 청담동 44-12,025422342,2010-09-24,영업,gangnam-cheongdam,,PENDING_REVIEW
3220000-212-2011-00010,스파더엘,facial,피부미용업,피부미용업,"서울특별시 강남구 선릉로153길 26, 지상6층 (신사동)",서울특별시 강남구 신사동 656-18,,2011-01-13,영업,gangnam-cheongdam,,PENDING_REVIEW
3220000-212-2011-00047,웰스파,facial,피부미용업,피부미용업,"서울특별시 강남구 논현로161길 16, 지상3층 (신사동)",서울특별시 강남구 신사동 569-18,,2011-05-09,영업,gangnam-cheongdam,,PENDING_REVIEW
3220000-212-2011-00092,청담라벨라,facial,피부미용업,피부미용업,"서울특별시 강남구 학동로101길 26, 105호 (청담동, 삼익상가)",서울특별시 강남구 청담동 134-20 삼익상가 105호,025119838,2011-09-23,영업,gangnam-cheongdam,,PENDING_REVIEW
3220000-212-2011-00115,러벨라,facial,피부미용업,피부미용업,"서울특별시 강남구 학동로101길 11, 303호 (청담동)",서울특별시 강남구 청담동 132-16,0262870087,2011-02-17,영업,gangnam-cheongdam,,PENDING_REVIEW
3220000-212-2011-00116,맑을 청 맑은 담 힐링 & 테라피,facial,피부미용업,피부미용업,"서울특별시 강남구 도산대로 503, 301호 (청담동)",서울특별시 강남구 청담동 119-11 301호,025122775,2011-03-21,영업,gangnam-cheongdam,,PENDING_REVIEW
3220000-212-2011-00123,몽테스,facial,피부미용업,피부미용업,"서울특별시 강남구 압구정로4길 13-3, 지상2층 (신사동)",서울특별시 강남구 신사동 525-5,34739222,2011-12-20,영업,gangnam-cheongdam,,PENDING_REVIEW
3220000-212-2012-00026,벨라체스파,facial,피부미용업,피부미용업,"서울특별시 강남구 도산대로55길 22, 지상2층 (청담동, 금정빌딩)",서울특별시 강남구 청담동 88-3 금정빌딩2층,025152939,2012-03-20,영업,gangnam-cheongdam,,PENDING_REVIEW
3220000-212-2012-00041,고센피부,facial,피부미용업,피부미용업,"서울특별시 강남구 언주로168길 6-9, 지상5층 (신사동)",서울특별시 강남구 신사동 634-9,,2012-06-21,영업,gangnam-cheongdam,,PENDING_REVIEW
3220000-212-2012-00076,휴마사지,facial,피부미용업,피부미용업,"서울특별시 강남구 압구정로 134, 지상2층 205호 (신사동)",서울특별시 강남구 신사동 549-1,0234426447,2012-11-09,영업,gangnam-cheongdam,,PENDING_REVIEW
3220000-212-2013-00003,소울스파,facial,피부미용업,피부미용업,"서울특별시 강남구 언주로172길 11, 지상4층 (신사동)",서울특별시 강남구 신사동 637-14,025406465,2013-01-11,영업,gangnam-cheongdam,,PENDING_REVIEW
3220000-212-2013-00017,달리아에스테틱(압구정점),facial,피부미용업,피부미용업,"서울특별시 강남구 압구정로28길 42, 지상3층 (신사동)",서울특별시 강남구 신사동 569-30 지상3층,025387742,2013-03-11,영업,gangnam-cheongdam,,PENDING_REVIEW
3220000-212-2013-00031,스킨 포에버,facial,피부미용업,피부미용업,"서울특별시 강남구 압구정로14길 6, 지상3층 (신사동)",서울특별시 강남구 신사동 548-4,025173253,2013-04-12,영업,gangnam-cheongdam,,PENDING_REVIEW
3220000-212-2013-00040,더썸테리피,facial,피부미용업,피부미용업,"서울특별시 강남구 선릉로162길 16, 지상4층 (청담동)",서울특별시 강남구 청담동 83-12 지상4층,,2013-05-06,영업,gangnam-cheongdam,,PENDING_REVIEW
3220000-212-2013-00044,다스림 에스테틱,facial,피부미용업,피부미용업,"서울특별시 강남구 압구정로 160, 지상305호 (신사동, 제성빌딩)",서울특별시 강남구 신사동 579-2,025403264,2013-05-23,영업,gangnam-cheongdam,,PENDING_REVIEW
3220000-212-2013-00110,케이(K)테크닉 신비의 손,facial,피부미용업,피부미용업,"서울특별시 강남구 압구정로30길 18, 지상3층 (신사동)",서울특별시 강남구 신사동 610-4,,2013-01-21,영업,gangnam-cheongdam,,PENDING_REVIEW
3220000-212-2014-00017,스킨포레,facial,피부미용업,피부미용업,"서울특별시 강남구 논현로167길 11, 3층 303호 (신사동)",서울특별시 강남구 신사동 570-5,025122355,2014-03-25,영업,gangnam-cheongdam,,PENDING_REVIEW
3220000-212-2014-00025,청담 스킨하우스,facial,피부미용업,피부미용업,"서울특별시 강남구 도산대로49길 10-2, 지상3층 (신사동)",서울특별시 강남구 신사동 652-1 지상3층,,2014-04-07,영업,gangnam-cheongdam,,PENDING_REVIEW
3220000-212-2014-00030,헬렌스파,facial,피부미용업,피부미용업,"서울특별시 강남구 압구정로54길 14, 3층 (신사동)",서울특별시 강남구 신사동 662-19 3층,025186866,2014-04-09,영업,gangnam-cheongdam,,PENDING_REVIEW
3220000-212-2014-00034,벨라에스테틱,facial,피부미용업,피부미용업,"서울특별시 강남구 학동로 609, 지상2층 229-1호 (청담동, 청담삼익상가)",서울특별시 강남구 청담동 133-3 지상2층,,2014-04-23,영업,gangnam-cheongdam,,PENDING_REVIEW
3220000-212-2014-00063,윤석란 바디케어,facial,피부미용업,피부미용업,"서울특별시 강남구 압구정로50길 28, 101동 지하1층 4호 (신사동, 로데오현대(아)상가)",서울특별시 강남구 신사동 658 지하1층,,2014-06-23,영업,gangnam-cheongdam,,PENDING_REVIEW
3220000-212-2014-00071,김연옥 에스테틱,facial,피부미용업,피부미용업,"서울특별시 강남구 압구정로72길 14-4, 4층 (청담동)",서울특별시 강남구 청담동 81-9,,2014-08-01,영업,gangnam-cheongdam,,PENDING_REVIEW
3220000-212-2014-00072,문 에스테틱,facial,피부미용업,피부미용업,"서울특별시 강남구 도산대로85길 30, 지상3층 312호 (청담동, 청담신원아침도시마인)",서울특별시 강남구 청담동 122-35 청담신원아침도시마인,,2014-08-05,영업,gangnam-cheongdam,,PENDING_REVIEW
3220000-212-2014-00100,오이 굿데이,facial,피부미용업,피부미용업,"서울특별시 강남구 선릉로132길 35, 지하1층 101호 (청담동)",서울특별시 강남구 청담동 37-10,,2014-10-22,영업,gangnam-cheongdam,,PENDING_REVIEW
3220000-212-2014-00125,약손명가 에스테틱(청담 골드스타점),facial,피부미용업,피부미용업,"서울특별시 강남구 영동대로142길 29, 4층 (청담동, 약손명가 골기연구소)",서울특별시 강남구 청담동 130-22,025155711,2014-12-05,영업,gangnam-cheongdam,,PENDING_REVIEW
3220000-212-2014-00129,김수연 뷰티캐슬,facial,피부미용업,피부미용업,"서울특별시 강남구 강남대로162길 45, 지상2층 (신사동)",서울특별시 강남구 신사동 524-13,025555271,2014-12-19,영업,gangnam-cheongdam,,PENDING_REVIEW
3220000-212-2014-00148,이지슬림스파,facial,피부미용업,피부미용업,"서울특별시 강남구 강남대로152길 18, 4층 (신사동)",서울특별시 강남구 신사동 514,,2014-03-26,영업,gangnam-cheongdam,,PENDING_REVIEW
3220000-212-2015-00011,포세이지,facial,피부미용업,피부미용업,"서울특별시 강남구 도산대로102길 10, 지상3층 (청담동)",서울특별시 강남구 청담동 56-17,,2015-01-28,영업,gangnam-cheongdam,,PENDING_REVIEW
3220000-212-2015-00025,사바비안 강남지사,facial,피부미용업,피부미용업,"서울특별시 강남구 압구정로34길 11, 압구정스퀘어 지하1층 B111호 (신사동)",서울특별시 강남구 신사동 620 압구정스퀘어,0234438692,2015-03-18,영업,gangnam-cheongdam,,PENDING_REVIEW
3220000-212-2015-00036,아름다운사람,facial,피부미용업,피부미용업,"서울특별시 강남구 선릉로 815, 4층 6호 (신사동)",서울특별시 강남구 신사동 665-6,,2015-04-10,영업,gangnam-cheongdam,,PENDING_REVIEW
3220000-212-2015-00040,샤인스킨앤바디,facial,피부미용업,피부미용업,"서울특별시 강남구 압구정로46길 5-6, 압구정로데오스타 지상2층 203호 (신사동)",서울특별시 강남구 신사동 660-17 압구정로데오스타,025537256,2015-04-15,영업,gangnam-cheongdam,,PENDING_REVIEW
3220000-212-2015-00044,케이아라리(청담지점),facial,피부미용업,피부미용업,"서울특별시 강남구 도산대로75길 12, 3층 (청담동)",서울특별시 강남구 청담동 99-13,025402288,2015-04-20,영업,gangnam-cheongdam,,PENDING_REVIEW
3220000-212-2015-00049,살롱 드 영 스킨앤바디(Salon de young Skin & Body),facial,피부미용업,피부미용업,"서울특별시 강남구 삼성로147길 4, 지상3층 (청담동)",서울특별시 강남구 청담동 7-21,,2015-05-12,영업,gangnam-cheongdam,,PENDING_REVIEW
3220000-212-2015-00061,퀸즈에스테틱,facial,피부미용업,피부미용업,"서울특별시 강남구 도산대로58길 14, 지상5층 (청담동)",서울특별시 강남구 청담동 22-12,,2015-06-24,영업,gangnam-cheongdam,,PENDING_REVIEW
3220000-212-2015-00064,오직얼굴연구소,facial,피부미용업,피부미용업,"서울특별시 강남구 도산대로27길 26, 지상2층 201호 (신사동)",서울특별시 강남구 신사동 586-12,025228180,2015-07-02,영업,gangnam-cheongdam,,PENDING_REVIEW
3220000-212-2015-00065,블레싱,facial,피부미용업,피부미용업,"서울특별시 강남구 언주로165길 12, 지상2층 (신사동)",서울특별시 강남구 신사동 622-9,,2015-07-02,영업,gangnam-cheongdam,,PENDING_REVIEW
3220000-212-2015-00073,비케이에스테틱(BK aesthetic),facial,피부미용업,피부미용업,"서울특별시 강남구 압구정로75길 22, MK빌딩 3층 (청담동)",서울특별시 강남구 청담동 116 MK빌딩,,2015-07-13,영업,gangnam-cheongdam,,PENDING_REVIEW
3220000-212-2015-00081,청담제이더블유,facial,피부미용업,피부미용업,"서울특별시 강남구 삼성로 772, 지하1층 (청담동)",서울특별시 강남구 청담동 48-7,,2015-07-23,영업,gangnam-cheongdam,,PENDING_REVIEW
3220000-212-2015-00082,송스킨,facial,피부미용업,피부미용업,"서울특별시 강남구 압구정로28길 22-10, 지상2층 202호 (신사동)",서울특별시 강남구 신사동 577-9 지상2층202호,,2015-07-28,영업,gangnam-cheongdam,,PENDING_REVIEW
3220000-212-2015-00094,연세세인트 에스테틱,facial,피부미용업,피부미용업,"서울특별시 강남구 논현로 867, 6층 (신사동)",서울특별시 강남구 신사동 581-15,,2015-09-02,영업,gangnam-cheongdam,,PENDING_REVIEW
3220000-212-2015-00096,이화라스파,facial,피부미용업,피부미용업,"서울특별시 강남구 도산대로58길 14, 지상4층 (청담동)",서울특별시 강남구 청담동 22-12,,2015-09-02,영업,gangnam-cheongdam,,PENDING_REVIEW
3220000-212-2015-00110,성임 헤드스파,facial,피부미용업,피부미용업,"서울특별시 강남구 도산대로67길 19, 지상4층 (청담동)",서울특별시 강남구 청담동 94-6,,2015-10-01,영업,gangnam-cheongdam,,PENDING_REVIEW
3220000-212-2015-00150,허치벨(Herchbelle),facial,피부미용업,피부미용업,"서울특별시 강남구 논현로163길 11, 지상5층 (신사동)",서울특별시 강남구 신사동 569-21,0315210370,2015-06-17,영업,gangnam-cheongdam,,PENDING_REVIEW
3220000-212-2016-00003,더트리니티스파 바이 김지하,facial,피부미용업,피부미용업,"서울특별시 강남구 압구정로80길 21, 청담동 빌딩 지상2층 (청담동)",서울특별시 강남구 청담동 97-21 청담동 빌딩,025189782,2016-01-08,영업,gangnam-cheongdam,,PENDING_REVIEW
3220000-212-2016-00018,설화수 스파,facial,피부미용업,피부미용업,"서울특별시 강남구 도산대로45길 18, 지하1층 (신사동)",서울특별시 강남구 신사동 650 지하1층,,2016-02-17,영업,gangnam-cheongdam,,PENDING_REVIEW
3220000-212-2016-00020,설화수 발란스 스파,facial,피부미용업,피부미용업,"서울특별시 강남구 도산대로45길 18, 4층 (신사동)",서울특별시 강남구 신사동 650,,2016-02-17,영업,gangnam-cheongdam,,PENDING_REVIEW
3220000-212-2016-00057,워너비,facial,피부미용업,피부미용업,"서울특별시 강남구 도산대로17길 37, 2층 202호 (신사동)",서울특별시 강남구 신사동 544-25,0262052005,2016-05-30,영업,gangnam-cheongdam,,PENDING_REVIEW
3220000-212-2016-00095,비알(BR),facial,피부미용업,피부미용업,"서울특별시 강남구 압구정로42길 32, 2층 (신사동)",서울특별시 강남구 신사동 635-13,,2016-08-30,영업,gangnam-cheongdam,,PENDING_REVIEW
3220000-212-2016-00145,스킨엔젤라,facial,피부미용업,피부미용업,"서울특별시 강남구 도산대로90길 13, 지상3층 (청담동)",서울특별시 강남구 청담동 50-8,,2016-01-20,영업,gangnam-cheongdam,,PENDING_REVIEW
3220000-212-2017-00004,로지슈가링(Rosy Sugaring),facial,피부미용업,피부미용업,"서울특별시 강남구 학동로77길 18, 지상3층 (청담동)",서울특별시 강남구 청담동 31-16,025451626,2017-01-16,영업,gangnam-cheongdam,,PENDING_REVIEW
3220000-212-2017-00017,래쉬즘(LASHISM),facial,피부미용업,피부미용업,"서울특별시 강남구 도산대로85길 30, 지상1층 114호 (청담동, 청담 신원아침도시마인)",서울특별시 강남구 청담동 122-35,,2017-02-27,영업,gangnam-cheongdam,,PENDING_REVIEW
3220000-212-2017-00024,민 왁싱,facial,피부미용업,피부미용업,"서울특별시 강남구 학동로55길 12-7, 지상1층 101호 (청담동)",서울특별시 강남구 청담동 39-11,,2017-03-13,영업,gangnam-cheongdam,,PENDING_REVIEW
3220000-212-2017-00036,톤25(TONE25),facial,피부미용업,피부미용업,"서울특별시 강남구 선릉로157길 13-3, 4층 (신사동)",서울특별시 강남구 신사동 657-38,,2017-04-25,영업,gangnam-cheongdam,,PENDING_REVIEW
3220000-212-2017-00059,사만다왁싱,facial,피부미용업,피부미용업,"서울특별시 강남구 선릉로157길 21, 지상3층 (신사동)",서울특별시 강남구 신사동 657-20,027234002,2017-06-27,영업,gangnam-cheongdam,,PENDING_REVIEW
3220000-212-2017-00066,엘비스킨앤바디,facial,피부미용업,피부미용업,"서울특별시 강남구 선릉로 714, 지상4층 (청담동)",서울특별시 강남구 청담동 40-25 도시빌딩,025080014,2017-07-11,영업,gangnam-cheongdam,,PENDING_REVIEW
3220000-212-2017-00085,청담머슬테라피,facial,피부미용업,피부미용업,"서울특별시 강남구 학동로101길 26, 2층층 228호 (청담동)",서울특별시 강남구 청담동 134-20,,2017-09-01,영업,gangnam-cheongdam,,PENDING_REVIEW
3220000-212-2017-00102,강인숙 에스테틱,facial,피부미용업,피부미용업,"서울특별시 강남구 논현로 841, 제이비 미소빌딩 지하1층 B102호 (신사동)",서울특별시 강남구 신사동 583-3 제이비 미소빌딩,,2017-11-14,영업,gangnam-cheongdam,,PENDING_REVIEW
3220000-212-2017-00121,결이고은에스테틱 청담점,facial,피부미용업,피부미용업,"서울특별시 강남구 도산대로 409, S&S TOWER 지상9층 (청담동)",서울특별시 강남구 청담동 87-4 S&S TOWER 지상9층,025835085,2017-11-21,영업,gangnam-cheongdam,,PENDING_REVIEW
3220000-212-2018-00025,히메에스테틱,facial,피부미용업,피부미용업,"서울특별시 강남구 논현로175길 68, 지상3층 8호 (신사동)",서울특별시 강남구 신사동 549-9,0234452757,2018-04-09,영업,gangnam-cheongdam,,PENDING_REVIEW
3220000-212-2018-00052,어바웃왁싱,facial,피부미용업,피부미용업,"서울특별시 강남구 강남대로152길 35, 3층 302호 (신사동)",서울특별시 강남구 신사동 515-9,025460830,2018-06-15,영업,gangnam-cheongdam,,PENDING_REVIEW
3220000-212-2018-00083,JS압구정7 뷰티체형관리,facial,피부미용업,피부미용업,"서울특별시 강남구 가로수길 57-6, 4층 402호 (신사동)",서울특별시 강남구 신사동 533-9,,2018-09-13,영업,gangnam-cheongdam,,PENDING_REVIEW
3220000-212-2018-00084,스파앤스톤(SPA&STONE),facial,피부미용업,피부미용업,"서울특별시 강남구 영동대로138길 9, 3층 304호 (청담동)",서울특별시 강남구 청담동 131-14,025426727,2018-09-13,영업,gangnam-cheongdam,,PENDING_REVIEW
3220000-212-2018-00086,청담 프리미어 스파,facial,피부미용업,피부미용업,"서울특별시 강남구 도산대로 457, 앙스돔빌딩 지상4층 (청담동)",서울특별시 강남구 청담동 98-7 앙스돔빌딩,,2018-09-18,영업,gangnam-cheongdam,,PENDING_REVIEW
3220000-212-2018-00095,Q테라피,facial,피부미용업,피부미용업,"서울특별시 강남구 선릉로153길 16, 그린포이트 지상5층 (신사동)",서울특별시 강남구 신사동 655-12 그린포이트,,2018-10-18,영업,gangnam-cheongdam,,PENDING_REVIEW
3220000-212-2018-00116,아띠 esthe,facial,피부미용업,피부미용업,"서울특별시 강남구 압구정로20길 24, 지상5층 (신사동)",서울특별시 강남구 신사동 571-4,,2018-12-20,영업,gangnam-cheongdam,,PENDING_REVIEW
3220000-212-2018-00117,비결에틱 청담본점,facial,피부미용업,피부미용업,"서울특별시 강남구 삼성로147길 12, 청담동 1118빌딩 지상2층 201호 (청담동)",서울특별시 강남구 청담동 11-18 청담동 1118빌딩,,2018-05-25,영업,gangnam-cheongdam,,PENDING_REVIEW
3220000-212-2018-00123,다이아 에스테틱 압구정점,facial,피부미용업,피부미용업,"서울특별시 강남구 논현로157길 8, 2층 (신사동)",서울특별시 강남구 신사동 566-35,,2018-10-04,영업,gangnam-cheongdam,,PENDING_REVIEW
3220000-212-2018-00127,뮤리엘스킨&왁싱,facial,피부미용업,피부미용업,"서울특별시 강남구 강남대로156길 24, 6층 (신사동)",서울특별시 강남구 신사동 511-9,,2018-02-22,영업,gangnam-cheongdam,,PENDING_REVIEW
3220000-212-2019-00009,라니아트,facial,피부미용업,피부미용업,"서울특별시 강남구 압구정로20길 15, 지상3층 (신사동)",서울특별시 강남구 신사동 572-2,,2019-01-24,영업,gangnam-cheongdam,,PENDING_REVIEW
3220000-212-2019-00031,눈꽃속눈썹 강남구청,facial,피부미용업,피부미용업,"서울특별시 강남구 학동로59길 5, 지하1층 01호 (청담동)",서울특별시 강남구 청담동 42-2,,2019-04-22,영업,gangnam-cheongdam,,PENDING_REVIEW
3220000-212-2019-00064,압구정VIP슈가링왁싱테라피,facial,피부미용업,피부미용업,"서울특별시 강남구 언주로172길 26, 지상2층 202호 (신사동)",서울특별시 강남구 신사동 643-6 신사동엘리시아,,2019-08-06,영업,gangnam-cheongdam,,PENDING_REVIEW
3220000-212-2019-00068,스위스 익스필,facial,피부미용업,피부미용업,"서울특별시 강남구 논현로163길 17, 지상3층 (신사동)",서울특별시 강남구 신사동 569-8,0264493510,2019-08-14,영업,gangnam-cheongdam,,PENDING_REVIEW
3220000-212-2019-00080,이에이(EA) 에스테틱,facial,피부미용업,피부미용업,"서울특별시 강남구 도산대로55길 16-4, 지상2층 201호 (청담동)",서울특별시 강남구 청담동 88-13,,2019-09-27,영업,gangnam-cheongdam,,PENDING_REVIEW
3220000-212-2019-00082,라미아루체,facial,피부미용업,피부미용업,"서울특별시 강남구 강남대로162길 40, 2층 304호 (신사동)",서울특별시 강남구 신사동 520-1,,2019-10-04,영업,gangnam-cheongdam,,PENDING_REVIEW
3220000-212-2019-00084,위뷰티에스테틱 압구정점,facial,피부미용업,피부미용업,"서울특별시 강남구 논현로 833, 재경빌딩 지상4층 403호 (신사동)",서울특별시 강남구 신사동 585 재경빌딩,,2019-10-08,영업,gangnam-cheongdam,,PENDING_REVIEW
3220000-212-2019-00095,리포윅스 강남HQ,facial,피부미용업,피부미용업,"서울특별시 강남구 논현로163길 10, 7층 702호 (신사동)",서울특별시 강남구 신사동 570-6,,2019-11-04,영업,gangnam-cheongdam,,PENDING_REVIEW
3220000-212-2019-00111,몽마노,facial,피부미용업,피부미용업,"서울특별시 강남구 도산대로55길 47, 지상5층 (청담동)",서울특별시 강남구 청담동 84-20,,2019-05-24,영업,gangnam-cheongdam,,PENDING_REVIEW
3220000-212-2019-00116,프로라인청담,facial,피부미용업,피부미용업,"서울특별시 강남구 선릉로 722, 유진빌딩 2층 201호 (청담동)",서울특별시 강남구 청담동 40-1 유진빌딩,025233991,2019-01-03,영업,gangnam-cheongdam,,PENDING_REVIEW
3220000-212-2019-00118,더 앙드,facial,피부미용업,피부미용업,"서울특별시 강남구 도산대로81길 50, 지상3층 (청담동)",서울특별시 강남구 청담동 101-7,,2019-10-24,영업,gangnam-cheongdam,,PENDING_REVIEW
3220000-212-2019-00120,더작 에스테틱 압구정점,facial,피부미용업,,"서울특별시 강남구 논현로167길 16, 4층 401호 중 402호 (신사동)",서울특별시 강남구 신사동 576-10,,2019-05-30,영업,gangnam-cheongdam,,PENDING_REVIEW
3220000-212-2020-00003,와이스파,facial,피부미용업,피부미용업,"서울특별시 강남구 언주로 817, 신사빌딩 지상7층 (신사동)",서울특별시 강남구 신사동 627-19,,2020-01-06,영업,gangnam-cheongdam,,PENDING_REVIEW
3220000-212-2020-00019,반달인 레드,facial,피부미용업,피부미용업,"서울특별시 강남구 논현로167길 16, 3층 301호 (신사동)",서울특별시 강남구 신사동 576-10,,2020-02-26,영업,gangnam-cheongdam,,PENDING_REVIEW
3220000-212-2020-00029,오셀라스 스파,facial,피부미용업,피부미용업,"서울특별시 강남구 논현로 854, 지하2층 (신사동)",서울특별시 강남구 신사동 603,,2020-04-16,영업,gangnam-cheongdam,,PENDING_REVIEW
3220000-212-2020-00039,주주케어,facial,피부미용업,피부미용업,"서울특별시 강남구 도산대로85길 30, 지상1층 135호 (청담동, 청담신원아침도시마인)",서울특별시 강남구 청담동 122-35 청담신원아침도시마인,,2020-05-08,영업,gangnam-cheongdam,,PENDING_REVIEW
3220000-212-2020-00044,에스테시내,facial,피부미용업,피부미용업,"서울특별시 강남구 압구정로4길 14-11, 2층 201호 (신사동)",서울특별시 강남구 신사동 522-17,,2020-06-05,영업,gangnam-cheongdam,,PENDING_REVIEW
3220000-212-2020-00050,비엔엘에스테틱 아카데미,facial,피부미용업,피부미용업,"서울특별시 강남구 압구정로 334, 지상2층 211호 (신사동)",서울특별시 강남구 신사동 660-8,,2020-07-06,영업,gangnam-cheongdam,,PENDING_REVIEW
3220000-212-2020-00063,소울바디,facial,피부미용업,피부미용업,"서울특별시 강남구 학동로101길 26, 청담 삼익상가 지상2층 211호 (청담동)",서울특별시 강남구 청담동 134-20 청담 삼익상가,,2020-08-12,영업,gangnam-cheongdam,,PENDING_REVIEW
3220000-212-2020-00076,포시즌스(FOUR SEASONS),facial,피부미용업,피부미용업,"서울특별시 강남구 압구정로54길 15, 2층 202호 (신사동)",서울특별시 강남구 신사동 664-23,,2020-09-21,영업,gangnam-cheongdam,,PENDING_REVIEW
3220000-212-2020-00078,아나덴 슈가링왁싱 압구정역점,facial,피부미용업,피부미용업,"서울특별시 강남구 논현로167길 17, 지상4층 401호 (신사동)",서울특별시 강남구 신사동 570-2,,2020-10-08,영업,gangnam-cheongdam,,PENDING_REVIEW
3220000-212-2020-00080,청담뷰티라인,facial,피부미용업,피부미용업,"서울특별시 강남구 도산대로89길 25, 청맥빌딩 지상2층 201호 (청담동)",서울특별시 강남구 청담동 123-17 청맥빌딩,,2020-10-14,영업,gangnam-cheongdam,,PENDING_REVIEW
3220000-212-2020-00087,전하영 Therapy,facial,피부미용업,피부미용업,"서울특별시 강남구 압구정로46길 35, 지상2층 (신사동)",서울특별시 강남구 신사동 642-20,,2020-11-02,영업,gangnam-cheongdam,,PENDING_REVIEW
3220000-212-2020-00090,터치유(Touch yu),facial,피부미용업,피부미용업,"서울특별시 강남구 압구정로 110, 화인빌딩 2층 207호 (신사동)",서울특별시 강남구 신사동 528-4 화인빌딩,,2020-11-17,영업,gangnam-cheongdam,,PENDING_REVIEW
3220000-212-2020-00097,인스파,facial,피부미용업,피부미용업,"서울특별시 강남구 도산대로 203, 포포인츠바이쉐라톤서울강남 4층,5층,6층 (신사동)",서울특별시 강남구 신사동 587-21 포포인츠바이쉐라톤서울강남,0234308181,2020-12-31,영업,gangnam-cheongdam,in-spa-premium-hotel-spa,PENDING_REVIEW
3220000-212-2020-00102,꽁쌤에스테틱,facial,피부미용업,피부미용업,"서울특별시 강남구 압구정로42길 23, 2층 (신사동)",서울특별시 강남구 신사동 643-1,,2020-08-18,영업,gangnam-cheongdam,,PENDING_REVIEW
3220000-212-2021-00005,더올슬림 압구정점,facial,피부미용업,피부미용업,"서울특별시 강남구 도산대로27길 26, 2층 203호 (신사동)",서울특별시 강남구 신사동 586-12,,2021-01-19,영업,gangnam-cheongdam,,PENDING_REVIEW
3220000-212-2021-00016,피피라인,facial,피부미용업,피부미용업,"서울특별시 강남구 강남대로152길 23, 4층 401호 (신사동)",서울특별시 강남구 신사동 512-11,,2021-03-16,영업,gangnam-cheongdam,,PENDING_REVIEW
3220000-212-2021-00021,스킨포레,facial,피부미용업,피부미용업,"서울특별시 강남구 논현로167길 11, 지상3층 301호 (신사동)",서울특별시 강남구 신사동 570-5,025122355,2021-03-23,영업,gangnam-cheongdam,,PENDING_REVIEW
3220000-212-2021-00022,미르테 2 바이예진,facial,피부미용업,피부미용업,"서울특별시 강남구 선릉로 758-2, 청담원빌딩 지상2층 (청담동)",서울특별시 강남구 청담동 1-19 청담원빌딩,,2021-03-26,영업,gangnam-cheongdam,,PENDING_REVIEW
3220000-212-2021-00026,끌레르몽드,facial,피부미용업,피부미용업,"서울특별시 강남구 도산대로92길 43, 지상1,2층 (청담동)",서울특별시 강남구 청담동 61-4,025452310,2021-03-31,영업,gangnam-cheongdam,,PENDING_REVIEW
3220000-212-2021-00072,더록시 청담,facial,피부미용업,피부미용업,"서울특별시 강남구 선릉로152길 33, 3층 301호 (청담동)",서울특별시 강남구 청담동 90-25,,2021-08-27,영업,gangnam-cheongdam,,PENDING_REVIEW
3220000-212-2021-00080,디오리엔탈,facial,피부미용업,피부미용업,"서울특별시 강남구 논현로175길 69, 원영빌딩 지상4층 (신사동)",서울특별시 강남구 신사동 550-1 원영빌딩,025158553,2021-09-16,영업,gangnam-cheongdam,,PENDING_REVIEW
3220000-212-2021-00083,디오비에스테틱(D.O.B),facial,피부미용업,피부미용업,"서울특별시 강남구 압구정로50길 11, 남송빌딩 지상3층 (신사동)",서울특별시 강남구 신사동 662 남송빌딩,025166590,2021-09-27,영업,gangnam-cheongdam,,PENDING_REVIEW
3220000-212-2021-00086,알엑스퍼트 Rxpert,facial,피부미용업,피부미용업,"서울특별시 강남구 언주로 860, 에이플러스빌딩 지상6층 (신사동)",서울특별시 강남구 신사동 636-7 에이플러스빌딩,0260220897,2021-10-07,영업,gangnam-cheongdam,,PENDING_REVIEW
3220000-212-2021-00102,에스테틱 구름 Aesthetic gulm,facial,피부미용업,피부미용업,"서울특별시 강남구 가로수길 41, 지상3층 (신사동)",서울특별시 강남구 신사동 534-20,,2021-11-23,영업,gangnam-cheongdam,,PENDING_REVIEW
3220000-212-2021-00111,에스엠에스테틱,facial,피부미용업,피부미용업,"서울특별시 강남구 도산대로49길 6-5, 지상6층 (신사동)",서울특별시 강남구 신사동 652-5,,2021-12-24,영업,gangnam-cheongdam,,PENDING_REVIEW
3220000-212-2022-00001,테라피 드 포레,facial,피부미용업,피부미용업,"서울특별시 강남구 논현로167길 16, 지상3층 306호 (신사동)",서울특별시 강남구 신사동 576-10,,2022-01-03,영업,gangnam-cheongdam,,PENDING_REVIEW
3220000-212-2022-00002,오트웰니스,facial,피부미용업,피부미용업,"서울특별시 강남구 도산대로101길 3, 5층 502호 (청담동)",서울특별시 강남구 청담동 125-11,,2022-01-04,영업,gangnam-cheongdam,,PENDING_REVIEW
3220000-212-2022-00015,비알부티크 청담,facial,피부미용업,피부미용업,"서울특별시 강남구 삼성로145길 11, 3층 (청담동)",서울특별시 강남구 청담동 11-17,025443653,2022-03-15,영업,gangnam-cheongdam,,PENDING_REVIEW
3220000-212-2022-00016,베베 드 마랑,facial,피부미용업,피부미용업,"서울특별시 강남구 논현로163길 13-4, 5층 (신사동)",서울특별시 강남구 신사동 569-12,,2022-03-17,영업,gangnam-cheongdam,,PENDING_REVIEW
3220000-212-2022-00021,아이테라피,facial,피부미용업,피부미용업,"서울특별시 강남구 학동로 421, 원영빌딩 지상2층 (청담동)",서울특별시 강남구 청담동 44-11 원영빌딩,025141141,2022-04-05,영업,gangnam-cheongdam,,PENDING_REVIEW
3220000-212-2022-00022,도나에스테틱,facial,피부미용업,피부미용업,"서울특별시 강남구 언주로174길 22, 지상3층 (신사동)",서울특별시 강남구 신사동 640-13,,2022-04-06,영업,gangnam-cheongdam,,PENDING_REVIEW
3220000-212-2022-00029,멈춤컴퍼니,facial,피부미용업,피부미용업,"서울특별시 강남구 논현로175길 17, 지상2층 (신사동)",서울특별시 강남구 신사동 578-2,,2022-05-16,영업,gangnam-cheongdam,,PENDING_REVIEW
3220000-212-2022-00032,모어브닝 morevening,facial,피부미용업,피부미용업,"서울특별시 강남구 압구정로30길 17, 이소니프라자 지상2층 205호 (신사동)",서울특별시 강남구 신사동 609 이소니프라자,,2022-06-09,영업,gangnam-cheongdam,,PENDING_REVIEW
3220000-212-2022-00051,쥬넥스 에스테틱,facial,피부미용업,피부미용업,"서울특별시 강남구 도산대로 435, 삼이빌딩 지상3층 (청담동)",서울특별시 강남구 청담동 92-4 삼이빌딩,,2022-07-19,영업,gangnam-cheongdam,,PENDING_REVIEW
3220000-212-2022-00060,결이고은 압구정본점,facial,피부미용업,피부미용업,"서울특별시 강남구 압구정로28길 17, 청박병원 지상4층 (신사동)",서울특별시 강남구 신사동 582 청박병원,,2022-07-29,영업,gangnam-cheongdam,,PENDING_REVIEW
3220000-212-2022-00061,더좋은피부,facial,피부미용업,피부미용업,"서울특별시 강남구 강남대로152길 14, 지상2층 201호 (신사동)",서울특별시 강남구 신사동 513-2,,2022-08-01,영업,gangnam-cheongdam,,PENDING_REVIEW
3220000-212-2022-00066,헤라브로우,facial,피부미용업,피부미용업,"서울특별시 강남구 논현로154길 19, 지하1층 (신사동)",서울특별시 강남구 신사동 591-6,,2022-08-18,영업,gangnam-cheongdam,,PENDING_REVIEW
3220000-212-2022-00069,모클린 왁싱,facial,피부미용업,피부미용업,"서울특별시 강남구 압구정로10길 27, 지상3층 302호 (신사동)",서울특별시 강남구 신사동 533-8,,2022-08-29,영업,gangnam-cheongdam,,PENDING_REVIEW
3220000-212-2022-00072,스파피움 by 규리,facial,피부미용업,피부미용업,"서울특별시 강남구 압구정로29길 71, 점포4동 지하1층 4-2호 (압구정동, 현대아파트)",서울특별시 강남구 압구정동 369-1 현대아파트,,2022-08-31,영업,gangnam-cheongdam,,PENDING_REVIEW
3220000-212-2022-00079,이코르 청담,facial,피부미용업,피부미용업,"서울특별시 강남구 선릉로153길 17, 지상4층 (신사동)",서울특별시 강남구 신사동 654,,2022-09-20,영업,gangnam-cheongdam,,PENDING_REVIEW
3220000-212-2022-00085,현 피부미용,facial,피부미용업,피부미용업,"서울특별시 강남구 강남대로158길 29, 지상1층 103호 (신사동)",서울특별시 강남구 신사동 519-25,,2022-10-12,영업,gangnam-cheongdam,,PENDING_REVIEW
3220000-212-2022-00088,테르미에스테틱 청담점,facial,피부미용업,피부미용업,"서울특별시 강남구 영동대로137길 6, 지상2층 202호 (청담동)",서울특별시 강남구 청담동 68-16,,2022-11-02,영업,gangnam-cheongdam,,PENDING_REVIEW
3220000-212-2022-00103,올빚뷰티라운지,facial,피부미용업,피부미용업,"서울특별시 강남구 압구정로 152, 극동타워 A동 8층 803호 (신사동)",서울특별시 강남구 신사동 575 극동타워,,2022-08-18,영업,gangnam-cheongdam,,PENDING_REVIEW
3220000-212-2022-00106,엘뷰티 레메디 청담점,facial,피부미용업,피부미용업,"서울특별시 강남구 도산대로75길 26, 3층 (청담동)",서울특별시 강남구 청담동 99-3 가당빌딩,,2022-12-06,영업,gangnam-cheongdam,,PENDING_REVIEW
3220000-212-2022-00107,본미스튜디오,facial,피부미용업,피부미용업,"서울특별시 강남구 강남대로152길 62, 3층 (신사동)",서울특별시 강남구 신사동 539-1,,2022-09-07,영업,gangnam-cheongdam,,PENDING_REVIEW
3220000-212-2022-00108,헤이유 라이프 앤드 무브먼트 라운지,facial,피부미용업,피부미용업,"서울특별시 강남구 논현로167길 9, 지하1층 (신사동)",서울특별시 강남구 신사동 570-12 낙산프라자,,2022-09-07,영업,gangnam-cheongdam,,PENDING_REVIEW
3220000-212-2023-00002,김윤정의 YJ스파(청담점),facial,피부미용업,피부미용업,"서울특별시 강남구 도산대로81길 41, 4층 (청담동)",서울특별시 강남구 청담동 100-14,,2023-01-09,영업,gangnam-cheongdam,,PENDING_REVIEW
3220000-212-2023-00003,프리마 에스테틱,facial,피부미용업,피부미용업,"서울특별시 강남구 도산대로102길 10, 지상1층 (청담동)",서울특별시 강남구 청담동 56-17,,2023-01-11,영업,gangnam-cheongdam,,PENDING_REVIEW
3220000-212-2023-00027,청담 프레스티지 VIP스파&왁싱,facial,피부미용업,피부미용업,"서울특별시 강남구 선릉로148길 52-7, 지상2층 201호 (청담동)",서울특별시 강남구 청담동 18-3,,2023-05-09,영업,gangnam-cheongdam,,PENDING_REVIEW
3220000-212-2023-00040,지앤by수현(JIEN by Suhyun),facial,피부미용업,피부미용업,"서울특별시 강남구 도산대로78길 25, 에스앤에스빌딩 3층 (청담동)",서울특별시 강남구 청담동 11-12 에스앤에스빌딩,,2023-06-20,영업,gangnam-cheongdam,,PENDING_REVIEW
3220000-212-2023-00054,지방흡입후관리 케이슬림,facial,피부미용업,피부미용업,"서울특별시 강남구 언주로172길 59, 2층 (신사동)",서울특별시 강남구 신사동 662-11,,2023-07-28,영업,gangnam-cheongdam,,PENDING_REVIEW
3220000-212-2023-00056,케이스파마사지,facial,피부미용업,피부미용업,"서울특별시 강남구 압구정로50길 18, 4층 (신사동)",서울특별시 강남구 신사동 659-13,,2023-08-03,영업,gangnam-cheongdam,,PENDING_REVIEW
3220000-212-2023-00060,웰니스온도청담,facial,피부미용업,피부미용업,"서울특별시 강남구 학동로97길 26, 3층 (청담동)",서울특별시 강남구 청담동 71-1 청담갤러리,,2023-08-10,영업,gangnam-cheongdam,,PENDING_REVIEW
3220000-212-2023-00062,에스로이에스테틱,facial,피부미용업,피부미용업,"서울특별시 강남구 강남대로 624, ICT TOWER 지상5층 (신사동)",서울특별시 강남구 신사동 502-6 ICT TOWER,,2023-08-11,영업,gangnam-cheongdam,,PENDING_REVIEW
3220000-212-2023-00064,이지에스테틱 압구정점,facial,피부미용업,피부미용업,"서울특별시 강남구 압구정로 310, 고려빌딩 지상1층 105호 (신사동)",서울특별시 강남구 신사동 638-5 고려빌딩,,2023-08-21,영업,gangnam-cheongdam,,PENDING_REVIEW
3220000-212-2023-00077,와드 에스테틱,facial,피부미용업,피부미용업,"서울특별시 강남구 강남대로152길 35, 지상3층 301호 (신사동)",서울특별시 강남구 신사동 515-9,,2023-09-13,영업,gangnam-cheongdam,,PENDING_REVIEW
3220000-212-2023-00079,휴테라피,facial,피부미용업,피부미용업,"서울특별시 강남구 강남대로156길 48, 지상6층 (신사동)",서울특별시 강남구 신사동 536-19,,2023-09-15,영업,gangnam-cheongdam,,PENDING_REVIEW
3220000-212-2023-00092,주엘스킨테라피,facial,피부미용업,피부미용업,"서울특별시 강남구 선릉로162길 27-3, 2층 (청담동)",서울특별시 강남구 청담동 79-8,,2023-10-20,영업,gangnam-cheongdam,,PENDING_REVIEW
3220000-212-2023-00093,달팡 플래그십,facial,피부미용업,피부미용업,"서울특별시 강남구 삼성로 748, 제이에스하우스 3층 (청담동)",서울특별시 강남구 청담동 62-35 제이에스하우스,,2023-10-25,영업,gangnam-cheongdam,,PENDING_REVIEW
3220000-212-2023-00103,루미에르 스파,facial,피부미용업,피부미용업,"서울특별시 강남구 언주로171길 12, 지상2층 (신사동)",서울특별시 강남구 신사동 619-8,,2023-11-21,영업,gangnam-cheongdam,,PENDING_REVIEW
3220000-212-2023-00106,모바디(MOBODY),facial,피부미용업,피부미용업,"서울특별시 강남구 강남대로152길 70, 지상2층 (신사동)",서울특별시 강남구 신사동 539-5,,2023-11-28,영업,gangnam-cheongdam,,PENDING_REVIEW
3220000-212-2023-00111,이지에프올로지안티에이징랩,facial,피부미용업,피부미용업,"서울특별시 강남구 선릉로 720, L빌딩 3층 (청담동)",서울특별시 강남구 청담동 40-2 L빌딩,0262055600,2023-12-08,영업,gangnam-cheongdam,,PENDING_REVIEW
3220000-212-2023-00112,하울(hawool),facial,피부미용업,피부미용업,"서울특별시 강남구 강남대로 652, SINSA SQUARE 지상2층 204호 [B04]호 (신사동)",서울특별시 강남구 신사동 504-11 SINSA SQUARE,,2023-12-12,영업,gangnam-cheongdam,,PENDING_REVIEW
3220000-212-2023-00124,르디브에스테틱 청담,facial,피부미용업,피부미용업,"서울특별시 강남구 도산대로78길 14, 5층 (청담동)",서울특별시 강남구 청담동 12-16,,2023-07-21,영업,gangnam-cheongdam,,PENDING_REVIEW
3220000-212-2024-00001,부심(BOOSIM) SKIN&BODY,facial,피부미용업,피부미용업,"서울특별시 강남구 논현로151길 41, 지상1층 101호 (신사동)",서울특별시 강남구 신사동 561,,2024-01-02,영업,gangnam-cheongdam,,PENDING_REVIEW
3220000-212-2024-00002,에이윤 왁싱,facial,피부미용업,피부미용업,"서울특별시 강남구 선릉로132길 13, 지상2층 (청담동)",서울특별시 강남구 청담동 38-26,,2024-01-05,영업,gangnam-cheongdam,,PENDING_REVIEW
3220000-212-2024-00003,건강미 Spa&Aesthetic,facial,피부미용업,피부미용업,"서울특별시 강남구 선릉로162길 43, 2층,3층 (청담동)",서울특별시 강남구 청담동 80-5,,2024-01-09,영업,gangnam-cheongdam,,PENDING_REVIEW
3220000-212-2024-00009,모엘르,facial,피부미용업,피부미용업,"서울특별시 강남구 강남대로152길 11, 지상4층 (신사동)",서울특별시 강남구 신사동 512-19,,2024-01-17,영업,gangnam-cheongdam,,PENDING_REVIEW
3220000-212-2024-00011,디에르 왁싱,facial,피부미용업,피부미용업,"서울특별시 강남구 논현로157길 9, 지상3층 (신사동)",서울특별시 강남구 신사동 565-7,,2024-01-24,영업,gangnam-cheongdam,,PENDING_REVIEW
3220000-212-2024-00014,가인미가 강남청담역점,facial,피부미용업,피부미용업,"서울특별시 강남구 삼성로 741, 덕암빌딩 지상4층 (청담동)",서울특별시 강남구 청담동 9-8 덕암빌딩,,2024-02-06,영업,gangnam-cheongdam,,PENDING_REVIEW
3220000-212-2024-00017,박수정청담뷰티랩,facial,피부미용업,피부미용업,"서울특별시 강남구 도산대로78길 23-1, 지상4층 (청담동)",서울특별시 강남구 청담동 11-14,,2024-02-28,영업,gangnam-cheongdam,,PENDING_REVIEW
3220000-212-2024-00026,니잉우디,facial,피부미용업,피부미용업,"서울특별시 강남구 논현로175길 68, 지상2층 6호 (신사동)",서울특별시 강남구 신사동 549-9,,2024-03-28,영업,gangnam-cheongdam,,PENDING_REVIEW
3220000-212-2024-00027,수연에스테틱,facial,피부미용업,피부미용업,"서울특별시 강남구 압구정로 310, 고려빌딩 지상2층 204호 (신사동)",서울특별시 강남구 신사동 638-5 고려빌딩,,2024-03-28,영업,gangnam-cheongdam,,PENDING_REVIEW
3220000-212-2024-00029,무무왁싱 청담본점,facial,피부미용업,피부미용업,"서울특별시 강남구 선릉로161길 31, 혜성빌딩 4층 (신사동)",서울특별시 강남구 신사동 659-9 혜성빌딩,025410310,2024-04-03,영업,gangnam-cheongdam,,PENDING_REVIEW
3220000-212-2024-00032,EHU,facial,피부미용업,피부미용업,"서울특별시 강남구 도산대로85길 30, 지상3층 313, 314, 315호 (청담동, 청담신원아침도시마인)",서울특별시 강남구 청담동 122-35 청담신원아침도시마인,,2024-04-09,영업,gangnam-cheongdam,,PENDING_REVIEW
3220000-212-2024-00037,바이꽁트(By.conte),facial,피부미용업,피부미용업,"서울특별시 강남구 학동로101길 33, 1동 지상3층 303호 (청담동)",서울특별시 강남구 청담동 132-3 청담상가,,2024-04-23,영업,gangnam-cheongdam,,PENDING_REVIEW
3220000-212-2024-00044,루루래쉬,facial,피부미용업,피부미용업,"서울특별시 강남구 강남대로152길 28, 지상2층 2-02호 (신사동)",서울특별시 강남구 신사동 514-4,,2024-05-17,영업,gangnam-cheongdam,,PENDING_REVIEW
3220000-212-2024-00045,엘리시온 뷰티&자세리커버리연구소,facial,피부미용업,피부미용업,"서울특별시 강남구 압구정로50길 18, 5층 2호 (신사동)",서울특별시 강남구 신사동 659-13,,2024-05-17,영업,gangnam-cheongdam,,PENDING_REVIEW
3220000-212-2024-00048,뷰티야드,facial,피부미용업,피부미용업,"서울특별시 강남구 논현로151길 18, 지상4층 (신사동)",서울특별시 강남구 신사동 562-13,,2024-05-27,영업,gangnam-cheongdam,,PENDING_REVIEW
3220000-212-2024-00049,스파 드 헤라(SPA DE HERA),facial,피부미용업,피부미용업,"서울특별시 강남구 삼성로149길 13, 지상3층 (청담동)",서울특별시 강남구 청담동 12-12,,2024-05-27,영업,gangnam-cheongdam,,PENDING_REVIEW
3220000-212-2024-00050,꽁쌤Ⅱ에스테틱,facial,피부미용업,피부미용업,"서울특별시 강남구 압구정로42길 23, 지상2층 (신사동)",서울특별시 강남구 신사동 643-1,,2024-05-28,영업,gangnam-cheongdam,,PENDING_REVIEW
3220000-212-2024-00055,"빛,고움",facial,피부미용업,피부미용업,"서울특별시 강남구 압구정로 306, 2층 204호 (신사동)",서울특별시 강남구 신사동 638-2,,2024-06-11,영업,gangnam-cheongdam,,PENDING_REVIEW
3220000-212-2024-00056,에스티크민,facial,피부미용업,피부미용업,"서울특별시 강남구 언주로170길 35, 3층 302호 (신사동, 유니온)",서울특별시 강남구 신사동 642-9 유니온,,2024-06-12,영업,gangnam-cheongdam,,PENDING_REVIEW
3220000-212-2024-00059,리무드(REMOOD),facial,피부미용업,피부미용업,"서울특별시 강남구 학동로101길 11, 6층 610호 (청담동)",서울특별시 강남구 청담동 132-16,,2024-06-25,영업,gangnam-cheongdam,,PENDING_REVIEW
3220000-212-2024-00067,김지숙 Kinetic Aesthe 청담본점,facial,피부미용업,피부미용업,"서울특별시 강남구 도산대로89길 19-10, 지상2층 (청담동)",서울특별시 강남구 청담동 123-24,,2024-07-31,영업,gangnam-cheongdam,,PENDING_REVIEW
3220000-212-2024-00081,키라왁싱,facial,피부미용업,피부미용업,"서울특별시 강남구 강남대로162길 45, 3층 303호 (신사동)",서울특별시 강남구 신사동 524-13,,2024-10-29,영업,gangnam-cheongdam,,PENDING_REVIEW
3220000-212-2024-00082,스파드 에이치 (Spa DE H),facial,피부미용업,피부미용업,"서울특별시 강남구 영동대로141길 20, 헤리티지산후조리원2호점 지상3층 (청담동)",서울특별시 강남구 청담동 55-19 헤리티지산후조리원2호점,025152433,2024-11-01,영업,gangnam-cheongdam,,PENDING_REVIEW
3220000-212-2024-00094,스파유(SPAU),facial,피부미용업,피부미용업,"서울특별시 강남구 압구정로46길 5-6, 압구정로데오스타 A동 5층 501호 (신사동)",서울특별시 강남구 신사동 660-17 압구정로데오스타,,2024-12-13,영업,gangnam-cheongdam,,PENDING_REVIEW
3220000-212-2024-00097,로인 웰니스센터,facial,피부미용업,피부미용업,"서울특별시 강남구 선릉로162길 3, 지상4층 (청담동)",서울특별시 강남구 청담동 78-3,,2024-12-27,영업,gangnam-cheongdam,,PENDING_REVIEW
3220000-212-2025-00002,스킨스타,facial,피부미용업,피부미용업,"서울특별시 강남구 언주로153길 12, 태경빌딩 3층 (신사동)",서울특별시 강남구 신사동 626-70 태경빌딩,,2025-01-07,영업,gangnam-cheongdam,,PENDING_REVIEW
3220000-212-2025-00008,루체 테라피 청담 스웨디시,facial,피부미용업,피부미용업,"서울특별시 강남구 삼성로135길 13, 4층 (청담동)",서울특별시 강남구 청담동 32-1,,2025-02-10,영업,gangnam-cheongdam,,PENDING_REVIEW
3220000-212-2025-00013,어스니스파 마사지 강남본점,facial,피부미용업,피부미용업,"서울특별시 강남구 도산대로19길 48, 지상1층 (신사동)",서울특별시 강남구 신사동 554-10,,2025-02-27,영업,gangnam-cheongdam,,PENDING_REVIEW
3220000-212-2025-00020,스파 인 마인드(SPA In Mind),facial,피부미용업,피부미용업,"서울특별시 강남구 도산대로 542, 542빌딩 지상4층 402호 (청담동)",서울특별시 강남구 청담동 53 542빌딩,,2025-03-17,영업,gangnam-cheongdam,,PENDING_REVIEW
3220000-212-2025-00021,지앤씨 웰니스센터(G&C Wellness Center),facial,피부미용업,피부미용업,"서울특별시 강남구 가로수길 35, 소호빌딩 지하1층 (신사동)",서울특별시 강남구 신사동 535-26 소호빌딩,,2025-03-19,영업,gangnam-cheongdam,,PENDING_REVIEW
3220000-212-2025-00023,알렉산드리아 프로페셔널,facial,피부미용업,피부미용업,"서울특별시 강남구 선릉로153길 17, 지상3층 (신사동)",서울특별시 강남구 신사동 654,,2025-03-28,영업,gangnam-cheongdam,,PENDING_REVIEW
3220000-212-2025-00025,이너스킨 앤 바디,facial,피부미용업,피부미용업,"서울특별시 강남구 선릉로157길 14-7, 압구정빌딩 지상6층 (신사동)",서울특별시 강남구 신사동 663-17 압구정빌딩,,2025-04-07,영업,gangnam-cheongdam,,PENDING_REVIEW
3220000-212-2025-00030,이로움뷰티 강남점,facial,피부미용업,피부미용업,"서울특별시 강남구 강남대로152길 23, 5층 501호 (신사동)",서울특별시 강남구 신사동 512-11,,2025-04-18,영업,gangnam-cheongdam,,PENDING_REVIEW
3220000-212-2025-00031,닥터나인틴스파,facial,피부미용업,피부미용업,"서울특별시 강남구 삼성로144길 6, 지상2층 (청담동)",서울특별시 강남구 청담동 62-30,,2025-04-28,영업,gangnam-cheongdam,,PENDING_REVIEW
3220000-212-2025-00042,에스앤에이치 듀얼왁싱 슈가링&하드 압구정점,facial,피부미용업,피부미용업,"서울특별시 강남구 압구정로46길 5-6, 압구정로데오스타 A동 404호 (신사동)",서울특별시 강남구 신사동 660-17 압구정로데오스타,,2025-06-12,영업,gangnam-cheongdam,,PENDING_REVIEW
3220000-212-2025-00044,피티아,facial,피부미용업,피부미용업,"서울특별시 강남구 논현로167길 16, 2층 203호중 206호 (신사동)",서울특별시 강남구 신사동 576-10,,2025-06-16,영업,gangnam-cheongdam,,PENDING_REVIEW
3220000-212-2025-00048,퀸슈가링왁싱테라피 강남압구정점,facial,피부미용업,피부미용업,"서울특별시 강남구 압구정로46길 5-6, 압구정로데오스타 A동 지상5층 506-b호 (신사동)",서울특별시 강남구 신사동 660-17 압구정로데오스타,,2025-06-30,영업,gangnam-cheongdam,,PENDING_REVIEW
3220000-212-2025-00054,연비담,facial,피부미용업,피부미용업,"서울특별시 강남구 도산대로96길 15, 파크힐 빌딩 지상5층 (청담동)",서울특별시 강남구 청담동 58-9 파크힐 빌딩,,2025-07-16,영업,gangnam-cheongdam,,PENDING_REVIEW
3220000-212-2025-00058,러쉬스파 압구정점,facial,피부미용업,피부미용업,"서울특별시 강남구 언주로 868, 지하1층 (신사동)",서울특별시 강남구 신사동 636,,2025-08-05,영업,gangnam-cheongdam,,PENDING_REVIEW
3220000-212-2025-00062,럭스케어,facial,피부미용업,피부미용업,"서울특별시 강남구 도산대로 107, BIO 지하2층 (신사동)",서울특별시 강남구 신사동 501-2 BIO,,2025-08-18,영업,gangnam-cheongdam,,PENDING_REVIEW
3220000-212-2025-00064,디유에스테틱 프리베 청담점,facial,피부미용업,피부미용업,"서울특별시 강남구 압구정로 449, 청하빌딩 지상2층 2호 (청담동)",서울특별시 강남구 청담동 100-32 청하빌딩,,2025-08-26,영업,gangnam-cheongdam,,PENDING_REVIEW
3220000-212-2025-00065,지오,facial,피부미용업,피부미용업,"서울특별시 강남구 도산대로57길 6, 5층 (청담동)",서울특별시 강남구 청담동 91-15,,2025-09-01,영업,gangnam-cheongdam,,PENDING_REVIEW
3220000-212-2025-00071,드네서울,facial,피부미용업,피부미용업,"서울특별시 강남구 강남대로158길 46, 5층 502호 (신사동)",서울특별시 강남구 신사동 518-8,,2025-09-22,영업,gangnam-cheongdam,,PENDING_REVIEW
3220000-212-2025-00074,청담엘 에스테틱,facial,피부미용업,피부미용업,"서울특별시 강남구 학동로101길 11, 지상3층 312호 (청담동)",서울특별시 강남구 청담동 132-16,,2025-10-14,영업,gangnam-cheongdam,,PENDING_REVIEW
3220000-212-2025-00078,청담 슈가링 왁싱&테라피,facial,피부미용업,피부미용업,"서울특별시 강남구 도산대로85길 30, 지상1층 106호 (청담동, 청담신원아침도시마인)",서울특별시 강남구 청담동 122-35 청담신원아침도시마인,,2025-10-20,영업,gangnam-cheongdam,,PENDING_REVIEW
3220000-212-2025-00082,스파두이 청담,facial,피부미용업,피부미용업,"서울특별시 강남구 도산대로81길 16-6, 3층 (청담동)",서울특별시 강남구 청담동 117-14,,2025-10-29,영업,gangnam-cheongdam,,PENDING_REVIEW
3220000-212-2025-00084,예신 압구정점,facial,피부미용업,피부미용업,"서울특별시 강남구 가로수길 78, 4층 (신사동)",서울특별시 강남구 신사동 547-2,,2025-10-10,영업,gangnam-cheongdam,,PENDING_REVIEW
3220000-212-2025-00085,클래리티 청담왁싱,facial,피부미용업,피부미용업,"서울특별시 강남구 삼성로149길 3-9, 지상1층 102호 (청담동)",서울특별시 강남구 청담동 7-14,,2025-11-10,영업,gangnam-cheongdam,,PENDING_REVIEW
3220000-212-2025-00087,누보뷰티,facial,피부미용업,피부미용업,"서울특별시 강남구 논현로159길 9, 지상4층 (신사동)",서울특별시 강남구 신사동 566-30,,2025-11-13,영업,gangnam-cheongdam,,PENDING_REVIEW
3220000-212-2025-00090,루메디,facial,피부미용업,피부미용업,"서울특별시 강남구 학동로55길 12, 지상5층 (청담동)",서울특별시 강남구 청담동 38-27,,2025-11-17,영업,gangnam-cheongdam,,PENDING_REVIEW
3220000-212-2025-00094,바디캔버스 청담점,facial,피부미용업,피부미용업,"서울특별시 강남구 도산대로94길 33, 지상3층 302호 (청담동)",서울특별시 강남구 청담동 52-8,,2025-11-21,영업,gangnam-cheongdam,,PENDING_REVIEW
3220000-212-2025-00097,더풋샵 압구정역점,facial,피부미용업,피부미용업,"서울특별시 강남구 압구정로30길 23, 지하1층 (신사동)",서울특별시 강남구 신사동 609-1,,2025-11-25,영업,gangnam-cheongdam,,PENDING_REVIEW
3220000-212-2025-00100,엘 바이 세븐(L by 7),facial,피부미용업,피부미용업,"서울특별시 강남구 삼성로146길 10, 2층 (청담동)",서울특별시 강남구 청담동 62,,2025-12-05,영업,gangnam-cheongdam,,PENDING_REVIEW
3220000-212-2025-00102,셀파바이청담,facial,피부미용업,피부미용업,"서울특별시 강남구 선릉로 803, 메타타워Ⅳ 지하1층 일부호 (신사동)",서울특별시 강남구 신사동 666-10 메타타워Ⅳ,,2025-12-17,영업,gangnam-cheongdam,,PENDING_REVIEW
3220000-212-2025-00106,위뷰티 청담점,facial,피부미용업,피부미용업,"서울특별시 강남구 도산대로 540, 3층 301호 (청담동)",서울특별시 강남구 청담동 52-6,,2025-12-30,영업,gangnam-cheongdam,,PENDING_REVIEW
3220000-212-2025-00107,소마렛(SOMARET) 스파 압구정,facial,피부미용업,피부미용업,"서울특별시 강남구 논현로157길 35, 2층 (신사동)",서울특별시 강남구 신사동 556-11,,2025-12-31,영업,gangnam-cheongdam,,PENDING_REVIEW
3220000-212-2026-00001,청담온바디,facial,피부미용업,피부미용업,"서울특별시 강남구 학동로55길 12-4, 지하1층 (청담동)",서울특별시 강남구 청담동 38-23,,2026-01-02,영업,gangnam-cheongdam,,PENDING_REVIEW
3220000-212-2026-00005,더세종뷰티 청담점,facial,피부미용업,피부미용업,"서울특별시 강남구 선릉로162길 16, 5층 (청담동)",서울특별시 강남구 청담동 83-12,,2026-01-22,영업,gangnam-cheongdam,,PENDING_REVIEW
3220000-212-2026-00016,더프라임,facial,피부미용업,피부미용업,"서울특별시 강남구 도산대로68길 15, 리즈빌딩 4층 (청담동)",서울특별시 강남구 청담동 17-2 리즈빌딩,,2026-02-24,영업,gangnam-cheongdam,,PENDING_REVIEW
3220000-212-2026-00018,고운결스파&왁싱,facial,피부미용업,피부미용업,"서울특별시 강남구 논현로175길 68, 2층 207호 (신사동)",서울특별시 강남구 신사동 549-9,,2026-02-27,영업,gangnam-cheongdam,,PENDING_REVIEW
3220000-212-2026-00019,아리아 스파,facial,피부미용업,피부미용업,"서울특별시 강남구 선릉로152길 25, 4층 (청담동)",서울특별시 강남구 청담동 89-8,,2026-03-03,영업,gangnam-cheongdam,,PENDING_REVIEW
3220000-212-2026-00023,시수하우스,facial,피부미용업,피부미용업,"서울특별시 강남구 논현로155길 37, 1층 (신사동)",서울특별시 강남구 신사동 555-16,,2026-03-06,영업,gangnam-cheongdam,,PENDING_REVIEW
3220000-212-2026-00027,프리미어 에스테틱,facial,피부미용업,피부미용업,"서울특별시 강남구 도산대로 457, 앙스돔빌딩 지상5층 (청담동)",서울특별시 강남구 청담동 98-7 앙스돔빌딩,,2026-03-16,영업,gangnam-cheongdam,,PENDING_REVIEW
3220000-212-2026-00028,오하에스테틱 압구정 본점,facial,피부미용업,피부미용업,"서울특별시 강남구 압구정로54길 6, 지상2층 (신사동)",서울특별시 강남구 신사동 661-7,,2026-03-19,영업,gangnam-cheongdam,,PENDING_REVIEW
3220000-212-2026-00031,PHOTON SKIN CARE CHEONGDAM,facial,피부미용업,피부미용업,"서울특별시 강남구 선릉로162길 12, 마드레스 2층 (청담동)",서울특별시 강남구 청담동 83-1 마드레스,,2026-03-25,영업,gangnam-cheongdam,,PENDING_REVIEW
3220000-212-2026-00034,바디플로,facial,피부미용업,피부미용업,"서울특별시 강남구 압구정로32길 25, 아진빌딩 지상1층 (신사동)",서울특별시 강남구 신사동 608-2 아진빌딩,,2026-04-02,영업,gangnam-cheongdam,,PENDING_REVIEW
3220000-212-2026-00035,비슈다 청담,facial,피부미용업,피부미용업,"서울특별시 강남구 선릉로148길 48-18, 4층 (청담동)",서울특별시 강남구 청담동 19-10,,2026-04-02,영업,gangnam-cheongdam,,PENDING_REVIEW
3220000-212-2026-00039,소니드얼굴윤곽 압구정미니쉬점,facial,피부미용업,피부미용업,"서울특별시 강남구 도산대로49길 9, 2층 (신사동)",서울특별시 강남구 신사동 651-19,,2026-04-14,영업,gangnam-cheongdam,,PENDING_REVIEW
3220000-212-2026-00046,청담코코테라피,facial,피부미용업,피부미용업,"서울특별시 강남구 삼성로145길 11-4, 2층 (청담동)",서울특별시 강남구 청담동 11-2,,2026-05-07,영업,gangnam-cheongdam,,PENDING_REVIEW
3220000-212-2026-00047,스칼프잇 헤드스파,facial,피부미용업,피부미용업,"서울특별시 강남구 언주로168길 15, 3층 (신사동)",서울특별시 강남구 신사동 644-3,,2026-05-13,영업,gangnam-cheongdam,,PENDING_REVIEW
3220000-212-2026-00048,미니쉬 발몽스파 압구정로데오점,facial,피부미용업,피부미용업,"서울특별시 강남구 도산대로49길 9, 2층 (신사동)",서울특별시 강남구 신사동 651-19,,2026-05-19,영업,gangnam-cheongdam,,PENDING_REVIEW
3220000-212-2026-00055,벨라인에스테틱 청담점,facial,피부미용업,피부미용업,"서울특별시 강남구 압구정로80길 31, BE*twixt 빌딩 3층 일부호 (청담동)",서울특별시 강남구 청담동 92-13 BE*twixt 빌딩,,2026-06-02,영업,gangnam-cheongdam,,PENDING_REVIEW
3220000-212-2026-00056,설향,facial,피부미용업,피부미용업,"서울특별시 강남구 선릉로148길 52-10, 5층 (청담동)",서울특별시 강남구 청담동 19-36,,2026-06-04,영업,gangnam-cheongdam,,PENDING_REVIEW
3220000-212-2026-00060,뷰티블르바드,facial,피부미용업,피부미용업,"서울특별시 강남구 학동로97길 38, 더하우스 4층 (청담동)",서울특별시 강남구 청담동 68-9 더하우스,025188066,2026-07-13,영업,gangnam-cheongdam,,PENDING_REVIEW
3220000-213-1983-00001,백민재헤어샵,salon,일반미용업,종합미용업,"서울특별시 강남구 학동로101길 26, 청담 삼익상가 지상2층 222-1호 (청담동)",서울특별시 강남구 청담동 134-20 청담 삼익상가,025451290,1983-06-27,영업,gangnam-cheongdam,,PENDING_REVIEW
3220000-213-1989-00001,"피부에밥을주는여자, 이금희피부과학",facial,피부미용업,종합미용업,"서울특별시 강남구 선릉로 817, 3층 (신사동, 캠포츠빌딩)",서울특별시 강남구 신사동 665-4,025152171,1989-05-26,영업,gangnam-cheongdam,,PENDING_REVIEW
3220000-213-2004-00001,정샘물미용실,salon,일반미용업,종합미용업,"서울특별시 강남구 압구정로79길 19, 레인 에비뉴 지하1,2층 (청담동)",서울특별시 강남구 청담동 121-28 레인 에비뉴,025188100,2004-04-12,영업,gangnam-cheongdam,,PENDING_REVIEW
3220000-213-2006-00003,제니하우스2호점,salon,일반미용업,종합미용업,서울특별시 강남구 선릉로146길 56 (청담동),서울특별시 강남구 청담동 16-1,0234487104,2006-09-04,영업,gangnam-cheongdam,,PENDING_REVIEW
3220000-213-2007-00003,제니하우스 삼호점,salon,일반미용업,종합미용업,"서울특별시 강남구 도산대로68길 29, 지상1층 (청담동)",서울특별시 강남구 청담동 17-9,34483114,2007-07-04,영업,gangnam-cheongdam,,PENDING_REVIEW
3220000-213-2008-00004,김성현고센헤어,salon,기타,종합미용업,"서울특별시 강남구 언주로168길 6-9, 지하1층, 지상1층,지상2층,지상3층 (신사동)",서울특별시 강남구 신사동 634-9,,2008-08-05,영업,gangnam-cheongdam,,PENDING_REVIEW
3220000-213-2008-00013,현대미용실,facial,피부미용업,종합미용업,"서울특별시 강남구 압구정로29길 71 (압구정동,제4동지하1층4호)",서울특별시 강남구 압구정동 369-1 제4동지하1층4호,025440026,2008-12-02,영업,gangnam-cheongdam,,PENDING_REVIEW
3220000-213-2008-00021,컬처앤 네이처,salon,일반미용업,종합미용업,"서울특별시 강남구 선릉로 754 (청담동,지상1층)",서울특별시 강남구 청담동 1-17 지상1층,34440999,2008-10-06,영업,gangnam-cheongdam,,PENDING_REVIEW
3220000-213-2009-00009,보이드바이박철,salon,일반미용업,종합미용업,"서울특별시 강남구 도산대로66길 57, 지층,1층 (청담동)",서울특별시 강남구 청담동 26-25,0234430999,2009-04-23,영업,gangnam-cheongdam,void-cheongdam-hair-makeup,PENDING_REVIEW
3220000-213-2009-00039,엘리휴바이허진희,salon,일반미용업,종합미용업,"서울특별시 강남구 도산대로57길 13-4, 3층 (청담동)",서울특별시 강남구 청담동 88-29,0234447025,2009-10-06,영업,gangnam-cheongdam,,PENDING_REVIEW
3220000-213-2009-00054,뷰티피아,facial,피부미용업,종합미용업,"서울특별시 강남구 도산대로 450, 예전빌딩 지상3층 (청담동)",서울특별시 강남구 청담동 5-9 예전빌딩,025390964,2009-11-19,영업,gangnam-cheongdam,,PENDING_REVIEW
3220000-213-2009-00064,그레이스 미용실,salon,일반미용업,종합미용업,"서울특별시 강남구 압구정로36길 22-6 (신사동,지상2층)",서울특별시 강남구 신사동 620-6 지상2층,,2009-12-22,영업,gangnam-cheongdam,,PENDING_REVIEW
3220000-213-2009-00073,민에스테틱,salon,일반미용업,종합미용업,"서울특별시 강남구 선릉로132길 61, 202호 (청담동)",서울특별시 강남구 청담동 35-12 202호,,2009-07-08,영업,gangnam-cheongdam,,PENDING_REVIEW
3220000-213-2010-00032,컨셉피(Concept P),salon,일반미용업,종합미용업,"서울특별시 강남구 도산대로57길 20, 지상2층 (청담동)",서울특별시 강남구 청담동 89-21,025419985,2010-04-26,영업,gangnam-cheongdam,,PENDING_REVIEW
3220000-213-2010-00096,지모먼트 헤어살롱,salon,기타,종합미용업,"서울특별시 강남구 도산대로78길 24 (청담동,지상1층)",서울특별시 강남구 청담동 12-20 지상1층,025165274,2010-10-22,영업,gangnam-cheongdam,,PENDING_REVIEW
3220000-213-2010-00111,진여워터테라피,facial,피부미용업,종합미용업,"서울특별시 강남구 언주로170길 11, 3층 (신사동)",서울특별시 강남구 신사동 636-19,,2010-11-12,영업,gangnam-cheongdam,,PENDING_REVIEW
3220000-213-2010-00125,휘오레블룸,salon,기타,종합미용업,"서울특별시 강남구 도산대로49길 23, 휘오레 지상2,3층 (신사동)",서울특별시 강남구 신사동 648-6 휘오레,025125525,2010-12-07,영업,gangnam-cheongdam,,PENDING_REVIEW
3220000-213-2011-00029,순수 청담본점,salon,기타,종합미용업,"서울특별시 강남구 도산대로61길 4, 지하1층~지상6층 (청담동)",서울특별시 강남구 청담동 92-1,,2011-04-11,영업,gangnam-cheongdam,soonsoo-cheongdam,PENDING_REVIEW
3220000-213-2011-00058,차홍아르더 본점,salon,기타,종합미용업,"서울특별시 강남구 언주로152길 10, 1~6층 (신사동)",서울특별시 강남구 신사동 630-13,,2011-07-13,영업,gangnam-cheongdam,,PENDING_REVIEW
3220000-213-2011-00065,에이바이봄,salon,기타,종합미용업,"서울특별시 강남구 선릉로152길 40, 에이바이봄 지상2층,3층,4층 (청담동)",서울특별시 강남구 청담동 91-6 에이바이봄,025468765,2011-08-17,영업,gangnam-cheongdam,,PENDING_REVIEW
3220000-213-2011-00066,청담111,salon,기타,종합미용업,"서울특별시 강남구 도산대로56길 12 (청담동,지하1층~지상2층)",서울특별시 강남구 청담동 1-11 지하1층~지상2층,,2011-08-24,영업,gangnam-cheongdam,,PENDING_REVIEW
3220000-213-2011-00084,비기닝 Beginning,salon,일반미용업,종합미용업,"서울특별시 강남구 언주로153길 12, 태경빌딩 4층 (신사동)",서울특별시 강남구 신사동 626-70 태경빌딩,,2011-10-27,영업,gangnam-cheongdam,,PENDING_REVIEW
3220000-213-2011-00102,살롱드 주,salon,일반미용업,종합미용업,"서울특별시 강남구 압구정로 309, 206호 (압구정동, 주구센타 B동)",서울특별시 강남구 압구정동 481,,2011-12-02,영업,gangnam-cheongdam,,PENDING_REVIEW
3220000-213-2011-00123,휴봄스파,facial,피부미용업,종합미용업,"서울특별시 강남구 도산대로53길 9, 지상2층 (신사동)",서울특별시 강남구 신사동 652-9,,2011-11-01,영업,gangnam-cheongdam,,PENDING_REVIEW
3220000-213-2011-00129,더포엠,salon,일반미용업,종합미용업,"서울특별시 강남구 논현로172길 26, 지상2층 (신사동)",서울특별시 강남구 신사동 606,,2011-05-25,영업,gangnam-cheongdam,,PENDING_REVIEW
3220000-213-2012-00018,에스타,salon,일반미용업,종합미용업,"서울특별시 강남구 압구정로 332, 지상2층 (신사동)",서울특별시 강남구 신사동 660-7 지상2층,,2012-02-28,영업,gangnam-cheongdam,,PENDING_REVIEW
3220000-213-2012-00031,미앤미 머리사랑,salon,일반미용업,종합미용업,"서울특별시 강남구 학동로 609, 지상1층 4-나호 (청담동, 청담삼익상가)",서울특별시 강남구 청담동 133-3,0234457110,2012-03-19,영업,gangnam-cheongdam,,PENDING_REVIEW
3220000-213-2012-00070,살로메 네일,nail_lash,네일아트업,종합미용업,"서울특별시 강남구 논현로161길 57, 2층 (신사동)",서울특별시 강남구 신사동 551-11,025434163,2012-05-22,영업,gangnam-cheongdam,,PENDING_REVIEW
3220000-213-2012-00078,라이온헤어 4F,salon,일반미용업,종합미용업,"서울특별시 강남구 도산대로55길 46, 4층 (청담동)",서울특별시 강남구 청담동 83-3,,2012-06-07,영업,gangnam-cheongdam,,PENDING_REVIEW
3220000-213-2012-00082,아라알레스(A La alles),salon,일반미용업,종합미용업,"서울특별시 강남구 언주로164길 29, 지상2층 (신사동)",서울특별시 강남구 신사동 646-2 지상2층,025173494,2012-06-12,영업,gangnam-cheongdam,,PENDING_REVIEW
3220000-213-2012-00104,스타일러 H,salon,일반미용업,종합미용업,"서울특별시 강남구 압구정로71길 10, 3층 (청담동)",서울특별시 강남구 청담동 101-6,,2012-07-25,영업,gangnam-cheongdam,,PENDING_REVIEW
3220000-213-2012-00109,디오드 청담본점,salon,일반미용업,종합미용업,"서울특별시 강남구 도산대로53길 10, 지상3층 (신사동)",서울특별시 강남구 신사동 666-20,,2012-08-07,영업,gangnam-cheongdam,,PENDING_REVIEW
3220000-213-2012-00116,차홍아르더 도산점,salon,일반미용업,종합미용업,"서울특별시 강남구 도산대로45길 5-5, 지하1,지상1,2층 (신사동)",서울특별시 강남구 신사동 630-24,,2012-08-20,영업,gangnam-cheongdam,,PENDING_REVIEW
3220000-213-2012-00128,스파(SPA) 김청경,facial,피부미용업,종합미용업,"서울특별시 강남구 도산대로75길 21, 지상4층 (청담동)",서울특별시 강남구 청담동 96-4,,2012-09-11,영업,gangnam-cheongdam,,PENDING_REVIEW
3220000-213-2012-00164,약손명가 에스테틱(청담점),salon,일반미용업,종합미용업,"서울특별시 강남구 선릉로162길 52, 지상2층 (청담동, 비젼빌딩)",서울특별시 강남구 청담동 81-8,025428540,2012-11-06,영업,gangnam-cheongdam,,PENDING_REVIEW
3220000-213-2012-00166,2 TTI,salon,일반미용업,종합미용업,"서울특별시 강남구 언주로172길 26, 지상1층 (신사동)",서울특별시 강남구 신사동 643-6,0234451117,2012-11-08,영업,gangnam-cheongdam,,PENDING_REVIEW
3220000-213-2012-00180,인트라다 by 한지오,salon,일반미용업,종합미용업,"서울특별시 강남구 선릉로155길 5, 지상4층 (신사동)",서울특별시 강남구 신사동 665-10,,2012-12-03,영업,gangnam-cheongdam,,PENDING_REVIEW
3220000-213-2013-00003,오보테,salon,일반미용업,종합미용업,"서울특별시 강남구 삼성로133길 4, 지상2층 (청담동)",서울특별시 강남구 청담동 31-15,0260830881,2013-01-08,영업,gangnam-cheongdam,hautbeaute,PENDING_REVIEW
3220000-213-2013-00016,수빈헤어& 메이크업,salon,일반미용업,종합미용업,"서울특별시 강남구 도산대로55길 52, 3층 (청담동)",서울특별시 강남구 청담동 83,,2013-02-04,영업,gangnam-cheongdam,,PENDING_REVIEW
3220000-213-2013-00019,커즈(CUZ),salon,일반미용업,종합미용업,"서울특별시 강남구 선릉로148길 30, 지상3층 (청담동)",서울특별시 강남구 청담동 21-8,,2013-02-13,영업,gangnam-cheongdam,,PENDING_REVIEW
3220000-213-2013-00030,손에 물들다,salon,일반미용업,종합미용업,"서울특별시 강남구 논현로159길 14, 지상1층 102호 (신사동)",서울특별시 강남구 신사동 567-26,025180826,2013-03-18,영업,gangnam-cheongdam,,PENDING_REVIEW
3220000-213-2013-00045,라이온헤어5F,salon,일반미용업,종합미용업,"서울특별시 강남구 도산대로55길 46, 지상5층 (청담동)",서울특별시 강남구 청담동 83-3,,2013-12-20,영업,gangnam-cheongdam,,PENDING_REVIEW
3220000-213-2013-00048,차홍아르더 청담점,salon,일반미용업,종합미용업,"서울특별시 강남구 도산대로75길 17-3, 지하1층~지상3층 (청담동)",서울특별시 강남구 청담동 96-24,025448520,2013-06-12,영업,gangnam-cheongdam,,PENDING_REVIEW
3220000-213-2014-00008,블로우 블러쉬 청담점,salon,일반미용업,종합미용업,"서울특별시 강남구 압구정로72길 8, 지하1층 2호 (청담동)",서울특별시 강남구 청담동 80-19 지하1층 2호,025116486,2014-04-18,영업,gangnam-cheongdam,,PENDING_REVIEW
3220000-213-2014-00015,무이헤어,salon,일반미용업,종합미용업,"서울특별시 강남구 학동로 513, 2층 4호 (청담동, 진흥아파트)",서울특별시 강남구 청담동 73 진흥아파트,,2014-09-03,영업,gangnam-cheongdam,,PENDING_REVIEW
3220000-213-2014-00040,서희 헤어 컬처,salon,일반미용업,종합미용업,"서울특별시 강남구 압구정로 214, 현대종합상가빌딩 109호 (신사동)",서울특별시 강남구 신사동 615 현대종합상가빌딩,,2014-02-26,영업,gangnam-cheongdam,,PENDING_REVIEW
3220000-213-2015-00005,미장원바이(by)태현,salon,일반미용업,종합미용업,"서울특별시 강남구 도산대로75길 14-1, 지하1층.지상1,2층 (청담동)",서울특별시 강남구 청담동 99-11,,2015-01-28,영업,gangnam-cheongdam,,PENDING_REVIEW
3220000-213-2015-00006,신비속눈썹,nail_lash,네일아트업,종합미용업,"서울특별시 강남구 도산대로53길 30, 1층 102호 (신사동)",서울특별시 강남구 신사동 665-9,0234464589,2015-02-10,영업,gangnam-cheongdam,,PENDING_REVIEW
3220000-213-2015-00009,가든헤어,salon,일반미용업,종합미용업,"서울특별시 강남구 압구정로 212, 2층 1호 (신사동)",서울특별시 강남구 신사동 614-7,,2015-03-10,영업,gangnam-cheongdam,,PENDING_REVIEW
3220000-213-2015-00013,디 마르 장수희,salon,일반미용업,종합미용업,"서울특별시 강남구 삼성로149길 7, 4,5층 (청담동)",서울특별시 강남구 청담동 12-15,,2015-04-21,영업,gangnam-cheongdam,,PENDING_REVIEW
3220000-213-2015-00048,누에보(NUEVO),salon,기타,종합미용업,서울특별시 강남구 도산대로45길 16-5 (주)헤어코아사옥 2층 (신사동),서울특별시 강남구 신사동 650-3 (주)헤어코아사옥,,2015-10-01,영업,gangnam-cheongdam,,PENDING_REVIEW
3220000-213-2015-00050,알루(ALUU),salon,일반미용업,종합미용업,"서울특별시 강남구 선릉로148길 12, 지상2층~6층 (청담동)",서울특별시 강남구 청담동 22-1,,2015-10-20,영업,gangnam-cheongdam,,PENDING_REVIEW
3220000-213-2015-00055,상상모리 청담점,salon,일반미용업,종합미용업,"서울특별시 강남구 학동로 503, 201호 (청담동)",서울특별시 강남구 청담동 76-6,,2015-11-02,영업,gangnam-cheongdam,,PENDING_REVIEW
3220000-213-2015-00066,쥬라엘드살롱,salon,일반미용업,종합미용업,"서울특별시 강남구 강남대로152길 18, 지상3층 (신사동, 선안빌딩)",서울특별시 강남구 신사동 514,,2015-03-05,영업,gangnam-cheongdam,,PENDING_REVIEW
3220000-213-2016-00016,멜리아(melia),nail_lash,네일아트업,종합미용업,"서울특별시 강남구 도산대로70길 12-6, 지상1층 101호 (청담동)",서울특별시 강남구 청담동 17-19,,2016-05-12,영업,gangnam-cheongdam,,PENDING_REVIEW
3220000-213-2016-00026,라뷰티코아 청담,salon,일반미용업,종합미용업,"서울특별시 강남구 선릉로161길 24, Y&B찬화빌딩 지상2층 (신사동)",서울특별시 강남구 신사동 661-16 Y&B찬화빌딩,0234449997,2016-08-26,영업,gangnam-cheongdam,,PENDING_REVIEW
3220000-213-2016-00038,우노플로,salon,일반미용업,종합미용업,"서울특별시 강남구 선릉로148길 48-6, 지하1층 지상1,2,3층 (청담동)",서울특별시 강남구 청담동 19-16,,2016-08-22,영업,gangnam-cheongdam,,PENDING_REVIEW
3220000-213-2017-00008,치치라보(ChiChi LABO),salon,일반미용업,종합미용업,"서울특별시 강남구 도산대로75길 11, 지하2층 (청담동)",서울특별시 강남구 청담동 96-27,,2017-05-08,영업,gangnam-cheongdam,,PENDING_REVIEW
3220000-213-2017-00011,리풋(ReFOOT),facial,피부미용업,종합미용업,"서울특별시 강남구 강남대로152길 18, 5층 (신사동)",서울특별시 강남구 신사동 514,,2017-05-26,영업,gangnam-cheongdam,,PENDING_REVIEW
3220000-213-2017-00017,PETE KANG Hair Artisan(피트강 아티잔),salon,일반미용업,종합미용업,"서울특별시 강남구 도산대로78길 38, 1~3층 (청담동)",서울특별시 강남구 청담동 13-25,,2017-09-25,영업,gangnam-cheongdam,,PENDING_REVIEW
3220000-213-2017-00019,WOOSUN(우선),salon,일반미용업,종합미용업,"서울특별시 강남구 압구정로79길 27, 지상1,2층 (청담동)",서울특별시 강남구 청담동 122-9,,2017-09-25,영업,gangnam-cheongdam,,PENDING_REVIEW
3220000-213-2017-00040,다교,salon,일반미용업,종합미용업,"서울특별시 강남구 선릉로160길 5, 3층 (청담동)",서울특별시 강남구 청담동 84-18,,2017-09-01,영업,gangnam-cheongdam,dakyo-nail-apgujeong,PENDING_REVIEW
3220000-213-2017-00042,컨트롤브이 헤어증모술&붙임머리 강남점,salon,일반미용업,종합미용업,"서울특별시 강남구 강남대로162길 22, 3층 301호 (신사동)",서울특별시 강남구 신사동 521-5,07082637773,2017-10-19,영업,gangnam-cheongdam,,PENDING_REVIEW
3220000-213-2017-00046,뷰티 건강 연구소,facial,피부미용업,종합미용업,"서울특별시 강남구 도산대로11길 25, 지상3층 (신사동)",서울특별시 강남구 신사동 517-29,,2017-02-24,영업,gangnam-cheongdam,,PENDING_REVIEW
3220000-213-2018-00004,김활란 뮤제네프,salon,일반미용업,종합미용업,"서울특별시 강남구 압구정로72길 14-4, 1,2,3층 (청담동)",서울특별시 강남구 청담동 81-9,025185701,2018-01-22,영업,gangnam-cheongdam,,PENDING_REVIEW
3220000-213-2018-00011,행복 머릿방,salon,일반미용업,종합미용업,"서울특별시 강남구 논현로159길 47, 지하1층 102호 (신사동)",서울특별시 강남구 신사동 554-5,,2018-02-02,영업,gangnam-cheongdam,,PENDING_REVIEW
3220000-213-2018-00012,러비헤어메이크업,salon,일반미용업,종합미용업,"서울특별시 강남구 선릉로146길 25, 유현빌딩 지상2층 (청담동)",서울특별시 강남구 청담동 21-16 유현빌딩,,2018-02-05,영업,gangnam-cheongdam,,PENDING_REVIEW
3220000-213-2018-00014,휴가(heuga),salon,일반미용업,종합미용업,"서울특별시 강남구 강남대로158길 9, 지상1층 (신사동)",서울특별시 강남구 신사동 508-12,,2018-02-13,영업,gangnam-cheongdam,,PENDING_REVIEW
3220000-213-2018-00043,제트살롱,salon,일반미용업,종합미용업,"서울특별시 강남구 도산대로56길 10, 지상5층 (청담동)",서울특별시 강남구 청담동 1-10,,2018-04-30,영업,gangnam-cheongdam,,PENDING_REVIEW
3220000-213-2018-00064,서울베이스,salon,일반미용업,종합미용업,"서울특별시 강남구 도산대로78길 15, 지상3층.지상4층 (청담동)",서울특별시 강남구 청담동 7-5,,2018-06-20,영업,gangnam-cheongdam,,PENDING_REVIEW
3220000-213-2018-00066,차홍룸 가로수길점,salon,일반미용업,종합미용업,"서울특별시 강남구 압구정로12길 39, 지상2.3층 (신사동)",서울특별시 강남구 신사동 545,,2018-06-26,영업,gangnam-cheongdam,,PENDING_REVIEW
3220000-213-2018-00073,에프에이비(FAB),salon,일반미용업,종합미용업,"서울특별시 강남구 언주로152길 11-3, 지상1층 (신사동)",서울특별시 강남구 신사동 631-18,,2018-07-04,영업,gangnam-cheongdam,,PENDING_REVIEW
3220000-213-2018-00075,저스트,facial,피부미용업,종합미용업,"서울특별시 강남구 도산대로70길 46, 지상2층 201호 (청담동)",서울특별시 강남구 청담동 16-14,,2018-08-03,영업,gangnam-cheongdam,,PENDING_REVIEW
3220000-213-2018-00076,ON아이래쉬,nail_lash,네일아트업,종합미용업,"서울특별시 강남구 강남대로152길 30, 3층 (신사동)",서울특별시 강남구 신사동 514-5,,2018-10-30,영업,gangnam-cheongdam,,PENDING_REVIEW
3220000-213-2018-00079,메종드보떼(Maison de Beaute),nail_lash,네일아트업,종합미용업,"서울특별시 강남구 언주로172길 25, 지상2층 (신사동)",서울특별시 강남구 신사동 640-11,0234480231,2018-12-26,영업,gangnam-cheongdam,,PENDING_REVIEW
3220000-213-2018-00086,청담러비,salon,일반미용업,종합미용업,"서울특별시 강남구 선릉로146길 25, 유현빌딩 지상3층 (청담동)",서울특별시 강남구 청담동 21-16 유현빌딩,,2018-02-05,영업,gangnam-cheongdam,,PENDING_REVIEW
3220000-213-2019-00001,바이어스컷(BIASCUT),salon,일반미용업,종합미용업,"서울특별시 강남구 도산대로72길 28, 지하1층 (청담동)",서울특별시 강남구 청담동 13-17,,2019-02-19,영업,gangnam-cheongdam,,PENDING_REVIEW
3220000-213-2019-00005,로블리 샵 LO.VELY #,salon,일반미용업,종합미용업,"서울특별시 강남구 압구정로42길 13, 지상1층 (신사동)",서울특별시 강남구 신사동 640-9,,2019-07-30,영업,gangnam-cheongdam,,PENDING_REVIEW
3220000-213-2019-00008,네일테라피(Nail Therapy),salon,일반미용업,종합미용업,"서울특별시 강남구 도산대로101길 29, 상가동 3-1호 (청담동, 청담현대3차아파트)",서울특별시 강남구 청담동 127-31 청담현대3차아파트,,2019-11-11,영업,gangnam-cheongdam,,PENDING_REVIEW
3220000-213-2019-00014,바이브뷰티,makeup,메이크업업,종합미용업,"서울특별시 강남구 압구정로54길 25, 지상3층 (신사동)",서울특별시 강남구 신사동 664-16,,2019-05-28,영업,gangnam-cheongdam,,PENDING_REVIEW
3220000-213-2020-00002,데싱디바,nail_lash,네일아트업,종합미용업,"서울특별시 강남구 압구정로46길 35, 지상1층 (신사동)",서울특별시 강남구 신사동 642-20,,2020-02-03,영업,gangnam-cheongdam,,PENDING_REVIEW
3220000-213-2020-00011,황현정 리턴 상의원 헤어,salon,일반미용업,종합미용업,"서울특별시 강남구 도산대로85길 30, 지상2층 204호 (청담동, 청담신원아침도시마인)",서울특별시 강남구 청담동 122-35 청담신원아침도시마인,,2020-07-01,영업,gangnam-cheongdam,,PENDING_REVIEW
3220000-213-2020-00016,니르헤어 (NIR HAIR),salon,일반미용업,종합미용업,"서울특별시 강남구 논현로 804, 지상2층 (신사동)",서울특별시 강남구 신사동 587,,2020-12-02,영업,gangnam-cheongdam,,PENDING_REVIEW
3220000-213-2020-00019,더블유 앤 더블유(W&W),salon,일반미용업,종합미용업,"서울특별시 강남구 도산대로59길 13, 세명빌딩 지하1층 (청담동)",서울특별시 강남구 청담동 89-10 세명빌딩,025161718,2020-02-24,영업,gangnam-cheongdam,,PENDING_REVIEW
3220000-213-2020-00021,스킨트리,facial,피부미용업,종합미용업,"서울특별시 강남구 논현로167길 16, 5층 503호 중 505호 (신사동)",서울특별시 강남구 신사동 576-10,,2020-10-05,영업,gangnam-cheongdam,,PENDING_REVIEW
3220000-213-2021-00004,슈아이,makeup,메이크업업,종합미용업,"서울특별시 강남구 논현로175길 25, 다보빌딩 지상1층 10호 (신사동)",서울특별시 강남구 신사동 577 다보빌딩,,2021-04-08,영업,gangnam-cheongdam,,PENDING_REVIEW
3220000-213-2021-00011,스파지오,salon,일반미용업,종합미용업,"서울특별시 강남구 삼성로 751, 문영빌딩 지상4층 (청담동)",서울특별시 강남구 청담동 9-3 문영빌딩,025443289,2021-09-07,영업,gangnam-cheongdam,,PENDING_REVIEW
3220000-213-2021-00015,포쉬네일 가로수길점,nail_lash,네일아트업,종합미용업,"서울특별시 강남구 가로수길 16, 지상3층 (신사동)",서울특별시 강남구 신사동 541-9,025166141,2021-10-06,영업,gangnam-cheongdam,,PENDING_REVIEW
3220000-213-2021-00018,뷰티뮤 압구정점,makeup,메이크업업,종합미용업,"서울특별시 강남구 언주로172길 66, 5층 (신사동)",서울특별시 강남구 신사동 663-27,,2021-07-14,영업,gangnam-cheongdam,,PENDING_REVIEW
3220000-213-2021-00019,작업실 나란히,makeup,메이크업업,종합미용업,"서울특별시 강남구 도산대로17길 39, 2층 201호 (신사동)",서울특별시 강남구 신사동 544-26,,2021-12-24,영업,gangnam-cheongdam,,PENDING_REVIEW
3220000-213-2021-00020,인크리즈(Increase),salon,일반미용업,종합미용업,"서울특별시 강남구 영동대로 702, 화천회관빌딩 지하1층 (청담동)",서울특별시 강남구 청담동 133-3 화천회관빌딩,,2021-08-26,영업,gangnam-cheongdam,,PENDING_REVIEW
3220000-213-2021-00022,구르미 그린,salon,일반미용업,종합미용업,"서울특별시 강남구 강남대로152길 18, 지상3층 (신사동)",서울특별시 강남구 신사동 514,,2021-07-16,영업,gangnam-cheongdam,,PENDING_REVIEW
3220000-213-2022-00002,청담쀼,salon,일반미용업,종합미용업,"서울특별시 강남구 선릉로 833, 2층 D1호 (신사동)",서울특별시 강남구 신사동 664-10,,2022-03-11,영업,gangnam-cheongdam,,PENDING_REVIEW
3220000-213-2022-00008,벨뷰티(BELLE BEAUTY),salon,일반미용업,종합미용업,"서울특별시 강남구 논현로157길 33, 지상3층 (신사동)",서울특별시 강남구 신사동 556-12,,2022-11-16,영업,gangnam-cheongdam,,PENDING_REVIEW
3220000-213-2023-00001,라라요상,salon,일반미용업,종합미용업,"서울특별시 강남구 도산대로66길 27, 지상1층 (청담동)",서울특별시 강남구 청담동 18-30,,2023-01-30,영업,gangnam-cheongdam,,PENDING_REVIEW
3220000-213-2023-00003,미미에덴뷰티,nail_lash,네일아트업,종합미용업,"서울특별시 강남구 강남대로154길 25, 지상2층 202호 (신사동)",서울특별시 강남구 신사동 511-11,,2023-02-07,영업,gangnam-cheongdam,,PENDING_REVIEW
3220000-213-2023-00019,팔레트에이치 정은,salon,일반미용업,종합미용업,"서울특별시 강남구 선릉로 833, 지상2층 D02호 (신사동)",서울특별시 강남구 신사동 664-10,,2023-09-14,영업,gangnam-cheongdam,,PENDING_REVIEW
3220000-213-2023-00023,온 디프,salon,일반미용업,종합미용업,"서울특별시 강남구 도산대로15길 9, 지상3층 (신사동)",서울특별시 강남구 신사동 541-13,,2023-11-20,영업,gangnam-cheongdam,,PENDING_REVIEW
3220000-213-2023-00025,청담인플라,facial,피부미용업,종합미용업,"서울특별시 강남구 영동대로142길 25, 상가동 지상1층 1호 (청담동, 청담아이파크)",서울특별시 강남구 청담동 130 청담아이파크,,2023-11-30,영업,gangnam-cheongdam,,PENDING_REVIEW
3220000-213-2024-00001,베베베틱,facial,피부미용업,종합미용업,"서울특별시 강남구 학동로77길 7, 지하1층 (청담동)",서울특별시 강남구 청담동 46-4,,2024-02-01,영업,gangnam-cheongdam,,PENDING_REVIEW
3220000-213-2024-00002,몽프레종 헤어메이크업(mon present),makeup,메이크업업,종합미용업,"서울특별시 강남구 언주로153길 10-6, 지상1층 (신사동)",서울특별시 강남구 신사동 627-27,,2024-03-15,영업,gangnam-cheongdam,,PENDING_REVIEW
3220000-213-2024-00004,에이르,salon,일반미용업,종합미용업,"서울특별시 강남구 압구정로42길 23, 지상1층 103호 (신사동)",서울특별시 강남구 신사동 643-1,,2024-04-02,영업,gangnam-cheongdam,,PENDING_REVIEW
3220000-213-2024-00008,엠블랑,facial,피부미용업,종합미용업,"서울특별시 강남구 도산대로85길 30, 지상2층 211호 (청담동, 청담신원아침도시마인)",서울특별시 강남구 청담동 122-35 청담신원아침도시마인,,2024-05-01,영업,gangnam-cheongdam,,PENDING_REVIEW
3220000-213-2024-00009,아도르 청담,salon,일반미용업,종합미용업,"서울특별시 강남구 압구정로72길 8, 백원빌딩 4층,5층 (청담동)",서울특별시 강남구 청담동 80-19 백원빌딩,,2024-05-07,영업,gangnam-cheongdam,,PENDING_REVIEW
3220000-213-2024-00012,르바이미,makeup,메이크업업,종합미용업,"서울특별시 강남구 논현로154길 18, 4층 (신사동)",서울특별시 강남구 신사동 590-12,,2024-06-05,영업,gangnam-cheongdam,,PENDING_REVIEW
3220000-213-2024-00014,루온 에스테틱,facial,피부미용업,종합미용업,"서울특별시 강남구 압구정로34길 32, 성우 에이치 지하1층 B02호 (신사동)",서울특별시 강남구 신사동 608-13 성우 에이치,,2024-06-17,영업,gangnam-cheongdam,,PENDING_REVIEW
3220000-213-2024-00016,더빛,salon,일반미용업,종합미용업,서울특별시 강남구 도산대로66길 19 (청담동),서울특별시 강남구 청담동 18-26,,2024-07-26,영업,gangnam-cheongdam,,PENDING_REVIEW
3220000-213-2024-00017,청담 주이,facial,피부미용업,종합미용업,"서울특별시 강남구 선릉로134길 3, 지상1층 (청담동)",서울특별시 강남구 청담동 40-5,,2024-08-23,영업,gangnam-cheongdam,,PENDING_REVIEW
3220000-213-2024-00022,오레어,salon,일반미용업,종합미용업,"서울특별시 강남구 도산대로99길 17, MS 빌딩 지상1층 (청담동)",서울특별시 강남구 청담동 126-2 MS 빌딩,,2024-09-23,영업,gangnam-cheongdam,,PENDING_REVIEW
3220000-213-2024-00023,커뮌,salon,일반미용업,종합미용업,"서울특별시 강남구 선릉로146길 15, 헤비히터빌딩 지상1,2층 (청담동)",서울특별시 강남구 청담동 22-16 헤비히터빌딩,,2024-10-08,영업,gangnam-cheongdam,,PENDING_REVIEW
3220000-213-2024-00024,디토 뷰티샵,facial,피부미용업,종합미용업,"서울특별시 강남구 도산대로25길 27, 지상5층 (신사동)",서울특별시 강남구 신사동 557-18,,2024-10-21,영업,gangnam-cheongdam,,PENDING_REVIEW
3220000-213-2024-00025,클라리스파 청담,facial,피부미용업,종합미용업,"서울특별시 강남구 도산대로 419, 아노블리81 3층 306호 (청담동)",서울특별시 강남구 청담동 91-2 아노블리81,,2024-11-01,영업,gangnam-cheongdam,,PENDING_REVIEW
3220000-213-2024-00026,디오드 청담본점,makeup,메이크업업,종합미용업,"서울특별시 강남구 도산대로53길 10, 5층 (신사동)",서울특별시 강남구 신사동 666-20,,2024-11-20,영업,gangnam-cheongdam,,PENDING_REVIEW
3220000-213-2024-00031,몰리업 네일앤래쉬,nail_lash,네일아트업,종합미용업,"서울특별시 강남구 압구정로46길 5-10, 압구정로데오스타 5층 501호 (신사동)",서울특별시 강남구 신사동 660-16 압구정로데오스타,,2024-02-29,영업,gangnam-cheongdam,,PENDING_REVIEW
3220000-213-2024-00032,라에르 에스테틱,salon,기타,종합미용업,"서울특별시 강남구 도산대로 542, 12층 1202호 (청담동)",서울특별시 강남구 청담동 53 542빌딩,,2024-04-17,영업,gangnam-cheongdam,,PENDING_REVIEW
3220000-213-2025-00003,봄이든 헤어(Bomideun hair),salon,일반미용업,종합미용업,"서울특별시 강남구 논현로164길 16-5, 지상1층 102호 (신사동)",서울특별시 강남구 신사동 596-5,,2025-02-24,영업,gangnam-cheongdam,,PENDING_REVIEW
3220000-213-2025-00005,아이메이드청담,facial,피부미용업,종합미용업,"서울특별시 강남구 도산대로90길 17, 소양빌딩 3층 301호 (청담동)",서울특별시 강남구 청담동 50-7 소양빌딩,,2025-04-14,영업,gangnam-cheongdam,,PENDING_REVIEW
3220000-213-2025-00007,아티르 헤어,salon,일반미용업,종합미용업,"서울특별시 강남구 도산대로 412, 남강빌딩 지상6층 (청담동)",서울특별시 강남구 청담동 2-10 남강빌딩,,2025-04-30,영업,gangnam-cheongdam,,PENDING_REVIEW
3220000-213-2025-00012,서:로(SEO:RO),salon,일반미용업,종합미용업,"서울특별시 강남구 선릉로 833, 2층 D4-2호 (신사동)",서울특별시 강남구 신사동 664-10,,2025-08-20,영업,gangnam-cheongdam,,PENDING_REVIEW
3220000-213-2025-00018,효이르 헤드스파,salon,일반미용업,종합미용업,"서울특별시 강남구 가로수길 57-6, 401호 (신사동)",서울특별시 강남구 신사동 533-9,,2025-08-27,영업,gangnam-cheongdam,,PENDING_REVIEW
3220000-213-2026-00004,숱타일 헤어증모술&가발(SOOTTYLE),salon,일반미용업,종합미용업,"서울특별시 강남구 강남대로162길 22, 3층 301호 (신사동)",서울특별시 강남구 신사동 521-5,0267310707,2026-06-11,영업,gangnam-cheongdam,,PENDING_REVIEW
3220000-215-2013-00002,브리앙뜨.홍진아(Brillant.H.jina),nail_lash,네일아트업,네일미용업,"서울특별시 강남구 도산대로75길 11, 지상5층 (청담동)",서울특별시 강남구 청담동 96-27,023839953,2013-07-09,영업,gangnam-cheongdam,,PENDING_REVIEW
3220000-215-2014-00002,유니스텔라,nail_lash,네일아트업,네일미용업,"서울특별시 강남구 선릉로146길 45, 지상1층 (청담동)",서울특별시 강남구 청담동 19-30 지상1층,,2014-07-22,영업,gangnam-cheongdam,,PENDING_REVIEW
3220000-215-2014-00019,네일 바이 진 (Nail by Jin),nail_lash,네일아트업,네일미용업,"서울특별시 강남구 압구정로 332, 1층 106호 (신사동)",서울특별시 강남구 신사동 660-7,,2014-07-08,영업,gangnam-cheongdam,,PENDING_REVIEW
3220000-215-2015-00019,인비네일,nail_lash,네일아트업,네일미용업,"서울특별시 강남구 압구정로 334, 지상2층 207호 (신사동)",서울특별시 강남구 신사동 660-8,0234438864,2015-07-10,영업,gangnam-cheongdam,,PENDING_REVIEW
3220000-215-2015-00020,디올,nail_lash,네일아트업,네일미용업,"서울특별시 강남구 학동로 417, 1층 103호 (청담동)",서울특별시 강남구 청담동 44-13,025474220,2015-07-10,영업,gangnam-cheongdam,dior-cafe-seongsu-concept-store,PENDING_REVIEW
3220000-215-2015-00024,압구정네일,nail_lash,네일아트업,네일미용업,"서울특별시 강남구 논현로 851, 1층 (신사동)",서울특별시 강남구 신사동 582-8,,2015-09-04,영업,gangnam-cheongdam,,PENDING_REVIEW
3220000-215-2015-00035,루시,nail_lash,네일아트업,네일미용업,"서울특별시 강남구 도산대로99길 19, 1층 (청담동)",서울특별시 강남구 청담동 126-1,,2015-11-16,영업,gangnam-cheongdam,,PENDING_REVIEW
3220000-215-2015-00046,골든네일,nail_lash,네일아트업,네일미용업,"서울특별시 강남구 강남대로152길 44, 지상2층 (신사동)",서울특별시 강남구 신사동 537-3,,2015-12-31,영업,gangnam-cheongdam,,PENDING_REVIEW
3220000-215-2015-00050,더네일바,nail_lash,네일아트업,네일미용업,"서울특별시 강남구 도산대로 442, 피엔폴루스 지하1층 (청담동)",서울특별시 강남구 청담동 4-1 피엔폴루스,,2015-05-13,영업,gangnam-cheongdam,,PENDING_REVIEW
3220000-215-2015-00051,레푸스 신사점 인디고네일 스파,nail_lash,네일아트업,네일미용업,"서울특별시 강남구 강남대로152길 13, 3층 (신사동)",서울특별시 강남구 신사동 512-18,,2015-11-20,영업,gangnam-cheongdam,,PENDING_REVIEW
3220000-215-2016-00004,유레카,nail_lash,네일아트업,네일미용업,"서울특별시 강남구 압구정로50길 28, 상가101동 1층 105호 (신사동, 로데오현대아파트)",서울특별시 강남구 신사동 658 로데오현대아파트,0234434764,2016-01-05,영업,gangnam-cheongdam,,PENDING_REVIEW
3220000-215-2016-00015,네일박스(Nail Box),nail_lash,네일아트업,네일미용업,"서울특별시 강남구 삼성로147길 18, 지상1층 102호 (청담동)",서울특별시 강남구 청담동 11-23,,2016-02-17,영업,gangnam-cheongdam,,PENDING_REVIEW
3220000-215-2016-00020,네일유메,nail_lash,네일아트업,네일미용업,"서울특별시 강남구 도산대로27길 36, 지상2층 (신사동)",서울특별시 강남구 신사동 585-4 지상2층,,2016-03-03,영업,gangnam-cheongdam,,PENDING_REVIEW
3220000-215-2016-00031,핑크네일 갤러리아,nail_lash,네일아트업,네일미용업,"서울특별시 강남구 압구정로 343, 명품관 WEST 3층 (압구정동)",서울특별시 강남구 압구정동 494,0234463328,2016-04-07,영업,gangnam-cheongdam,,PENDING_REVIEW
3220000-215-2016-00058,블랑드원네일,nail_lash,네일아트업,네일미용업,"서울특별시 강남구 압구정로 210, 지하1층 (신사동, 융기빌딩)",서울특별시 강남구 신사동 614-3,,2016-08-01,영업,gangnam-cheongdam,,PENDING_REVIEW
3220000-215-2016-00084,위 라이크82,nail_lash,네일아트업,네일미용업,"서울특별시 강남구 도산대로19길 45, 지하1층 102호 (신사동)",서울특별시 강남구 신사동 554-17,,2016-06-22,영업,gangnam-cheongdam,,PENDING_REVIEW
3220000-215-2017-00024,미아루체 네일,nail_lash,네일아트업,네일미용업,"서울특별시 강남구 학동로81길 33, 지상1층 우측점포호 (청담동)",서울특별시 강남구 청담동 63-9,,2017-04-25,영업,gangnam-cheongdam,,PENDING_REVIEW
3220000-215-2017-00025,수담네일,nail_lash,네일아트업,네일미용업,"서울특별시 강남구 강남대로152길 62, 4층 (신사동)",서울특별시 강남구 신사동 539-1,,2017-05-01,영업,gangnam-cheongdam,,PENDING_REVIEW
3220000-215-2017-00034,네일랩,nail_lash,네일아트업,네일미용업,"서울특별시 강남구 압구정로2길 46, 지상2층 209호 (신사동, ---------)",서울특별시 강남구 신사동 510-11 ---------,,2017-06-21,영업,gangnam-cheongdam,,PENDING_REVIEW
3220000-215-2017-00045,나코비에이스,nail_lash,네일아트업,네일미용업,"서울특별시 강남구 논현로163길 21, 3층 301호 (신사동)",서울특별시 강남구 신사동 569-46,,2017-07-31,영업,gangnam-cheongdam,,PENDING_REVIEW
3220000-215-2017-00047,헬로우제이,nail_lash,네일아트업,네일미용업,"서울특별시 강남구 선릉로148길 34, 지하1층 1호 (청담동)",서울특별시 강남구 청담동 20,,2017-08-16,영업,gangnam-cheongdam,,PENDING_REVIEW
3220000-215-2017-00077,마발라,nail_lash,네일아트업,네일미용업,"서울특별시 강남구 압구정로 165, 현대백화점본점 지하2층 (압구정동)",서울특별시 강남구 압구정동 429 현대백화점본점,,2017-12-29,영업,gangnam-cheongdam,,PENDING_REVIEW
3220000-215-2017-00080,터치피아 네일샵 신사점,nail_lash,네일아트업,네일미용업,"서울특별시 강남구 강남대로152길 28, 지상2층 (신사동)",서울특별시 강남구 신사동 514-4,023657449,2017-06-16,영업,gangnam-cheongdam,,PENDING_REVIEW
3220000-215-2018-00008,haute(오뜨네일),nail_lash,네일아트업,네일미용업,"서울특별시 강남구 압구정로 330, 지상2층 202호 (신사동)",서울특별시 강남구 신사동 660-6,025448088,2018-02-08,영업,gangnam-cheongdam,,PENDING_REVIEW
3220000-215-2018-00031,홀드핀칭,nail_lash,네일아트업,네일미용업,"서울특별시 강남구 논현로175길 11, 지상3층 (신사동)",서울특별시 강남구 신사동 578-1,,2018-06-11,영업,gangnam-cheongdam,,PENDING_REVIEW
3220000-215-2018-00043,청담스파네일,nail_lash,네일아트업,네일미용업,"서울특별시 강남구 학동로 419, 대륭빌딩 지하1층 (청담동)",서울특별시 강남구 청담동 44-12 대륭빌딩,,2018-08-23,영업,gangnam-cheongdam,,PENDING_REVIEW
3220000-215-2018-00046,손이 빛나다,nail_lash,네일아트업,네일미용업,"서울특별시 강남구 압구정로 113-22, 미성상가 1층 25호 (압구정동)",서울특별시 강남구 압구정동 415 미성상가,,2018-09-14,영업,gangnam-cheongdam,,PENDING_REVIEW
3220000-215-2018-00050,신꼼꼼 Nail Studio,nail_lash,네일아트업,네일미용업,"서울특별시 강남구 선릉로146길 27-10, 4층 (청담동)",서울특별시 강남구 청담동 20-2,,2018-10-18,영업,gangnam-cheongdam,,PENDING_REVIEW
3220000-215-2019-00003,브러쉬라운지,nail_lash,네일아트업,네일미용업,"서울특별시 강남구 선릉로162길 5, 3층 (청담동)",서울특별시 강남구 청담동 78-5,,2019-02-13,영업,gangnam-cheongdam,,PENDING_REVIEW
3220000-215-2019-00007,오유정네일(OHYOUJUNG NAIL),nail_lash,네일아트업,네일미용업,"서울특별시 강남구 논현로151길 41, 지상3층 301호 (신사동)",서울특별시 강남구 신사동 561,,2019-02-28,영업,gangnam-cheongdam,,PENDING_REVIEW
3220000-215-2019-00012,올리비아 네일(Olivia nail),nail_lash,네일아트업,네일미용업,"서울특별시 강남구 도산대로89길 25, 청맥빌딩 지상 1층 101-2호 (청담동)",서울특별시 강남구 청담동 123-17 청맥빌딩,,2019-04-10,영업,gangnam-cheongdam,,PENDING_REVIEW
3220000-215-2019-00023,켈리즈 네일(Kelly's Nail),nail_lash,네일아트업,네일미용업,"서울특별시 강남구 선릉로161길 15-4, 신사동 S빌딩 1층 104호 (신사동)",서울특별시 강남구 신사동 662-13 신사동 S빌딩,,2019-07-10,영업,gangnam-cheongdam,,PENDING_REVIEW
3220000-215-2019-00030,주네일,nail_lash,네일아트업,네일미용업,"서울특별시 강남구 삼성로146길 9, 1층 (청담동)",서울특별시 강남구 청담동 49-18,,2019-09-06,영업,gangnam-cheongdam,,PENDING_REVIEW
3220000-215-2020-00012,네일언니(Nail unni),nail_lash,네일아트업,네일미용업,"서울특별시 강남구 압구정로29길 71, 상가제4동 지상1층 107호 (압구정동, 현대아파트)",서울특별시 강남구 압구정동 369-1 현대아파트,,2020-03-12,영업,gangnam-cheongdam,,PENDING_REVIEW
3220000-215-2020-00019,마틸다네일샵M 도산점,nail_lash,네일아트업,네일미용업,"서울특별시 강남구 도산대로53길 10, 지상4층 (신사동)",서울특별시 강남구 신사동 666-20,,2020-05-13,영업,gangnam-cheongdam,,PENDING_REVIEW
3220000-215-2020-00040,힙노지 HYPNOZY NAIL,nail_lash,네일아트업,네일미용업,"서울특별시 강남구 도산대로15길 6, 대화빌딩 3층 301호 (신사동)",서울특별시 강남구 신사동 539 대화빌딩,,2020-11-13,영업,gangnam-cheongdam,,PENDING_REVIEW
3220000-215-2021-00003,늘솜네일,nail_lash,네일아트업,네일미용업,"서울특별시 강남구 강남대로152길 18, 4층 (신사동)",서울특별시 강남구 신사동 514,,2021-02-17,영업,gangnam-cheongdam,,PENDING_REVIEW
3220000-215-2021-00025,꿈꾸는속눈썹네일,nail_lash,네일아트업,네일미용업,"서울특별시 강남구 압구정로29길 69, 상가동 지상1층 9호 (압구정동, 현대아파트)",서울특별시 강남구 압구정동 436 현대아파트,,2021-06-10,영업,gangnam-cheongdam,,PENDING_REVIEW
3220000-215-2021-00029,신사 아트랩,nail_lash,네일아트업,네일미용업,"서울특별시 강남구 강남대로162길 27-15, 지하1층 B03,B04호 (신사동)",서울특별시 강남구 신사동 522-18,,2021-07-01,영업,gangnam-cheongdam,,PENDING_REVIEW
3220000-215-2021-00045,내일디디,nail_lash,네일아트업,네일미용업,"서울특별시 강남구 압구정로50길 18, 지상6층 (신사동)",서울특별시 강남구 신사동 659-13,,2021-11-05,영업,gangnam-cheongdam,,PENDING_REVIEW
3220000-215-2021-00054,me-ae-nail(미애네일),nail_lash,네일아트업,네일미용업,"서울특별시 강남구 학동로101길 26, 청담 삼익상가 지상2층 203호 (청담동)",서울특별시 강남구 청담동 134-20 청담 삼익상가,,2021-03-03,영업,gangnam-cheongdam,,PENDING_REVIEW
3220000-215-2022-00013,Li.M 리엠,nail_lash,네일아트업,네일미용업,"서울특별시 강남구 삼성로149길 10, 지상1층 (청담동)",서울특별시 강남구 청담동 6-2,,2022-05-11,영업,gangnam-cheongdam,,PENDING_REVIEW
3220000-215-2022-00014,유후네일,nail_lash,네일아트업,네일미용업,"서울특별시 강남구 도산대로11길 4, 지상2층 (신사동)",서울특별시 강남구 신사동 537-13,,2022-05-11,영업,gangnam-cheongdam,,PENDING_REVIEW
3220000-215-2022-00020,토끼살롱,nail_lash,네일아트업,네일미용업,"서울특별시 강남구 선릉로148길 48-6, 지하1층 (청담동)",서울특별시 강남구 청담동 19-16,,2022-06-14,영업,gangnam-cheongdam,,PENDING_REVIEW
3220000-215-2022-00021,유록비네일,nail_lash,네일아트업,네일미용업,"서울특별시 강남구 도산대로85길 30, 지상1층 132호 (청담동, 청담신원아침도시마인)",서울특별시 강남구 청담동 122-35 청담신원아침도시마인,,2022-06-15,영업,gangnam-cheongdam,,PENDING_REVIEW
3220000-215-2022-00036,윤이 뷰티 스튜디오 Yoon2 beauty studio,nail_lash,네일아트업,네일미용업,"서울특별시 강남구 압구정로 309, 주구센타비동 지상1층 109호 (압구정동, 현대아파트)",서울특별시 강남구 압구정동 481 현대아파트,025115141,2022-11-21,영업,gangnam-cheongdam,,PENDING_REVIEW
3220000-215-2022-00040,온다네일,nail_lash,네일아트업,네일미용업,"서울특별시 강남구 논현로164길 14, 지상2층 (신사동)",서울특별시 강남구 신사동 597-15,,2022-12-14,영업,gangnam-cheongdam,,PENDING_REVIEW
3220000-215-2023-00001,수블링네일,nail_lash,네일아트업,네일미용업,"서울특별시 강남구 도산대로81길 55, 지상1층 102호 (청담동)",서울특별시 강남구 청담동 141-10,,2023-01-02,영업,gangnam-cheongdam,,PENDING_REVIEW
3220000-215-2023-00002,더 네일스튜디오,nail_lash,네일아트업,네일미용업,"서울특별시 강남구 선릉로157길 13-3, 4층 (신사동)",서울특별시 강남구 신사동 657-38,,2023-01-05,영업,gangnam-cheongdam,,PENDING_REVIEW
3220000-215-2023-00005,미 청담,nail_lash,네일아트업,네일미용업,"서울특별시 강남구 압구정로 461, 네이처 포엠 지상2층 215호 (청담동)",서울특별시 강남구 청담동 118-17 네이처 포엠,,2023-02-07,영업,gangnam-cheongdam,,PENDING_REVIEW
3220000-215-2023-00026,Pinup nail(핀업네일),nail_lash,네일아트업,네일미용업,"서울특별시 강남구 도산대로62길 15, 지상1층 (청담동)",서울특별시 강남구 청담동 19-3,,2023-06-28,영업,gangnam-cheongdam,,PENDING_REVIEW
3220000-215-2023-00028,네일하는 다정이,nail_lash,네일아트업,네일미용업,"서울특별시 강남구 언주로172길 26, 신사동엘리시아 지상1층 101호 (신사동)",서울특별시 강남구 신사동 643-6 신사동엘리시아,,2023-08-11,영업,gangnam-cheongdam,,PENDING_REVIEW
3220000-215-2023-00029,누니네일 도산점,nail_lash,네일아트업,네일미용업,"서울특별시 강남구 선릉로153길 36, 3층 301호 (신사동)",서울특별시 강남구 신사동 647-22,,2023-08-14,영업,gangnam-cheongdam,,PENDING_REVIEW
3220000-215-2023-00034,네일리모노 신사점,nail_lash,네일아트업,네일미용업,"서울특별시 강남구 가로수길 19, 지상3층 (신사동)",서울특별시 강남구 신사동 536-18,,2023-08-29,영업,gangnam-cheongdam,,PENDING_REVIEW
3220000-215-2023-00048,네일드잇(nailed it),nail_lash,네일아트업,네일미용업,"서울특별시 강남구 언주로170길 23, 지상3층 301호 (신사동)",서울특별시 강남구 신사동 643-28,,2023-12-13,영업,gangnam-cheongdam,,PENDING_REVIEW
3220000-215-2023-00050,아인네일,nail_lash,네일아트업,네일미용업,"서울특별시 강남구 도산대로53길 12, 3층 303호 (신사동)",서울특별시 강남구 신사동 666-22,,2023-12-21,영업,gangnam-cheongdam,,PENDING_REVIEW
3220000-215-2024-00002,유나네일,nail_lash,네일아트업,네일미용업,"서울특별시 강남구 압구정로29길 68, 현대아파트 주구센타제1호 3층 304호 (압구정동, 현대아파트)",서울특별시 강남구 압구정동 455 현대아파트,,2024-01-05,영업,gangnam-cheongdam,,PENDING_REVIEW
3220000-215-2024-00003,위드 스태리 유니네일(WithStarryUniNail),nail_lash,네일아트업,네일미용업,"서울특별시 강남구 도산대로85길 30, 지상1층 137호 (청담동, 청담신원아침도시마인)",서울특별시 강남구 청담동 122-35 청담신원아침도시마인,,2024-01-10,영업,gangnam-cheongdam,,PENDING_REVIEW
3220000-215-2024-00005,너울네일,nail_lash,네일아트업,네일미용업,"서울특별시 강남구 선릉로 714, 도시빌딩 지상1층 103호 (청담동)",서울특별시 강남구 청담동 40-25 도시빌딩,,2024-01-22,영업,gangnam-cheongdam,,PENDING_REVIEW
3220000-215-2024-00010,다교네일 압구정,nail_lash,네일아트업,네일미용업,"서울특별시 강남구 선릉로161길 15-3, 지상5층 (신사동)",서울특별시 강남구 신사동 662-16,,2024-03-12,영업,gangnam-cheongdam,dakyo-nail-apgujeong,PENDING_REVIEW
3220000-215-2024-00015,네일위자드 강남,nail_lash,네일아트업,네일미용업,"서울특별시 강남구 언주로172길 60, 3층 (신사동)",서울특별시 강남구 신사동 663-11,,2024-04-18,영업,gangnam-cheongdam,,PENDING_REVIEW
3220000-215-2024-00019,인크리즈,nail_lash,네일아트업,네일미용업,"서울특별시 강남구 영동대로 702, 지하1층 (청담동)",서울특별시 강남구 청담동 133-3 화천회관빌딩,,2024-04-29,영업,gangnam-cheongdam,,PENDING_REVIEW
3220000-215-2024-00025,네일라로즈,nail_lash,네일아트업,네일미용업,"서울특별시 강남구 강남대로158길 16, 지상3층 302호 (신사동)",서울특별시 강남구 신사동 509-3,,2024-06-18,영업,gangnam-cheongdam,,PENDING_REVIEW
3220000-215-2024-00035,포쉬네일 압구정역점,nail_lash,네일아트업,네일미용업,"서울특별시 강남구 논현로 854, ANdAZ 지하 1층 (신사동)",서울특별시 강남구 신사동 603 ANdAZ,025474142,2024-09-10,영업,gangnam-cheongdam,,PENDING_REVIEW
3220000-215-2024-00036,베이키스네일,nail_lash,네일아트업,네일미용업,"서울특별시 강남구 선릉로155길 23-8, 지상2층 201호 (신사동)",서울특별시 강남구 신사동 656-9,,2024-09-11,영업,gangnam-cheongdam,,PENDING_REVIEW
3220000-215-2024-00043,네일도츄,nail_lash,네일아트업,네일미용업,"서울특별시 강남구 도산대로37길 8, 6층 601호 (신사동)",서울특별시 강남구 신사동 629-41,,2024-11-22,영업,gangnam-cheongdam,,PENDING_REVIEW
3220000-215-2024-00045,팝핑피치,nail_lash,네일아트업,네일미용업,"서울특별시 강남구 강남대로152길 28, 지상2층 2-04호 (신사동)",서울특별시 강남구 신사동 514-4,,2024-12-13,영업,gangnam-cheongdam,,PENDING_REVIEW
3220000-215-2024-00046,제로네일,nail_lash,네일아트업,네일미용업,"서울특별시 강남구 압구정로54길 26, 3층 (신사동)",서울특별시 강남구 신사동 663-25,,2024-12-23,영업,gangnam-cheongdam,,PENDING_REVIEW
3220000-215-2025-00002,아우로라네일,nail_lash,네일아트업,네일미용업,"서울특별시 강남구 강남대로152길 9, 지상4층 (신사동)",서울특별시 강남구 신사동 512-20,,2025-01-22,영업,gangnam-cheongdam,,PENDING_REVIEW
3220000-215-2025-00004,보이니 네일,nail_lash,네일아트업,네일미용업,"서울특별시 강남구 압구정로10길 30-8, 4층 (신사동)",서울특별시 강남구 신사동 524-29,,2025-02-03,영업,gangnam-cheongdam,,PENDING_REVIEW
3220000-215-2025-00007,압구정 비알네일(BR nail),nail_lash,네일아트업,네일미용업,"서울특별시 강남구 압구정로42길 32, 백현빌딩 지상2층 (신사동)",서울특별시 강남구 신사동 635-13 백현빌딩,,2025-03-13,영업,gangnam-cheongdam,,PENDING_REVIEW
3220000-215-2025-00008,오운스 네일샵(OUNCE nailshop),nail_lash,네일아트업,네일미용업,"서울특별시 강남구 강남대로156길 31-15, 지상2층 (신사동)",서울특별시 강남구 신사동 517-19,,2025-03-26,영업,gangnam-cheongdam,,PENDING_REVIEW
3220000-215-2025-00010,더 누크룸(The nookroom),nail_lash,네일아트업,네일미용업,"서울특별시 강남구 압구정로14길 35, 2층 202호 (신사동)",서울특별시 강남구 신사동 551-1,,2025-04-07,영업,gangnam-cheongdam,,PENDING_REVIEW
3220000-215-2025-00011,24네일,nail_lash,네일아트업,네일미용업,"서울특별시 강남구 도산대로90길 17, 소양빌딩 3층 302호 (청담동)",서울특별시 강남구 청담동 50-7 소양빌딩,,2025-04-09,영업,gangnam-cheongdam,,PENDING_REVIEW
3220000-215-2025-00036,네일르엘,nail_lash,네일아트업,네일미용업,"서울특별시 강남구 학동로101길 11, 지상7층 706호 (청담동)",서울특별시 강남구 청담동 132-16,,2025-11-21,영업,gangnam-cheongdam,,PENDING_REVIEW
3220000-215-2025-00038,네일의진수,nail_lash,네일아트업,네일미용업,"서울특별시 강남구 논현로175길 25, 다보빌딩 지상1층 109호 (신사동)",서울특별시 강남구 신사동 577 다보빌딩,,2025-12-11,영업,gangnam-cheongdam,,PENDING_REVIEW
3220000-215-2026-00003,해아네일(haea_nail),nail_lash,네일아트업,네일미용업,"서울특별시 강남구 선릉로158길 9, 2층 일부호 (청담동)",서울특별시 강남구 청담동 83-9,,2026-01-20,영업,gangnam-cheongdam,,PENDING_REVIEW
3220000-215-2026-00004,플디아네일,nail_lash,네일아트업,네일미용업,"서울특별시 강남구 학동로55길 12-7, 지상1층 102호 (청담동)",서울특별시 강남구 청담동 39-11,,2026-01-23,영업,gangnam-cheongdam,,PENDING_REVIEW
3220000-215-2026-00005,이오니 네일(도산점),nail_lash,네일아트업,네일미용업,"서울특별시 강남구 도산대로49길 6-8, 지상6층 (신사동)",서울특별시 강남구 신사동 652-12,,2026-01-26,영업,gangnam-cheongdam,,PENDING_REVIEW
3220000-215-2026-00010,네일 아지트,nail_lash,네일아트업,네일미용업,"서울특별시 강남구 삼성로146길 4-1, 율민빌딩 지상4층 (청담동)",서울특별시 강남구 청담동 62-12 율민빌딩,,2026-02-26,영업,gangnam-cheongdam,,PENDING_REVIEW
3220000-215-2026-00014,터치피아 문제성발전문샵 신사 1호점,nail_lash,네일아트업,네일미용업,"서울특별시 강남구 강남대로152길 28, 2층 6호 (신사동)",서울특별시 강남구 신사동 514-4,,2026-03-23,영업,gangnam-cheongdam,,PENDING_REVIEW
3220000-215-2026-00017,내일디디 스위트,nail_lash,네일아트업,네일미용업,"서울특별시 강남구 압구정로50길 18, 5층 501호 (신사동)",서울특별시 강남구 신사동 659-13,,2026-05-08,영업,gangnam-cheongdam,,PENDING_REVIEW
3220000-215-2026-00018,키라메키,nail_lash,네일아트업,네일미용업,"서울특별시 강남구 도산대로49길 6-5, 5층 (신사동)",서울특별시 강남구 신사동 652-5,,2026-05-18,영업,gangnam-cheongdam,,PENDING_REVIEW
3220000-215-2026-00025,신사동 손톱집,nail_lash,네일아트업,네일미용업,"서울특별시 강남구 압구정로10길 34, 2층 201호 (신사동)",서울특별시 강남구 신사동 524-16,,2026-07-15,영업,gangnam-cheongdam,,PENDING_REVIEW
3220000-216-2024-00003,뷰티호텔 압구정점,salon,일반미용업,"일반미용업, 피부미용업","서울특별시 강남구 압구정로 212, 방우빌딩 지상2층 6호 (신사동)",서울특별시 강남구 신사동 614-7 방우빌딩,,2024-10-08,영업,gangnam-cheongdam,,PENDING_REVIEW
3220000-216-2024-00004,두피본당,salon,일반미용업,"일반미용업, 피부미용업","서울특별시 강남구 논현로157길 12, 지상3층 (신사동)",서울특별시 강남구 신사동 566-25,07080650887,2024-11-14,영업,gangnam-cheongdam,,PENDING_REVIEW
3220000-216-2025-00002,유주,facial,피부미용업,"일반미용업, 피부미용업","서울특별시 강남구 압구정로4길 13-9, 3층 302호 (신사동)",서울특별시 강남구 신사동 525-15,,2025-06-30,영업,gangnam-cheongdam,,PENDING_REVIEW
3220000-217-2013-00003,Color & Color(칼라 & 칼라),salon,기타,"일반미용업, 네일미용업","서울특별시 강남구 압구정로 113-22, 미성상가 지상1층 10호 (압구정동)",서울특별시 강남구 압구정동 415 미성상가,,2013-03-08,영업,gangnam-cheongdam,,PENDING_REVIEW
3220000-217-2015-00010,유정,salon,일반미용업,"일반미용업, 네일미용업","서울특별시 강남구 언주로151길 19, 지상3층 (신사동)",서울특별시 강남구 신사동 629-6 지상3층,0260816296,2015-11-05,영업,gangnam-cheongdam,,PENDING_REVIEW
3220000-218-2015-00010,제이랩(JLAB),facial,피부미용업,"피부미용업, 네일미용업","서울특별시 강남구 논현로159길 17, 1층 102호 (신사동)",서울특별시 강남구 신사동 566-14,0264015743,2015-04-20,영업,gangnam-cheongdam,,PENDING_REVIEW
3220000-218-2016-00026,스킨스왁싱,facial,기타,"피부미용업, 네일미용업","서울특별시 강남구 논현로163길 21, 지상3층 302호 (신사동)",서울특별시 강남구 신사동 569-46,0234424141,2016-09-26,영업,gangnam-cheongdam,,PENDING_REVIEW
3220000-218-2016-00027,맥스클리닉스파바이미르테,facial,피부미용업,"피부미용업, 네일미용업","서울특별시 강남구 삼성로 772, 5층 501호 (청담동)",서울특별시 강남구 청담동 48-7,,2016-09-30,영업,gangnam-cheongdam,,PENDING_REVIEW
3220000-218-2017-00001,핑크네일 오브 뉴욕,nail_lash,네일아트업,"피부미용업, 네일미용업","서울특별시 강남구 압구정로54길 6, 1층 1호 (신사동)",서울특별시 강남구 신사동 661-7,,2017-02-02,영업,gangnam-cheongdam,,PENDING_REVIEW
3220000-218-2019-00001,컨셉트 concept,nail_lash,네일아트업,"피부미용업, 네일미용업","서울특별시 강남구 도산대로13길 35, 소호빌딩 4층 (신사동)",서울특별시 강남구 신사동 535-26 소호빌딩,,2019-03-07,영업,gangnam-cheongdam,,PENDING_REVIEW
3220000-218-2021-00002,EYE 래쉬백,facial,피부미용업,"피부미용업, 네일미용업","서울특별시 강남구 강남대로162길 40, 2층 303호 (신사동)",서울특별시 강남구 신사동 520-1,,2021-01-27,영업,gangnam-cheongdam,,PENDING_REVIEW
3220000-218-2021-00009,손톱의취향,facial,피부미용업,"피부미용업, 네일미용업","서울특별시 강남구 도산대로15길 15, 지상3층 (신사동)",서울특별시 강남구 신사동 541-6,,2021-02-19,영업,gangnam-cheongdam,,PENDING_REVIEW
3220000-218-2021-00016,수정,facial,피부미용업,"피부미용업, 네일미용업","서울특별시 강남구 삼성로149길 24, 지상3층 (청담동)",서울특별시 강남구 청담동 5-15,,2021-12-17,영업,gangnam-cheongdam,,PENDING_REVIEW
3220000-218-2022-00005,미미네일살롱,nail_lash,네일아트업,"피부미용업, 네일미용업","서울특별시 강남구 논현로154길 19, 지하1층 (신사동)",서울특별시 강남구 신사동 591-6,,2022-07-07,영업,gangnam-cheongdam,,PENDING_REVIEW
3220000-218-2023-00001,서영언니네일앤뷰티크,facial,피부미용업,"피부미용업, 네일미용업","서울특별시 강남구 압구정로46길 5-6, 압구정로데오스타 4층 404호 (신사동)",서울특별시 강남구 신사동 660-17 압구정로데오스타,,2023-01-31,영업,gangnam-cheongdam,,PENDING_REVIEW
3220000-218-2024-00002,바움,facial,피부미용업,"피부미용업, 네일미용업","서울특별시 강남구 압구정로79길 59, 3층 302호 (청담동)",서울특별시 강남구 청담동 127-4,,2024-05-08,영업,gangnam-cheongdam,,PENDING_REVIEW
3220000-219-2016-00007,비올뷰티,makeup,메이크업업,화장ㆍ분장 미용업,"서울특별시 강남구 도산대로78길 6, 지상1~5층 (청담동)",서울특별시 강남구 청담동 6-16,,2016-10-28,영업,gangnam-cheongdam,,PENDING_REVIEW
3220000-219-2017-00001,베리 키트 VERY KiT,makeup,메이크업업,화장ㆍ분장 미용업,"서울특별시 강남구 논현로172길 21, 이화빌딩 지상3층 (신사동)",서울특별시 강남구 신사동 608-17 이화빌딩,,2017-01-06,영업,gangnam-cheongdam,,PENDING_REVIEW
3220000-219-2018-00007,"단, 하나살롱",makeup,메이크업업,화장ㆍ분장 미용업,"서울특별시 강남구 강남대로156길 18, 4층 401호 (신사동)",서울특별시 강남구 신사동 511-6,,2018-08-03,영업,gangnam-cheongdam,,PENDING_REVIEW
3220000-219-2018-00009,모빈치 B,makeup,메이크업업,화장ㆍ분장 미용업,"서울특별시 강남구 압구정로 152, 지상3층 303호 (신사동)",서울특별시 강남구 신사동 575,,2018-09-17,영업,gangnam-cheongdam,,PENDING_REVIEW
3220000-219-2018-00013,클로아뷰티,makeup,메이크업업,화장ㆍ분장 미용업,"서울특별시 강남구 강남대로156길 24, 지상3층 301호 (신사동)",서울특별시 강남구 신사동 511-9,,2018-11-20,영업,gangnam-cheongdam,,PENDING_REVIEW
3220000-219-2019-00002,래쉬킹,makeup,메이크업업,화장ㆍ분장 미용업,"서울특별시 강남구 선릉로 843, 1층 6호 (신사동)",서울특별시 강남구 신사동 664-7,,2019-01-24,영업,gangnam-cheongdam,,PENDING_REVIEW
3220000-219-2019-00014,더 아찔,makeup,메이크업업,화장ㆍ분장 미용업,"서울특별시 강남구 도산대로 419, 아노블리81 3층 301호 (청담동)",서울특별시 강남구 청담동 91-2 아노블리81,,2019-05-30,영업,gangnam-cheongdam,,PENDING_REVIEW
3220000-219-2019-00017,립바이(Lipby),makeup,메이크업업,화장ㆍ분장 미용업,"서울특별시 강남구 논현로155길 8, 지하1층 (신사동)",서울특별시 강남구 신사동 565-19,,2019-07-17,영업,gangnam-cheongdam,,PENDING_REVIEW
3220000-219-2019-00027,허밍,makeup,메이크업업,화장ㆍ분장 미용업,"서울특별시 강남구 논현로152길 38, 3층 (신사동)",서울특별시 강남구 신사동 588-14,,2019-12-13,영업,gangnam-cheongdam,,PENDING_REVIEW
3220000-219-2019-00028,미로,makeup,메이크업업,화장ㆍ분장 미용업,"서울특별시 강남구 도산대로35길 28, 2층 (신사동)",서울특별시 강남구 신사동 594-6,,2019-12-30,영업,gangnam-cheongdam,,PENDING_REVIEW
3220000-219-2019-00030,위닛 아이디자인 청담,makeup,메이크업업,화장ㆍ분장 미용업,"서울특별시 강남구 압구정로80길 34, 원일빌딩 지상3층 (청담동)",서울특별시 강남구 청담동 93-11 원일빌딩,,2019-07-17,영업,gangnam-cheongdam,,PENDING_REVIEW
3220000-219-2020-00016,피아룩스(FiatLux),makeup,메이크업업,화장ㆍ분장 미용업,"서울특별시 강남구 삼성로145길 11, 지상5층 (청담동)",서울특별시 강남구 청담동 11-17,,2020-09-21,영업,gangnam-cheongdam,,PENDING_REVIEW
3220000-219-2021-00006,베이지(Beige),makeup,메이크업업,화장ㆍ분장 미용업,"서울특별시 강남구 강남대로152길 20, 포토피아 지상3층 (신사동)",서울특별시 강남구 신사동 514-1 포토피아,,2021-02-22,영업,gangnam-cheongdam,,PENDING_REVIEW
3220000-219-2021-00014,DeuDear,makeup,메이크업업,화장ㆍ분장 미용업,"서울특별시 강남구 논현로158길 12, 지상2층 (신사동)",서울특별시 강남구 신사동 591-4,,2021-06-03,영업,gangnam-cheongdam,,PENDING_REVIEW
3220000-219-2021-00020,구티앤뷰티,makeup,메이크업업,화장ㆍ분장 미용업,"서울특별시 강남구 압구정로46길 5-10, 압구정로데오스타 B동 지상3층 301-A호 (신사동)",서울특별시 강남구 신사동 660-16 압구정로데오스타,,2021-09-06,영업,gangnam-cheongdam,,PENDING_REVIEW
3220000-219-2021-00031,리룸뷰티 신사본점,makeup,메이크업업,화장ㆍ분장 미용업,"서울특별시 강남구 강남대로152길 70, 지상3층 (신사동)",서울특별시 강남구 신사동 539-5,,2021-12-20,영업,gangnam-cheongdam,,PENDING_REVIEW
3220000-219-2021-00035,어스(uss),makeup,메이크업업,화장ㆍ분장 미용업,"서울특별시 강남구 논현로151길 52, 3층 302호 (신사동)",서울특별시 강남구 신사동 543-8,,2021-07-16,영업,gangnam-cheongdam,,PENDING_REVIEW
3220000-219-2022-00001,꼼므아이,makeup,메이크업업,화장ㆍ분장 미용업,"서울특별시 강남구 강남대로162길 45, 지상3층 302호 (신사동)",서울특별시 강남구 신사동 524-13,,2022-01-14,영업,gangnam-cheongdam,,PENDING_REVIEW
3220000-219-2022-00006,닷티스트,makeup,메이크업업,화장ㆍ분장 미용업,"서울특별시 강남구 삼성로147길 12, 청담동 1118빌딩 4층 401호 (청담동)",서울특별시 강남구 청담동 11-18 청담동 1118빌딩,,2022-04-22,영업,gangnam-cheongdam,,PENDING_REVIEW
3220000-219-2022-00012,글로스(GLOSSS),makeup,메이크업업,화장ㆍ분장 미용업,"서울특별시 강남구 도산대로 309, 지상5층 (신사동)",서울특별시 강남구 신사동 630-23,,2022-06-13,영업,gangnam-cheongdam,,PENDING_REVIEW
3220000-219-2022-00017,화장공간,makeup,메이크업업,화장ㆍ분장 미용업,"서울특별시 강남구 압구정로4길 10, 두인빌딩 4층 (신사동)",서울특별시 강남구 신사동 526 두인빌딩,,2022-07-22,영업,gangnam-cheongdam,,PENDING_REVIEW
3220000-219-2022-00020,소유뷰티,makeup,메이크업업,화장ㆍ분장 미용업,"서울특별시 강남구 압구정로 110, 화인빌딩 4층 400호 (신사동)",서울특별시 강남구 신사동 528-4 화인빌딩,,2022-08-22,영업,gangnam-cheongdam,,PENDING_REVIEW
3220000-219-2022-00023,제이오메이크업,makeup,메이크업업,화장ㆍ분장 미용업,"서울특별시 강남구 압구정로30길 53, 성지빌딩 지상2층 (신사동)",서울특별시 강남구 신사동 600-15 성지빌딩,,2022-09-30,영업,gangnam-cheongdam,,PENDING_REVIEW
3220000-219-2022-00025,라피네,makeup,메이크업업,화장ㆍ분장 미용업,"서울특별시 강남구 논현로155길 6, 나호 지상3층 303호 (신사동)",서울특별시 강남구 신사동 585-5,,2022-10-21,영업,gangnam-cheongdam,,PENDING_REVIEW
3220000-219-2022-00032,리제(Rizze),makeup,메이크업업,화장ㆍ분장 미용업,"서울특별시 강남구 언주로170길 26-6, 4층 (신사동)",서울특별시 강남구 신사동 644-11,,2022-03-23,영업,gangnam-cheongdam,,PENDING_REVIEW
3220000-219-2023-00002,엠.유.비.유.티.샵(M.U.B.U.T.#),makeup,메이크업업,화장ㆍ분장 미용업,"서울특별시 강남구 압구정로79길 59, 지상3층 304호 (청담동)",서울특별시 강남구 청담동 127-4,,2023-01-13,영업,gangnam-cheongdam,,PENDING_REVIEW
3220000-219-2023-00009,여리다 브로우,makeup,메이크업업,화장ㆍ분장 미용업,"서울특별시 강남구 강남대로152길 28, 지상2층 (신사동)",서울특별시 강남구 신사동 514-4,,2023-04-18,영업,gangnam-cheongdam,,PENDING_REVIEW
3220000-219-2023-00011,제이윤뷰티,makeup,메이크업업,화장ㆍ분장 미용업,"서울특별시 강남구 도산대로15길 16, 6층 (신사동)",서울특별시 강남구 신사동 540-9,,2023-05-03,영업,gangnam-cheongdam,,PENDING_REVIEW
3220000-219-2023-00024,이지영메이크업,makeup,메이크업업,화장ㆍ분장 미용업,"서울특별시 강남구 강남대로160길 29, 3층 301호 (신사동)",서울특별시 강남구 신사동 521-16,,2023-09-01,영업,gangnam-cheongdam,,PENDING_REVIEW
3220000-219-2023-00025,피크(peak),makeup,메이크업업,화장ㆍ분장 미용업,"서울특별시 강남구 도산대로33길 20, 제이에스 빌딩 지상3층 303호 (신사동)",서울특별시 강남구 신사동 589 제이에스 빌딩,,2023-09-13,영업,gangnam-cheongdam,,PENDING_REVIEW
3220000-219-2023-00031,에이치래쉬,makeup,메이크업업,화장ㆍ분장 미용업,"서울특별시 강남구 논현로153길 59, 지상2층 (신사동)",서울특별시 강남구 신사동 542-2,,2023-11-20,영업,gangnam-cheongdam,,PENDING_REVIEW
3220000-219-2024-00005,모피움청담,makeup,메이크업업,화장ㆍ분장 미용업,"서울특별시 강남구 학동로101길 11, 지상5층 506호 (청담동)",서울특별시 강남구 청담동 132-16,,2024-03-12,영업,gangnam-cheongdam,,PENDING_REVIEW
3220000-219-2024-00008,핏어팻 메이크업(pit-a-pat),makeup,메이크업업,화장ㆍ분장 미용업,"서울특별시 강남구 강남대로152길 30, 지상3층 (신사동)",서울특별시 강남구 신사동 514-5,,2024-03-19,영업,gangnam-cheongdam,,PENDING_REVIEW
3220000-219-2024-00010,다들스타일,makeup,메이크업업,화장ㆍ분장 미용업,"서울특별시 강남구 압구정로30길 77, 대승빌딩 지상1층 (신사동)",서울특별시 강남구 신사동 593-4 대승빌딩,,2024-03-25,영업,gangnam-cheongdam,,PENDING_REVIEW
3220000-219-2024-00014,닿아스튜디오(DAah studio),makeup,메이크업업,화장ㆍ분장 미용업,"서울특별시 강남구 강남대로152길 69, 4층 (신사동)",서울특별시 강남구 신사동 540-18,,2024-04-12,영업,gangnam-cheongdam,,PENDING_REVIEW
3220000-219-2024-00015,채움희메이크업,makeup,메이크업업,화장ㆍ분장 미용업,"서울특별시 강남구 강남대로152길 14, 5층 603호 (신사동)",서울특별시 강남구 신사동 513-2,,2024-05-10,영업,gangnam-cheongdam,,PENDING_REVIEW
3220000-219-2024-00021,터치바이해리,makeup,메이크업업,화장ㆍ분장 미용업,"서울특별시 강남구 도산대로55길 52, 금학빌딩 5층 (청담동)",서울특별시 강남구 청담동 83 금학빌딩,025162227,2024-07-19,영업,gangnam-cheongdam,,PENDING_REVIEW
3220000-219-2024-00023,다교 청담점,makeup,메이크업업,화장ㆍ분장 미용업,"서울특별시 강남구 선릉로160길 5, 지상2층 (청담동)",서울특별시 강남구 청담동 84-18,,2024-08-06,영업,gangnam-cheongdam,,PENDING_REVIEW
3220000-219-2024-00028,독팣(DOKPATZ),makeup,메이크업업,화장ㆍ분장 미용업,"서울특별시 강남구 압구정로 306, 3층 303호 동쪽칸 (신사동)",서울특별시 강남구 신사동 638-2,,2024-10-07,영업,gangnam-cheongdam,,PENDING_REVIEW
3220000-219-2024-00029,우현증MERCI,makeup,메이크업업,화장ㆍ분장 미용업,"서울특별시 강남구 언주로153길 17-2, 4층 (신사동)",서울특별시 강남구 신사동 628-2,025467740,2024-10-14,영업,gangnam-cheongdam,,PENDING_REVIEW
3220000-219-2024-00031,뮤티드(muted),makeup,메이크업업,화장ㆍ분장 미용업,"서울특별시 강남구 선릉로148길 15, 3층 301호 (청담동)",서울특별시 강남구 청담동 2-13,,2024-10-22,영업,gangnam-cheongdam,,PENDING_REVIEW
3220000-219-2024-00035,스페셜데이,makeup,메이크업업,화장ㆍ분장 미용업,"서울특별시 강남구 도산대로19길 45, 지하1층 104호 (신사동)",서울특별시 강남구 신사동 554-17,,2024-11-29,영업,gangnam-cheongdam,,PENDING_REVIEW
3220000-219-2024-00038,라린(Lalune),makeup,메이크업업,화장ㆍ분장 미용업,"서울특별시 강남구 압구정로 461, 네이처 포엠 2층 218호 (청담동)",서울특별시 강남구 청담동 118-17 네이처 포엠,,2024-12-24,영업,gangnam-cheongdam,,PENDING_REVIEW
3220000-219-2025-00002,하츠메이크업,makeup,메이크업업,화장ㆍ분장 미용업,"서울특별시 강남구 강남대로156길 20, 지상3층 302호 (신사동)",서울특별시 강남구 신사동 511-7,,2025-01-10,영업,gangnam-cheongdam,,PENDING_REVIEW
3220000-219-2025-00005,브로우퀸,makeup,메이크업업,화장ㆍ분장 미용업,"서울특별시 강남구 언주로172길 26, 신사동엘리시아 2층 202호 일부호 (신사동)",서울특별시 강남구 신사동 643-6 신사동엘리시아,,2025-03-06,영업,gangnam-cheongdam,,PENDING_REVIEW
3220000-219-2025-00008,유진메이크업,makeup,메이크업업,화장ㆍ분장 미용업,"서울특별시 강남구 도산대로68길 26, 지상1층 201호 (청담동)",서울특별시 강남구 청담동 18-34,,2025-04-01,영업,gangnam-cheongdam,,PENDING_REVIEW
3220000-219-2025-00009,소프소프,makeup,메이크업업,화장ㆍ분장 미용업,"서울특별시 강남구 도산대로68길 15, 리즈빌딩 지하1층 일부호 (청담동)",서울특별시 강남구 청담동 17-2 리즈빌딩,,2025-04-09,영업,gangnam-cheongdam,,PENDING_REVIEW
3220000-219-2025-00013,아르즈 청담(ARZ CHEONGDAM),makeup,메이크업업,화장ㆍ분장 미용업,"서울특별시 강남구 도산대로 412, 남강빌딩 지상6층 (청담동)",서울특별시 강남구 청담동 2-10 남강빌딩,0234455679,2025-04-30,영업,gangnam-cheongdam,arz-make-up-cheongdam,PENDING_REVIEW
3220000-219-2025-00017,에떼(ette) 헤어메이크업,makeup,메이크업업,화장ㆍ분장 미용업,"서울특별시 강남구 압구정로4길 14-11, 4층 402호 (신사동)",서울특별시 강남구 신사동 522-17,,2025-06-04,영업,gangnam-cheongdam,,PENDING_REVIEW
3220000-219-2025-00023,잇치크,makeup,메이크업업,화장ㆍ분장 미용업,"서울특별시 강남구 강남대로158길 46, 5층 501호 (신사동)",서울특별시 강남구 신사동 518-8,,2025-08-19,영업,gangnam-cheongdam,,PENDING_REVIEW
3220000-219-2025-00024,모네월드(Monet World),makeup,메이크업업,화장ㆍ분장 미용업,"서울특별시 강남구 압구정로10길 21, 4층, 5층 (신사동)",서울특별시 강남구 신사동 533-1,,2025-08-27,영업,gangnam-cheongdam,,PENDING_REVIEW
3220000-219-2025-00025,디에르 속눈썹,makeup,메이크업업,화장ㆍ분장 미용업,"서울특별시 강남구 논현로157길 9, 3층 (신사동)",서울특별시 강남구 신사동 565-7,,2025-09-19,영업,gangnam-cheongdam,,PENDING_REVIEW
3220000-219-2025-00038,킨프(KINFF),makeup,메이크업업,화장ㆍ분장 미용업,"서울특별시 강남구 논현로158길 5, 5층 501호 (신사동)",서울특별시 강남구 신사동 592-5,,2025-12-30,영업,gangnam-cheongdam,,PENDING_REVIEW
3220000-219-2025-00039,씨디알 메이크업,makeup,메이크업업,화장ㆍ분장 미용업,"서울특별시 강남구 언주로172길 26, 신사동엘리시아 지상1층 101호 15호 (신사동)",서울특별시 강남구 신사동 643-6 신사동엘리시아,,2025-09-11,영업,gangnam-cheongdam,,PENDING_REVIEW
3220000-219-2026-00003,코코데레나,makeup,메이크업업,화장ㆍ분장 미용업,"서울특별시 강남구 압구정로2길 16, 5층 일부 (신사동)",서울특별시 강남구 신사동 506-3 지엔디빌딩,,2026-02-03,영업,gangnam-cheongdam,,PENDING_REVIEW
3220000-219-2026-00006,코코데,makeup,메이크업업,화장ㆍ분장 미용업,"서울특별시 강남구 압구정로2길 16, 지엔디빌딩 5층 의 일부 B호 (신사동)",서울특별시 강남구 신사동 506-3 지엔디빌딩,,2026-03-03,영업,gangnam-cheongdam,,PENDING_REVIEW
3220000-219-2026-00009,터치피아 신사 속눈썹 & 속눈썹펌,makeup,메이크업업,화장ㆍ분장 미용업,"서울특별시 강남구 강남대로152길 28, 2층 2호 (신사동)",서울특별시 강남구 신사동 514-4,,2026-03-05,영업,gangnam-cheongdam,,PENDING_REVIEW
3220000-219-2026-00013,브로우윗 속눈썹펌 압구정신사점,makeup,메이크업업,화장ㆍ분장 미용업,"서울특별시 강남구 강남대로152길 15, 지하1층 (신사동)",서울특별시 강남구 신사동 512-17,,2026-03-31,영업,gangnam-cheongdam,,PENDING_REVIEW
3220000-219-2026-00022,글릿츠서울,makeup,메이크업업,화장ㆍ분장 미용업,"서울특별시 강남구 도산대로19길 48, 4층 (신사동)",서울특별시 강남구 신사동 554-10,,2026-05-22,영업,gangnam-cheongdam,,PENDING_REVIEW
3220000-219-2026-00025,포레서울,makeup,메이크업업,화장ㆍ분장 미용업,"서울특별시 강남구 강남대로156길 24, 6층 (신사동)",서울특별시 강남구 신사동 511-9,,2026-06-15,영업,gangnam-cheongdam,,PENDING_REVIEW
3220000-219-2026-00026,스튜디오오야 눈썹&입술 강남점,makeup,메이크업업,화장ㆍ분장 미용업,"서울특별시 강남구 논현로157길 12, 2층 (신사동)",서울특별시 강남구 신사동 566-25,,2026-07-02,영업,gangnam-cheongdam,,PENDING_REVIEW
3220000-219-2026-00028,르하르디에,makeup,메이크업업,화장ㆍ분장 미용업,"서울특별시 강남구 도산대로25길 26, 킹슬리빌딩 3층 B-02호 (신사동)",서울특별시 강남구 신사동 564-18 킹슬리빌딩,,2026-07-16,영업,gangnam-cheongdam,,PENDING_REVIEW
3220000-220-1991-00001,송영숙모던헤어,salon,일반미용업,"일반미용업, 화장ㆍ분장 미용업","서울특별시 강남구 논현로163길 13-6, 지상1층 (신사동)",서울특별시 강남구 신사동 569-13,025157600,1991-09-04,영업,gangnam-cheongdam,,PENDING_REVIEW
3220000-220-2003-00001,이경민포레,salon,일반미용업,"일반미용업, 화장ㆍ분장 미용업","서울특별시 강남구 선릉로158길 9, 지상2,3,4층 (청담동)","서울특별시 강남구 청담동 83-9 지상2,3,4층",,2003-04-01,영업,gangnam-cheongdam,,PENDING_REVIEW
3220000-220-2012-00002,아우라뷰티,salon,일반미용업,"일반미용업, 화장ㆍ분장 미용업","서울특별시 강남구 도산대로75길 17-7, 아우라뷰티 지하1층,지상1~3층 (청담동)",서울특별시 강남구 청담동 96-25 아우라뷰티,025420536,2012-11-13,영업,gangnam-cheongdam,,PENDING_REVIEW
3220000-220-2015-00012,브리오(Brio),salon,일반미용업,"일반미용업, 화장ㆍ분장 미용업","서울특별시 강남구 압구정로2길 29, 지상2층 (신사동)",서울특별시 강남구 신사동 521-1,,2015-04-22,영업,gangnam-cheongdam,,PENDING_REVIEW
3220000-220-2016-00004,루(RUE),salon,일반미용업,"일반미용업, 화장ㆍ분장 미용업","서울특별시 강남구 도산대로81길 25, 지상2층 (청담동)",서울특별시 강남구 청담동 118-4,,2016-01-20,영업,gangnam-cheongdam,,PENDING_REVIEW
3220000-220-2016-00011,HE:ARTS(하츠),salon,일반미용업,"일반미용업, 화장ㆍ분장 미용업","서울특별시 강남구 도산대로45길 17, 제성빌딩 4층 (신사동)",서울특별시 강남구 신사동 631-34 제성빌딩,,2016-04-06,영업,gangnam-cheongdam,,PENDING_REVIEW
3220000-220-2016-00046,에이치엠비에이(HMBA),salon,일반미용업,"일반미용업, 화장ㆍ분장 미용업","서울특별시 강남구 도산대로49길 34, 지상2층 (신사동)",서울특별시 강남구 신사동 656-23,,2016-12-30,영업,gangnam-cheongdam,,PENDING_REVIEW
3220000-220-2016-00047,뷰티진동희 청담점,makeup,메이크업업,"일반미용업, 화장ㆍ분장 미용업","서울특별시 강남구 도산대로 435, 삼이빌딩 지상2층 (청담동)",서울특별시 강남구 청담동 92-4 삼이빌딩,,2016-03-02,영업,gangnam-cheongdam,,PENDING_REVIEW
3220000-220-2016-00048,홍미,salon,일반미용업,"일반미용업, 화장ㆍ분장 미용업","서울특별시 강남구 도산대로89길 31, 2층 (청담동)",서울특별시 강남구 청담동 109-15,,2016-01-11,영업,gangnam-cheongdam,,PENDING_REVIEW
3220000-220-2017-00008,꾸민[min],salon,일반미용업,"일반미용업, 화장ㆍ분장 미용업","서울특별시 강남구 도산대로68길 25, 지상1층,지상2층 (청담동)",서울특별시 강남구 청담동 17-7,,2017-04-03,영업,gangnam-cheongdam,,PENDING_REVIEW
3220000-220-2017-00017,모아 위,salon,일반미용업,"일반미용업, 화장ㆍ분장 미용업","서울특별시 강남구 선릉로153길 13, 한조빌딩 지상4층 402호 (신사동)",서울특별시 강남구 신사동 654-5 한조빌딩,025120549,2017-05-30,영업,gangnam-cheongdam,,PENDING_REVIEW
3220000-220-2017-00031,라라피엠(rara:pm),salon,일반미용업,"일반미용업, 화장ㆍ분장 미용업","서울특별시 강남구 도산대로89길 8, LH빌딩 지상2층 (청담동)",서울특별시 강남구 청담동 125-20 LH빌딩,,2017-12-04,영업,gangnam-cheongdam,,PENDING_REVIEW
3220000-220-2018-00002,보이드에이치(VOID_H),salon,일반미용업,"일반미용업, 화장ㆍ분장 미용업","서울특별시 강남구 도산대로75길 26, 가당빌딩 지상1층 (청담동)",서울특별시 강남구 청담동 99-3 가당빌딩,,2018-02-06,영업,gangnam-cheongdam,,PENDING_REVIEW
3220000-220-2018-00013,이유,makeup,메이크업업,"일반미용업, 화장ㆍ분장 미용업","서울특별시 강남구 도산대로99길 27-2, 지상2층, 지상3층 (청담동)",서울특별시 강남구 청담동 123-11,,2018-11-21,영업,gangnam-cheongdam,,PENDING_REVIEW
3220000-220-2018-00017,위위아뜰리에 바이서옥(Oui Oui Atelier by 서옥),makeup,메이크업업,"일반미용업, 화장ㆍ분장 미용업","서울특별시 강남구 압구정로72길 26, 지하1~지상4층 (청담동)",서울특별시 강남구 청담동 95-16,,2018-04-30,영업,gangnam-cheongdam,,PENDING_REVIEW
3220000-220-2019-00009,백샵(100SHOP),salon,일반미용업,"일반미용업, 화장ㆍ분장 미용업","서울특별시 강남구 도산대로81길 18, 지상4층,5층 (청담동)",서울특별시 강남구 청담동 117-10,,2019-03-18,영업,gangnam-cheongdam,,PENDING_REVIEW
3220000-220-2019-00010,하랑헤어메이크업(Harang hair makeup),salon,일반미용업,"일반미용업, 화장ㆍ분장 미용업","서울특별시 강남구 강남대로 652, SINSA SQUARE 지상2층 204호 [C02]호 (신사동)",서울특별시 강남구 신사동 504-11 SINSA SQUARE,,2019-03-29,영업,gangnam-cheongdam,,PENDING_REVIEW
3220000-220-2019-00019,정남,makeup,메이크업업,"일반미용업, 화장ㆍ분장 미용업","서울특별시 강남구 도산대로 451, 지상3층,5층 (청담동)",서울특별시 강남구 청담동 97-6,,2019-05-24,영업,gangnam-cheongdam,,PENDING_REVIEW
3220000-220-2019-00023,플럼헤어메이크업 스튜디오,makeup,메이크업업,"일반미용업, 화장ㆍ분장 미용업","서울특별시 강남구 도산대로99길 28-16, 지상1층 101호 (청담동)",서울특별시 강남구 청담동 109-6,,2019-08-02,영업,gangnam-cheongdam,,PENDING_REVIEW
3220000-220-2019-00027,엘 페라(EL Pela),salon,일반미용업,"일반미용업, 화장ㆍ분장 미용업","서울특별시 강남구 선릉로138길 6, 지상3층 (청담동)",서울특별시 강남구 청담동 40-7,,2019-09-04,영업,gangnam-cheongdam,,PENDING_REVIEW
3220000-220-2019-00042,하이린뷰티,makeup,메이크업업,"일반미용업, 화장ㆍ분장 미용업","서울특별시 강남구 언주로174길 22, 지상3층 (신사동)",서울특별시 강남구 신사동 640-13,,2019-03-21,영업,gangnam-cheongdam,,PENDING_REVIEW
3220000-220-2019-00044,살롱드 플로리,salon,일반미용업,"일반미용업, 화장ㆍ분장 미용업","서울특별시 강남구 도산대로67길 26, 지하1층 (청담동)",서울특별시 강남구 청담동 81-5,,2019-12-12,영업,gangnam-cheongdam,,PENDING_REVIEW
3220000-220-2020-00007,고바이씬,salon,일반미용업,"일반미용업, 화장ㆍ분장 미용업","서울특별시 강남구 도산대로62길 17, 지하1,지상1,2층 (청담동)",서울특별시 강남구 청담동 19-4,,2020-03-10,영업,gangnam-cheongdam,,PENDING_REVIEW
3220000-220-2020-00014,청담 꼰띠고,makeup,메이크업업,"일반미용업, 화장ㆍ분장 미용업","서울특별시 강남구 도산대로83길 17, 여의주빌딩 2층 (청담동)",서울특별시 강남구 청담동 117-38 여의주빌딩,,2020-08-04,영업,gangnam-cheongdam,,PENDING_REVIEW
3220000-220-2020-00015,쉬작,salon,일반미용업,"일반미용업, 화장ㆍ분장 미용업","서울특별시 강남구 압구정로2길 49, 3층,4층 (신사동)",서울특별시 강남구 신사동 517-6,,2020-08-26,영업,gangnam-cheongdam,,PENDING_REVIEW
3220000-220-2020-00017,이국화 아뜰리에,salon,일반미용업,"일반미용업, 화장ㆍ분장 미용업","서울특별시 강남구 삼성로149길 3-10, 1층 (청담동)",서울특별시 강남구 청담동 7-29,,2020-09-24,영업,gangnam-cheongdam,,PENDING_REVIEW
3220000-220-2020-00018,클라우티,salon,일반미용업,"일반미용업, 화장ㆍ분장 미용업","서울특별시 강남구 학동로77길 10, 4층 (청담동)",서울특별시 강남구 청담동 47-8,,2020-10-19,영업,gangnam-cheongdam,,PENDING_REVIEW
3220000-220-2020-00020,마실(Masill),salon,일반미용업,"일반미용업, 화장ㆍ분장 미용업","서울특별시 강남구 도산대로45길 10-5, LS빌딩 2층 (신사동)",서울특별시 강남구 신사동 650-13 LS빌딩,,2020-11-02,영업,gangnam-cheongdam,,PENDING_REVIEW
3220000-220-2020-00021,프린(PREEN)신사,salon,일반미용업,"일반미용업, 화장ㆍ분장 미용업","서울특별시 강남구 강남대로152길 62, 5층 (신사동)",서울특별시 강남구 신사동 539-1,,2020-11-04,영업,gangnam-cheongdam,,PENDING_REVIEW
3220000-220-2020-00023,프리베에스빠스,salon,일반미용업,"일반미용업, 화장ㆍ분장 미용업","서울특별시 강남구 압구정로71길 4, 미산빌딩 3층 (청담동)",서울특별시 강남구 청담동 100-2 미산빌딩,,2020-11-30,영업,gangnam-cheongdam,,PENDING_REVIEW
3220000-220-2020-00028,이븐비 압구정로데오점(evenbe),salon,일반미용업,"일반미용업, 화장ㆍ분장 미용업","서울특별시 강남구 선릉로155길 13, 지상3층 (신사동)",서울특별시 강남구 신사동 655-4,,2020-12-15,영업,gangnam-cheongdam,,PENDING_REVIEW
3220000-220-2021-00004,더페트라뷰티,makeup,메이크업업,"일반미용업, 화장ㆍ분장 미용업","서울특별시 강남구 선릉로148길 41, 제이일레븐 지상5층 (청담동)",서울특별시 강남구 청담동 3-11 제이일레븐,,2021-02-17,영업,gangnam-cheongdam,,PENDING_REVIEW
3220000-220-2021-00009,유림,makeup,메이크업업,"일반미용업, 화장ㆍ분장 미용업","서울특별시 강남구 삼성로133길 15, 근정 빌딩 지상7층 (청담동)",서울특별시 강남구 청담동 46-11 근정 빌딩,025471367,2021-04-14,영업,gangnam-cheongdam,,PENDING_REVIEW
3220000-220-2021-00015,꾸띠원,salon,일반미용업,"일반미용업, 화장ㆍ분장 미용업","서울특별시 강남구 도산대로53길 39, 신사동 C/K빌딩 지상3층 (신사동)",서울특별시 강남구 신사동 657-37 신사동 C/K빌딩,025446484,2021-06-02,영업,gangnam-cheongdam,,PENDING_REVIEW
3220000-220-2021-00016,브러쉬 앤 꼬리빗 뷰티샵,makeup,메이크업업,"일반미용업, 화장ㆍ분장 미용업","서울특별시 강남구 압구정로46길 5-6, 압구정로데오스타 지상4층 402호 (신사동)",서울특별시 강남구 신사동 660-17 압구정로데오스타,,2021-06-14,영업,gangnam-cheongdam,,PENDING_REVIEW
3220000-220-2021-00019,앳나운,salon,일반미용업,"일반미용업, 화장ㆍ분장 미용업","서울특별시 강남구 도산대로 404, 퍼스트빌딩 지상3층 (청담동)",서울특별시 강남구 청담동 1-1 퍼스트빌딩,025478718,2021-06-25,영업,gangnam-cheongdam,,PENDING_REVIEW
3220000-220-2021-00020,롤링제이(Rolling Jay),salon,일반미용업,"일반미용업, 화장ㆍ분장 미용업","서울특별시 강남구 학동로55길 12-1, 지상2층 (청담동)",서울특별시 강남구 청담동 39-14,,2021-07-06,영업,gangnam-cheongdam,rolling-jay,PENDING_REVIEW
3220000-220-2021-00021,봉살롱(BONG salon),salon,일반미용업,"일반미용업, 화장ㆍ분장 미용업","서울특별시 강남구 도산대로 540, 5층 (청담동)",서울특별시 강남구 청담동 52-6,,2021-07-07,영업,gangnam-cheongdam,,PENDING_REVIEW
3220000-220-2021-00023,파라팜,salon,일반미용업,"일반미용업, 화장ㆍ분장 미용업","서울특별시 강남구 도산대로85길 13, 지상4층 (청담동)",서울특별시 강남구 청담동 121-30,,2021-07-13,영업,gangnam-cheongdam,,PENDING_REVIEW
3220000-220-2021-00027,에이라빛,salon,일반미용업,"일반미용업, 화장ㆍ분장 미용업","서울특별시 강남구 압구정로46길 35, 4층 (신사동)",서울특별시 강남구 신사동 642-20,,2021-09-13,영업,gangnam-cheongdam,,PENDING_REVIEW
3220000-220-2021-00031,무아(MUAH),salon,일반미용업,"일반미용업, 화장ㆍ분장 미용업","서울특별시 강남구 선릉로153길 36, 지하1층 (신사동)",서울특별시 강남구 신사동 647-22,0260851621,2021-04-27,영업,gangnam-cheongdam,,PENDING_REVIEW
3220000-220-2021-00032,칼라빈,salon,일반미용업,"일반미용업, 화장ㆍ분장 미용업","서울특별시 강남구 도산대로49길 22, 에이피트리 5층 (신사동)",서울특별시 강남구 신사동 653-20 에이피트리,,2021-10-14,영업,gangnam-cheongdam,,PENDING_REVIEW
3220000-220-2021-00033,에이치오브 H aube,salon,일반미용업,"일반미용업, 화장ㆍ분장 미용업","서울특별시 강남구 도산대로62길 15, 지하1층,지하2층 (청담동)",서울특별시 강남구 청담동 19-3,,2021-10-26,영업,gangnam-cheongdam,,PENDING_REVIEW
3220000-220-2021-00037,제이와이(J.Y.),salon,일반미용업,"일반미용업, 화장ㆍ분장 미용업","서울특별시 강남구 압구정로60길 17-14, 지상1층 (청담동)",서울특별시 강남구 청담동 90-1,,2021-11-01,영업,gangnam-cheongdam,,PENDING_REVIEW
3220000-220-2021-00038,오드샵 ODD Shop,salon,일반미용업,"일반미용업, 화장ㆍ분장 미용업","서울특별시 강남구 언주로152길 11, 지하1,1,2,3층 (신사동)",서울특별시 강남구 신사동 631-19,,2021-11-18,영업,gangnam-cheongdam,,PENDING_REVIEW
3220000-220-2021-00044,아티디(ArtyD),salon,일반미용업,"일반미용업, 화장ㆍ분장 미용업","서울특별시 강남구 삼성로145길 13, 2층, 3층 (청담동)",서울특별시 강남구 청담동 11-1,,2021-08-10,영업,gangnam-cheongdam,,PENDING_REVIEW
3220000-220-2022-00001,유니크헤어(unik),salon,일반미용업,"일반미용업, 화장ㆍ분장 미용업","서울특별시 강남구 도산대로55길 36, 지상1층 (청담동)",서울특별시 강남구 청담동 83-8,,2022-03-14,영업,gangnam-cheongdam,,PENDING_REVIEW
3220000-220-2022-00002,르보 청담,salon,일반미용업,"일반미용업, 화장ㆍ분장 미용업",서울특별시 강남구 선릉로162길 27-1 (청담동),서울특별시 강남구 청담동 79-6,,2022-03-15,영업,gangnam-cheongdam,,PENDING_REVIEW
3220000-220-2022-00004,피움 부티크,salon,일반미용업,"일반미용업, 화장ㆍ분장 미용업","서울특별시 강남구 강남대로156길 31-15, 지상1층 (신사동)",서울특별시 강남구 신사동 517-19,,2022-04-18,영업,gangnam-cheongdam,,PENDING_REVIEW
3220000-220-2022-00005,글로스(GLOSSS),salon,일반미용업,"일반미용업, 화장ㆍ분장 미용업","서울특별시 강남구 도산대로 309, 지상5층 (신사동)",서울특별시 강남구 신사동 630-23,,2022-04-19,영업,gangnam-cheongdam,,PENDING_REVIEW
3220000-220-2022-00006,컷루스,salon,일반미용업,"일반미용업, 화장ㆍ분장 미용업","서울특별시 강남구 압구정로80길 30, 삼도빌딩 지상1층 (청담동)",서울특별시 강남구 청담동 93-14 삼도빌딩,,2022-05-12,영업,gangnam-cheongdam,cutloose-k-pop-hair-makeup,PENDING_REVIEW
3220000-220-2022-00007,무아뷰티,makeup,메이크업업,"일반미용업, 화장ㆍ분장 미용업","서울특별시 강남구 강남대로152길 64, 5층 501호 (신사동)",서울특별시 강남구 신사동 539-2,,2022-05-19,영업,gangnam-cheongdam,,PENDING_REVIEW
3220000-220-2022-00011,지즈(Geez),salon,일반미용업,"일반미용업, 화장ㆍ분장 미용업","서울특별시 강남구 논현로158길 26, 지상1층 01호 (신사동)",서울특별시 강남구 신사동 589-13,,2022-06-03,영업,gangnam-cheongdam,,PENDING_REVIEW
3220000-220-2022-00012,앤아이오,salon,일반미용업,"일반미용업, 화장ㆍ분장 미용업","서울특별시 강남구 도산대로15길 16, 지상5층 (신사동)",서울특별시 강남구 신사동 540-9,,2022-06-09,영업,gangnam-cheongdam,,PENDING_REVIEW
3220000-220-2022-00015,더클래스 모나크,salon,일반미용업,"일반미용업, 화장ㆍ분장 미용업","서울특별시 강남구 도산대로 409, S&S TOWER 지상3층 (청담동)",서울특별시 강남구 청담동 87-4 S&S TOWER,,2022-06-20,영업,gangnam-cheongdam,,PENDING_REVIEW
3220000-220-2022-00016,레뚜알 살롱,salon,일반미용업,"일반미용업, 화장ㆍ분장 미용업","서울특별시 강남구 선릉로132길 13-3, 지상1층 (청담동)",서울특별시 강남구 청담동 38-25,,2022-06-21,영업,gangnam-cheongdam,,PENDING_REVIEW
3220000-220-2022-00017,에이치밍,salon,일반미용업,"일반미용업, 화장ㆍ분장 미용업","서울특별시 강남구 언주로 848, 화경빌딩 5층 (신사동)",서울특별시 강남구 신사동 634-4 화경빌딩,,2022-06-23,영업,gangnam-cheongdam,,PENDING_REVIEW
3220000-220-2022-00022,앳나운플레이스,salon,일반미용업,"일반미용업, 화장ㆍ분장 미용업","서울특별시 강남구 도산대로99길 50, 지상1층,2층,3층 (청담동)",서울특별시 강남구 청담동 112-17,,2022-09-15,영업,gangnam-cheongdam,,PENDING_REVIEW
3220000-220-2022-00027,라브 압구정,salon,일반미용업,"일반미용업, 화장ㆍ분장 미용업","서울특별시 강남구 논현로151길 17, 지상1층 (신사동)",서울특별시 강남구 신사동 563-18,,2022-10-31,영업,gangnam-cheongdam,,PENDING_REVIEW
3220000-220-2022-00029,오늘바이소리,makeup,메이크업업,"일반미용업, 화장ㆍ분장 미용업","서울특별시 강남구 논현로151길 16, 지상4층 401호 (신사동)",서울특별시 강남구 신사동 562-17,,2022-12-07,영업,gangnam-cheongdam,,PENDING_REVIEW
3220000-220-2022-00033,더 헤메스(THE HEMES),salon,일반미용업,"일반미용업, 화장ㆍ분장 미용업","서울특별시 강남구 압구정로80길 33, 지하1층 (청담동)",서울특별시 강남구 청담동 92-16,,2022-04-13,영업,gangnam-cheongdam,,PENDING_REVIEW
3220000-220-2023-00005,SUNHWA-CHEONGDAM(선화-청담),salon,일반미용업,"일반미용업, 화장ㆍ분장 미용업","서울특별시 강남구 도산대로61길 14, 3층 (청담동)",서울특별시 강남구 청담동 93-2,,2023-02-09,영업,gangnam-cheongdam,,PENDING_REVIEW
3220000-220-2023-00007,kitts(키츠),salon,일반미용업,"일반미용업, 화장ㆍ분장 미용업","서울특별시 강남구 도산대로59길 13, 위드윤영빌딩 지상2층, 3층 (청담동)",서울특별시 강남구 청담동 89-10 위드윤영빌딩,,2023-03-06,영업,gangnam-cheongdam,,PENDING_REVIEW
3220000-220-2023-00008,히엘,salon,일반미용업,"일반미용업, 화장ㆍ분장 미용업","서울특별시 강남구 삼성로 766, 유림빌딩 지상3층 (청담동)",서울특별시 강남구 청담동 49 유림빌딩,34462571,2023-03-08,영업,gangnam-cheongdam,,PENDING_REVIEW
3220000-220-2023-00009,히엘 and H.L,makeup,메이크업업,"일반미용업, 화장ㆍ분장 미용업","서울특별시 강남구 삼성로 766, 유림빌딩 지상3층 (청담동)",서울특별시 강남구 청담동 49 유림빌딩,,2023-03-08,영업,gangnam-cheongdam,,PENDING_REVIEW
3220000-220-2023-00011,주니엠,makeup,메이크업업,"일반미용업, 화장ㆍ분장 미용업","서울특별시 강남구 선릉로132길 15, 지상2층 (청담동)",서울특별시 강남구 청담동 38-19,,2023-03-30,영업,gangnam-cheongdam,,PENDING_REVIEW
3220000-220-2023-00013,프롬 헤어메이크업,makeup,메이크업업,"일반미용업, 화장ㆍ분장 미용업","서울특별시 강남구 선릉로157길 13-3, 지상3층 (신사동)",서울특별시 강남구 신사동 657-38,,2023-04-21,영업,gangnam-cheongdam,,PENDING_REVIEW
3220000-220-2023-00015,프헤,salon,일반미용업,"일반미용업, 화장ㆍ분장 미용업","서울특별시 강남구 언주로170길 26-3, 지상3,4층 (신사동)",서울특별시 강남구 신사동 644-16,,2023-05-18,영업,gangnam-cheongdam,,PENDING_REVIEW
3220000-220-2023-00017,미.파레(me.parer),salon,일반미용업,"일반미용업, 화장ㆍ분장 미용업","서울특별시 강남구 언주로172길 30, 지상2층 (신사동)",서울특별시 강남구 신사동 643-11,,2023-05-23,영업,gangnam-cheongdam,,PENDING_REVIEW
3220000-220-2023-00018,헤츠(HETZ),salon,일반미용업,"일반미용업, 화장ㆍ분장 미용업","서울특별시 강남구 선릉로158길 10, 5층 (청담동)",서울특별시 강남구 청담동 88,,2023-06-14,영업,gangnam-cheongdam,,PENDING_REVIEW
3220000-220-2023-00021,어낵 툴,salon,일반미용업,"일반미용업, 화장ㆍ분장 미용업","서울특별시 강남구 삼성로135길 11, PLACE 713 지하1층,지상2,3층 (청담동)",서울특별시 강남구 청담동 32-7 PLACE 713,,2023-07-14,영업,gangnam-cheongdam,,PENDING_REVIEW
3220000-220-2023-00024,메이크와이즈,makeup,메이크업업,"일반미용업, 화장ㆍ분장 미용업","서울특별시 강남구 논현로164길 18, 2층 (신사동)",서울특별시 강남구 신사동 596,,2023-08-02,영업,gangnam-cheongdam,,PENDING_REVIEW
3220000-220-2023-00025,블랭크,makeup,메이크업업,"일반미용업, 화장ㆍ분장 미용업","서울특별시 강남구 도산대로81길 39, J.J 홀딩스 3층 (청담동)",서울특별시 강남구 청담동 100-21 J.J 홀딩스,,2023-08-17,영업,gangnam-cheongdam,,PENDING_REVIEW
3220000-220-2023-00028,챠이,makeup,메이크업업,"일반미용업, 화장ㆍ분장 미용업","서울특별시 강남구 삼성로135길 13, 지상2층, 지상3층 (청담동)",서울특별시 강남구 청담동 32-1,,2023-09-25,영업,gangnam-cheongdam,,PENDING_REVIEW
3220000-220-2023-00029,캣치(CATCHY),makeup,메이크업업,"일반미용업, 화장ㆍ분장 미용업","서울특별시 강남구 도산대로49길 6-8, 지상4층 (신사동)",서울특별시 강남구 신사동 652-12,,2023-10-16,영업,gangnam-cheongdam,,PENDING_REVIEW
3220000-220-2023-00032,오쁘(O.bb),salon,일반미용업,"일반미용업, 화장ㆍ분장 미용업","서울특별시 강남구 압구정로46길 5-10, 압구정로데오스타 지상3층 301-B호 (신사동)",서울특별시 강남구 신사동 660-16 압구정로데오스타,,2023-11-22,영업,gangnam-cheongdam,,PENDING_REVIEW
3220000-220-2024-00001,혜연 살롱,salon,일반미용업,"일반미용업, 화장ㆍ분장 미용업","서울특별시 강남구 언주로157길 6, 지상4층 401호 (신사동)",서울특별시 강남구 신사동 627-3,,2024-01-05,영업,gangnam-cheongdam,,PENDING_REVIEW
3220000-220-2024-00002,롤링제이 헤어&메이크업,salon,일반미용업,"일반미용업, 화장ㆍ분장 미용업","서울특별시 강남구 학동로55길 12-1, 지상1층 (청담동)",서울특별시 강남구 청담동 39-14,,2024-01-16,영업,gangnam-cheongdam,rolling-jay,PENDING_REVIEW
3220000-220-2024-00006,아티시차차 청담(ARTISICHACHA 靑澹),salon,일반미용업,"일반미용업, 화장ㆍ분장 미용업","서울특별시 강남구 압구정로80길 31, BE*twixt 빌딩 지하1층,지하2층 (청담동)",서울특별시 강남구 청담동 92-13 BE*twixt 빌딩,,2024-03-22,영업,gangnam-cheongdam,,PENDING_REVIEW
3220000-220-2024-00010,수티(soot.ee),makeup,메이크업업,"일반미용업, 화장ㆍ분장 미용업","서울특별시 강남구 선릉로148길 52-6, 5층 (청담동)",서울특별시 강남구 청담동 19-38,,2024-06-05,영업,gangnam-cheongdam,,PENDING_REVIEW
3220000-220-2024-00011,이프디온(IF DION),salon,일반미용업,"일반미용업, 화장ㆍ분장 미용업","서울특별시 강남구 도산대로75길 12, 4층 (청담동)",서울특별시 강남구 청담동 99-13,,2024-05-30,영업,gangnam-cheongdam,,PENDING_REVIEW
3220000-220-2024-00012,나츠 NATSU,salon,일반미용업,"일반미용업, 화장ㆍ분장 미용업","서울특별시 강남구 강남대로152길 46, 3층 (신사동)",서울특별시 강남구 신사동 537-4,,2024-06-12,영업,gangnam-cheongdam,,PENDING_REVIEW
3220000-220-2024-00016,밋큐트(Meet cute),makeup,메이크업업,"일반미용업, 화장ㆍ분장 미용업","서울특별시 강남구 압구정로79길 37-1, M빌딩 지상1층 (청담동)",서울특별시 강남구 청담동 123-45 M빌딩,,2024-07-03,영업,gangnam-cheongdam,,PENDING_REVIEW
3220000-220-2024-00018,미큐트,salon,일반미용업,"일반미용업, 화장ㆍ분장 미용업","서울특별시 강남구 압구정로79길 37-1, M빌딩 지상2층 (청담동)",서울특별시 강남구 청담동 123-45 M빌딩,,2024-07-15,영업,gangnam-cheongdam,,PENDING_REVIEW
3220000-220-2024-00019,히나프,salon,일반미용업,"일반미용업, 화장ㆍ분장 미용업","서울특별시 강남구 선릉로148길 21, 3, 4, 5층 (청담동)",서울특별시 강남구 청담동 2-18,,2024-07-22,영업,gangnam-cheongdam,,PENDING_REVIEW
3220000-220-2024-00020,정남,salon,일반미용업,"일반미용업, 화장ㆍ분장 미용업","서울특별시 강남구 도산대로 451, 1층 101호 (청담동)",서울특별시 강남구 청담동 97-6,,2024-07-22,영업,gangnam-cheongdam,,PENDING_REVIEW
3220000-220-2024-00023,드레스먼,salon,일반미용업,"일반미용업, 화장ㆍ분장 미용업","서울특별시 강남구 도산대로59길 9, 카페티 빌딩 3층,4층 (청담동)",서울특별시 강남구 청담동 89-9 카페티 빌딩,,2024-09-23,영업,gangnam-cheongdam,,PENDING_REVIEW
3220000-220-2024-00024,르픽(Lepic),salon,일반미용업,"일반미용업, 화장ㆍ분장 미용업","서울특별시 강남구 도산대로78길 14, 2층 (청담동)",서울특별시 강남구 청담동 12-16,,2024-10-11,영업,gangnam-cheongdam,,PENDING_REVIEW
3220000-220-2025-00001,고이트 헤어,salon,일반미용업,"일반미용업, 화장ㆍ분장 미용업","서울특별시 강남구 논현로171길 15, 카로시티1 지상2층 203호,204호 (신사동)",서울특별시 강남구 신사동 577-5 카로시티1,,2025-01-02,영업,gangnam-cheongdam,,PENDING_REVIEW
3220000-220-2025-00002,우스(OOHS),salon,일반미용업,"일반미용업, 화장ㆍ분장 미용업","서울특별시 강남구 도산대로98길 16, 지하1층,지상1층 (청담동)",서울특별시 강남구 청담동 58-22,,2025-01-23,영업,gangnam-cheongdam,,PENDING_REVIEW
3220000-220-2025-00005,히르 청담(rir:rrr),salon,일반미용업,"일반미용업, 화장ㆍ분장 미용업","서울특별시 강남구 선릉로158길 13-12, 지상4층 (청담동)",서울특별시 강남구 청담동 83-17,,2025-02-12,영업,gangnam-cheongdam,,PENDING_REVIEW
3220000-220-2025-00009,작업실,salon,일반미용업,"일반미용업, 화장ㆍ분장 미용업","서울특별시 강남구 도산대로85길 15-2, 지상1층 (청담동)",서울특별시 강남구 청담동 121-36,,2025-03-28,영업,gangnam-cheongdam,,PENDING_REVIEW
3220000-220-2025-00010,넵스(Neps),salon,일반미용업,"일반미용업, 화장ㆍ분장 미용업","서울특별시 강남구 압구정로71길 5, 지하1층 (청담동)",서울특별시 강남구 청담동 141-11,,2025-04-03,영업,gangnam-cheongdam,,PENDING_REVIEW
3220000-220-2025-00011,작업실,makeup,메이크업업,"일반미용업, 화장ㆍ분장 미용업","서울특별시 강남구 도산대로85길 15-2, 1층 일부호 (청담동)",서울특별시 강남구 청담동 121-36,,2025-04-09,영업,gangnam-cheongdam,,PENDING_REVIEW
3220000-220-2025-00014,차임,salon,일반미용업,"일반미용업, 화장ㆍ분장 미용업","서울특별시 강남구 도산대로 542, 542빌딩 지상2층 201호 (청담동)",서울특별시 강남구 청담동 53 542빌딩,,2025-06-23,영업,gangnam-cheongdam,,PENDING_REVIEW
3220000-220-2025-00015,기억 헤어메이크업,salon,일반미용업,"일반미용업, 화장ㆍ분장 미용업","서울특별시 강남구 강남대로154길 21, K.I빌딩 지상2층 201호 (신사동)",서울특별시 강남구 신사동 511-13 K.I빌딩,,2025-07-03,영업,gangnam-cheongdam,,PENDING_REVIEW
3220000-220-2025-00016,이아이에(EAEAE),salon,일반미용업,"일반미용업, 화장ㆍ분장 미용업","서울특별시 강남구 도산대로51길 31, 3층, 4층, 5층 (신사동)",서울특별시 강남구 신사동 656-10,,2025-07-07,영업,gangnam-cheongdam,,PENDING_REVIEW
3220000-220-2025-00019,레드 홍,makeup,메이크업업,"일반미용업, 화장ㆍ분장 미용업","서울특별시 강남구 압구정로46길 5-6, 압구정로데오스타 A동 지하1층 B101호 (신사동)",서울특별시 강남구 신사동 660-17 압구정로데오스타,,2025-07-24,영업,gangnam-cheongdam,,PENDING_REVIEW
3220000-220-2025-00027,코이 하우스,makeup,메이크업업,"일반미용업, 화장ㆍ분장 미용업","서울특별시 강남구 강남대로158길 46, 4층 405호 (신사동)",서울특별시 강남구 신사동 518-8,,2025-11-04,영업,gangnam-cheongdam,,PENDING_REVIEW
3220000-220-2025-00029,브이나인(V9),salon,일반미용업,"일반미용업, 화장ㆍ분장 미용업","서울특별시 강남구 압구정로 437, 청담동일신빌딩 5층 (청담동)",서울특별시 강남구 청담동 141-13 청담동일신빌딩,,2025-11-18,영업,gangnam-cheongdam,,PENDING_REVIEW
3220000-220-2025-00030,조이187 인 스타점,salon,일반미용업,"일반미용업, 화장ㆍ분장 미용업","서울특별시 강남구 선릉로146길 11, 청담MS빌딩 지상1층~5층 (청담동)",서울특별시 강남구 청담동 22-19 청담MS빌딩,,2025-11-19,영업,gangnam-cheongdam,,PENDING_REVIEW
3220000-220-2025-00031,노브(Nov),salon,일반미용업,"일반미용업, 화장ㆍ분장 미용업","서울특별시 강남구 압구정로79길 51, 드림파크빌딩 지하1층 (청담동)",서울특별시 강남구 청담동 126-8 드림파크빌딩,,2025-11-25,영업,gangnam-cheongdam,,PENDING_REVIEW
3220000-220-2026-00001,페이브(FAV.),salon,일반미용업,"일반미용업, 화장ㆍ분장 미용업","서울특별시 강남구 도산대로78길 46, 지상4층 (청담동)",서울특별시 강남구 청담동 13-30 A1빌딩,,2026-01-05,영업,gangnam-cheongdam,,PENDING_REVIEW
3220000-220-2026-00003,누누아누,salon,일반미용업,"일반미용업, 화장ㆍ분장 미용업","서울특별시 강남구 선릉로152길 6, BK청담빌딩 5층 (청담동)",서울특별시 강남구 청담동 86-6 BK청담빌딩,,2026-01-08,영업,gangnam-cheongdam,,PENDING_REVIEW
3220000-220-2026-00004,사우트(SAUT),salon,일반미용업,"일반미용업, 화장ㆍ분장 미용업","서울특별시 강남구 도산대로56길 15-3, 지상1층 (청담동)",서울특별시 강남구 청담동 22-22,,2026-01-22,영업,gangnam-cheongdam,,PENDING_REVIEW
3220000-220-2026-00005,뷰록(Vulok),makeup,메이크업업,"일반미용업, 화장ㆍ분장 미용업","서울특별시 강남구 강남대로160길 11, 4층 402호 (신사동)",서울특별시 강남구 신사동 507-10,,2026-02-19,영업,gangnam-cheongdam,,PENDING_REVIEW
3220000-220-2026-00007,미용실(공탄),salon,일반미용업,"일반미용업, 화장ㆍ분장 미용업","서울특별시 강남구 선릉로146길 27-8, 3층 (청담동)",서울특별시 강남구 청담동 20-3,,2026-03-24,영업,gangnam-cheongdam,,PENDING_REVIEW
3220000-220-2026-00008,아뜰리에 우,salon,일반미용업,"일반미용업, 화장ㆍ분장 미용업","서울특별시 강남구 선릉로157길 13-3, 5층 (신사동)",서울특별시 강남구 신사동 657-38,,2026-03-30,영업,gangnam-cheongdam,,PENDING_REVIEW
3220000-220-2026-00009,청담 그리다,salon,일반미용업,"일반미용업, 화장ㆍ분장 미용업","서울특별시 강남구 도산대로83길 13, 마이우스 3층 (청담동)",서울특별시 강남구 청담동 117-39 마이우스,,2026-04-01,영업,gangnam-cheongdam,,PENDING_REVIEW
3220000-220-2026-00012,슈이(Shui) 청담,salon,일반미용업,"일반미용업, 화장ㆍ분장 미용업","서울특별시 강남구 압구정로79길 39, 2층 (청담동)",서울특별시 강남구 청담동 123-49,,2026-04-16,영업,gangnam-cheongdam,,PENDING_REVIEW
3220000-220-2026-00017,위닛블랙(WENEEDBLACK) 더청담점,salon,일반미용업,"일반미용업, 화장ㆍ분장 미용업","서울특별시 강남구 압구정로80길 34, 원일빌딩 3층 (청담동)",서울특별시 강남구 청담동 93-11 원일빌딩,,2026-05-13,영업,gangnam-cheongdam,,PENDING_REVIEW
3220000-220-2026-00018,에이크 청담,salon,일반미용업,"일반미용업, 화장ㆍ분장 미용업","서울특별시 강남구 도산대로68길 18, 2층 (청담동)",서울특별시 강남구 청담동 18-38,,2026-05-15,영업,gangnam-cheongdam,,PENDING_REVIEW
3220000-220-2026-00020,크리스탈 앤 나나,makeup,메이크업업,,"서울특별시 강남구 삼성로 776, 신도빌딩 3층 (청담동)",서울특별시 강남구 청담동 48-8 신도빌딩,,2026-06-23,영업,gangnam-cheongdam,,PENDING_REVIEW
3220000-220-2026-00021,이음뷰티,salon,일반미용업,"일반미용업, 화장ㆍ분장 미용업","서울특별시 강남구 선릉로 840, 로데오빌딩 4층 402호 (청담동)",서울특별시 강남구 청담동 84-1 로데오빌딩,,2026-07-06,영업,gangnam-cheongdam,,PENDING_REVIEW
3220000-221-2019-00004,더썬즈아이,makeup,메이크업업,"피부미용업, 화장ㆍ분장 미용업","서울특별시 강남구 논현로161길 19, 지상1층 102호 (신사동)",서울특별시 강남구 신사동 567-12,025427428,2019-04-30,영업,gangnam-cheongdam,,PENDING_REVIEW
3220000-221-2020-00003,스파고결,facial,피부미용업,"피부미용업, 화장ㆍ분장 미용업","서울특별시 강남구 선릉로132길 13, 3층,4층 (청담동)",서울특별시 강남구 청담동 38-26,,2020-09-01,영업,gangnam-cheongdam,,PENDING_REVIEW
3220000-221-2021-00009,비에이치엘 테라피(BHL Therapy),makeup,메이크업업,"피부미용업, 화장ㆍ분장 미용업","서울특별시 강남구 논현로152길 33, 지상2,3층 (신사동)",서울특별시 강남구 신사동 589-20,025431023,2021-04-26,영업,gangnam-cheongdam,,PENDING_REVIEW
3220000-221-2022-00004,두루두루뷰티,makeup,메이크업업,"피부미용업, 화장ㆍ분장 미용업","서울특별시 강남구 언주로170길 35, 3층 301호 (신사동, 유니온)",서울특별시 강남구 신사동 642-9 유니온,,2022-06-10,영업,gangnam-cheongdam,,PENDING_REVIEW
3220000-221-2023-00001,클레오(CLEO),facial,피부미용업,"피부미용업, 화장ㆍ분장 미용업","서울특별시 강남구 논현로152길 26, 지상4층 (신사동)",서울특별시 강남구 신사동 588-1,,2023-01-27,영업,gangnam-cheongdam,,PENDING_REVIEW
3220000-221-2023-00005,블랑드원,makeup,메이크업업,"피부미용업, 화장ㆍ분장 미용업","서울특별시 강남구 압구정로 210, 융기빌딩 지하1층 (신사동)",서울특별시 강남구 신사동 614-3 융기빌딩,,2023-04-04,영업,gangnam-cheongdam,,PENDING_REVIEW
3220000-221-2023-00008,보들 왁싱,facial,피부미용업,"피부미용업, 화장ㆍ분장 미용업","서울특별시 강남구 압구정로46길 5-6, 압구정로데오스타 지상2층 206호 (신사동)",서울특별시 강남구 신사동 660-17 압구정로데오스타,,2023-06-26,영업,gangnam-cheongdam,,PENDING_REVIEW
3220000-221-2023-00011,베라벨라(VERA BELLA),makeup,메이크업업,"피부미용업, 화장ㆍ분장 미용업","서울특별시 강남구 압구정로 326, 2층 205호 (신사동)",서울특별시 강남구 신사동 660-2,,2023-10-04,영업,gangnam-cheongdam,,PENDING_REVIEW
3220000-221-2023-00016,강남눈썹 란월드,makeup,메이크업업,"피부미용업, 화장ㆍ분장 미용업","서울특별시 강남구 학동로101길 11, 7층 704호 (청담동)",서울특별시 강남구 청담동 132-16,,2023-12-12,영업,gangnam-cheongdam,,PENDING_REVIEW
3220000-221-2024-00003,실버라인스튜디오,makeup,메이크업업,"피부미용업, 화장ㆍ분장 미용업","서울특별시 강남구 도산대로1길 16, 지상1층 201호 (신사동)",서울특별시 강남구 신사동 511-19,,2024-06-13,영업,gangnam-cheongdam,,PENDING_REVIEW
3220000-221-2024-00006,권쓰뷰티,facial,피부미용업,"피부미용업, 화장ㆍ분장 미용업","서울특별시 강남구 강남대로158길 46, 3층 304호 (신사동)",서울특별시 강남구 신사동 518-8,,2024-03-18,영업,gangnam-cheongdam,,PENDING_REVIEW
3220000-221-2025-00003,그리다니,facial,피부미용업,"피부미용업, 화장ㆍ분장 미용업","서울특별시 강남구 강남대로158길 46, 201호 (신사동)",서울특별시 강남구 신사동 518-8,,2025-07-23,영업,gangnam-cheongdam,,PENDING_REVIEW
3220000-221-2025-00009,브로우리브(BROWLIV),facial,피부미용업,"피부미용업, 화장ㆍ분장 미용업","서울특별시 강남구 강남대로158길 46, 지상3층 303호 (신사동)",서울특별시 강남구 신사동 518-8,,2025-12-17,영업,gangnam-cheongdam,,PENDING_REVIEW
3220000-221-2025-00010,청담리엔뷰티속눈썹,makeup,메이크업업,"피부미용업, 화장ㆍ분장 미용업","서울특별시 강남구 학동로101길 26, 청담 삼익상가 158호 (청담동)",서울특별시 강남구 청담동 134-20 청담 삼익상가,,2025-01-06,영업,gangnam-cheongdam,,PENDING_REVIEW
3220000-221-2026-00005,타타 서울,makeup,메이크업업,"피부미용업, 화장ㆍ분장 미용업","서울특별시 강남구 강남대로152길 68, 3층 (신사동)",서울특별시 강남구 신사동 539-4,,2026-03-12,영업,gangnam-cheongdam,,PENDING_REVIEW
3220000-222-2019-00012,수즈,nail_lash,네일아트업,"네일미용업, 화장ㆍ분장 미용업","서울특별시 강남구 선릉로153길 21, 지상3층 (신사동)",서울특별시 강남구 신사동 653-2,,2019-11-22,영업,gangnam-cheongdam,,PENDING_REVIEW
3220000-222-2019-00013,오와이오네일(OYO nail),nail_lash,네일아트업,"네일미용업, 화장ㆍ분장 미용업","서울특별시 강남구 압구정로46길 5-6, 압구정로데오스타 지상2층 201호 (신사동)",서울특별시 강남구 신사동 660-17 압구정로데오스타,,2019-12-02,영업,gangnam-cheongdam,,PENDING_REVIEW
3220000-222-2021-00001,눈시울,nail_lash,네일아트업,"네일미용업, 화장ㆍ분장 미용업","서울특별시 강남구 삼성로147길 34, 1층 104호 (청담동)",서울특별시 강남구 청담동 15-5,025453436,2021-01-18,영업,gangnam-cheongdam,,PENDING_REVIEW
3220000-222-2022-00001,아이엘네일,nail_lash,네일아트업,"네일미용업, 화장ㆍ분장 미용업","서울특별시 강남구 선릉로157길 23-3, 2층 (신사동)",서울특별시 강남구 신사동 657-22,,2022-01-06,영업,gangnam-cheongdam,,PENDING_REVIEW
3220000-222-2024-00005,살롱드우리,makeup,메이크업업,"네일미용업, 화장ㆍ분장 미용업","서울특별시 강남구 압구정로30길 23, 3층 305호 (신사동)",서울특별시 강남구 신사동 609-1,,2024-07-26,영업,gangnam-cheongdam,,PENDING_REVIEW
3220000-222-2024-00006,atelier HAS,nail_lash,네일아트업,"네일미용업, 화장ㆍ분장 미용업","서울특별시 강남구 강남대로 652, SINSA SQUARE 2층 E02호 (신사동)",서울특별시 강남구 신사동 504-11 SINSA SQUARE,,2024-10-22,영업,gangnam-cheongdam,,PENDING_REVIEW
3220000-223-2022-00001,황금희 에스테틱 청담,facial,피부미용업,"일반미용업, 피부미용업, 네일미용업","서울특별시 강남구 압구정로80길 34, 원일빌딩 지상5층 (청담동)",서울특별시 강남구 청담동 93-11 원일빌딩,,2022-04-22,영업,gangnam-cheongdam,,PENDING_REVIEW
3220000-224-2005-00001,샴푸플러스,salon,일반미용업,"일반미용업, 피부미용업, 화장ㆍ분장 미용업","서울특별시 강남구 학동로101길 11, 지하1층 B118호 (청담동)",서울특별시 강남구 청담동 132-16,024594535,2005-06-23,영업,gangnam-cheongdam,,PENDING_REVIEW
3220000-224-2023-00001,라비안느 토탈뷰티,facial,피부미용업,"일반미용업, 피부미용업, 화장ㆍ분장 미용업","서울특별시 강남구 강남대로156길 8, 3층 (신사동)",서울특별시 강남구 신사동 502-2,,2023-10-12,영업,gangnam-cheongdam,,PENDING_REVIEW
3220000-224-2024-00001,잘그림,makeup,메이크업업,"일반미용업, 피부미용업, 화장ㆍ분장 미용업","서울특별시 강남구 도산대로1길 26-5, 지상2층 201호 (신사동)",서울특별시 강남구 신사동 509-5,,2024-01-26,영업,gangnam-cheongdam,,PENDING_REVIEW
3220000-225-2006-00001,류현주 헤어,salon,일반미용업,"일반미용업, 네일미용업, 화장ㆍ분장 미용업","서울특별시 강남구 선릉로153길 7 (신사동,한성빌딩3층)",서울특별시 강남구 신사동 666 한성빌딩3층,,2006-04-12,영업,gangnam-cheongdam,,PENDING_REVIEW
3220000-225-2014-00001,밈 MIMM,salon,일반미용업,"일반미용업, 네일미용업, 화장ㆍ분장 미용업","서울특별시 강남구 언주로170길 22, 지상2,3층 (신사동)",서울특별시 강남구 신사동 644-6,025326660,2014-01-14,영업,gangnam-cheongdam,,PENDING_REVIEW
3220000-225-2014-00003,케이제이 스타일(kj style),salon,일반미용업,"일반미용업, 네일미용업, 화장ㆍ분장 미용업","서울특별시 강남구 압구정로50길 18, 3층 (신사동)",서울특별시 강남구 신사동 659-13,0263517001,2014-12-08,영업,gangnam-cheongdam,,PENDING_REVIEW
3220000-225-2015-00007,이준 헤어,salon,일반미용업,"일반미용업, 네일미용업, 화장ㆍ분장 미용업","서울특별시 강남구 논현로154길 6, 지하1층 (신사동)",서울특별시 강남구 신사동 590-5,,2015-10-05,영업,gangnam-cheongdam,,PENDING_REVIEW
3220000-225-2015-00009,포원샾(41shop),nail_lash,네일아트업,"일반미용업, 네일미용업, 화장ㆍ분장 미용업","서울특별시 강남구 도산대로25길 26, 킹슬리빌딩 지상2층 03호 (신사동)",서울특별시 강남구 신사동 564-18 킹슬리빌딩,,2015-11-25,영업,gangnam-cheongdam,,PENDING_REVIEW
3220000-225-2015-00010,멥시,salon,일반미용업,"일반미용업, 네일미용업, 화장ㆍ분장 미용업","서울특별시 강남구 언주로157길 5, 1,2,3층 (신사동)",서울특별시 강남구 신사동 627-14,,2015-11-25,영업,gangnam-cheongdam,,PENDING_REVIEW
3220000-225-2016-00004,꼼나나 드 설희,salon,일반미용업,"일반미용업, 네일미용업, 화장ㆍ분장 미용업","서울특별시 강남구 압구정로72길 19, 1층,2층 (청담동)",서울특별시 강남구 청담동 96-13,,2016-05-23,영업,gangnam-cheongdam,,PENDING_REVIEW
3220000-225-2016-00006,조이187(joy187),salon,일반미용업,"일반미용업, 네일미용업, 화장ㆍ분장 미용업","서울특별시 강남구 선릉로152길 30, 스페이스 청담(SPACE CHUNGDAM) 지상2층 (청담동)",서울특별시 강남구 청담동 91-3 스페이스 청담(SPACE CHUNGDAM),,2016-07-07,영업,gangnam-cheongdam,,PENDING_REVIEW
3220000-225-2017-00002,룰루(lulu),salon,일반미용업,"일반미용업, 네일미용업, 화장ㆍ분장 미용업","서울특별시 강남구 선릉로152길 33, 지하1,지상1층 (청담동)",서울특별시 강남구 청담동 90-25,,2017-02-27,영업,gangnam-cheongdam,,PENDING_REVIEW
3220000-225-2017-00004,조희미용실,salon,일반미용업,"일반미용업, 네일미용업, 화장ㆍ분장 미용업","서울특별시 강남구 압구정로30길 17, 지하1층 6호 (신사동)",서울특별시 강남구 신사동 609,,2017-06-02,영업,gangnam-cheongdam,,PENDING_REVIEW
3220000-225-2017-00009,빗앤붓,salon,일반미용업,"일반미용업, 네일미용업, 화장ㆍ분장 미용업","서울특별시 강남구 도산대로81길 49, 후크빌딩 지상1,2층 (청담동)",서울특별시 강남구 청담동 100-6 후크빌딩,,2017-12-11,영업,gangnam-cheongdam,,PENDING_REVIEW
3220000-225-2017-00013,꼼나나 청담,salon,일반미용업,"일반미용업, 네일미용업, 화장ㆍ분장 미용업","서울특별시 강남구 선릉로162길 39, 강스빌딩 지상2층 (청담동)",서울특별시 강남구 청담동 80-1 강스빌딩,,2017-08-07,영업,gangnam-cheongdam,,PENDING_REVIEW
3220000-225-2018-00012,투티(신사점),salon,일반미용업,"일반미용업, 네일미용업, 화장ㆍ분장 미용업","서울특별시 강남구 언주로172길 26, 신사동엘리시아 지상1층 101호 (신사동)",서울특별시 강남구 신사동 643-6 신사동엘리시아,,2018-09-05,영업,gangnam-cheongdam,,PENDING_REVIEW
3220000-225-2018-00014,프랑스 5층(PRANCE),salon,일반미용업,"일반미용업, 네일미용업, 화장ㆍ분장 미용업","서울특별시 강남구 언주로172길 28, 오리엔탈빌딩 5층 (신사동)",서울특별시 강남구 신사동 643-10 오리엔탈빌딩,,2018-09-07,영업,gangnam-cheongdam,,PENDING_REVIEW
3220000-225-2018-00015,로쉬(ROSH),salon,일반미용업,"일반미용업, 네일미용업, 화장ㆍ분장 미용업","서울특별시 강남구 논현로158길 29-1, 지상2, 3, 4층 (신사동)",서울특별시 강남구 신사동 594-19,,2018-09-17,영업,gangnam-cheongdam,,PENDING_REVIEW
3220000-225-2019-00009,청담이유,salon,일반미용업,"일반미용업, 네일미용업, 화장ㆍ분장 미용업","서울특별시 강남구 도산대로99길 27-2, 지상4층 (청담동)",서울특별시 강남구 청담동 123-11,,2019-11-11,영업,gangnam-cheongdam,,PENDING_REVIEW
3220000-225-2019-00012,메이븐(MAVEN),salon,일반미용업,"일반미용업, 네일미용업, 화장ㆍ분장 미용업","서울특별시 강남구 삼성로 715, 지상1층 (청담동)",서울특별시 강남구 청담동 47-1,,2019-12-05,영업,gangnam-cheongdam,,PENDING_REVIEW
3220000-225-2020-00001,아디도(ADido),salon,일반미용업,"일반미용업, 네일미용업, 화장ㆍ분장 미용업","서울특별시 강남구 도산대로 421, 청담동JS 빌딩 지상3층 (청담동)",서울특별시 강남구 청담동 91-12 청담동JS 빌딩,,2020-02-12,영업,gangnam-cheongdam,,PENDING_REVIEW
3220000-225-2021-00002,설영(Seol Young),salon,일반미용업,"일반미용업, 네일미용업, 화장ㆍ분장 미용업","서울특별시 강남구 도산대로57길 18, 지상1층 (청담동)",서울특별시 강남구 청담동 89-5,,2021-03-05,영업,gangnam-cheongdam,,PENDING_REVIEW
3220000-225-2021-00006,그린(grin),salon,일반미용업,"일반미용업, 네일미용업, 화장ㆍ분장 미용업","서울특별시 강남구 도산대로53길 17, 지상3,4,5층 (신사동)",서울특별시 강남구 신사동 654-8,,2021-09-16,영업,gangnam-cheongdam,,PENDING_REVIEW
3220000-225-2023-00002,옹드미용실 강남 신사,salon,일반미용업,"일반미용업, 네일미용업, 화장ㆍ분장 미용업","서울특별시 강남구 도산대로17길 30, 지상1층,2층 (신사동)",서울특별시 강남구 신사동 555-39,,2023-04-03,영업,gangnam-cheongdam,,PENDING_REVIEW
3220000-225-2023-00005,제이에스 라인(JS LINE),salon,일반미용업,"일반미용업, 네일미용업, 화장ㆍ분장 미용업","서울특별시 강남구 삼성로140길 5, 지하1층,지상1,2층 (청담동)",서울특별시 강남구 청담동 63-7,,2023-06-30,영업,gangnam-cheongdam,,PENDING_REVIEW
3220000-225-2024-00001,청담본샵,salon,일반미용업,"일반미용업, 네일미용업, 화장ㆍ분장 미용업","서울특별시 강남구 선릉로162길 3, 2층 (청담동)",서울특별시 강남구 청담동 78-3,,2024-01-10,영업,gangnam-cheongdam,,PENDING_REVIEW
3220000-225-2024-00003,그날 GNAAL,makeup,메이크업업,"일반미용업, 네일미용업, 화장ㆍ분장 미용업","서울특별시 강남구 선릉로157길 23-4, 4층 (신사동)",서울특별시 강남구 신사동 657-12,,2024-02-21,영업,gangnam-cheongdam,,PENDING_REVIEW
3220000-225-2024-00005,어 카인드 오브,salon,일반미용업,"일반미용업, 네일미용업, 화장ㆍ분장 미용업","서울특별시 강남구 언주로152길 15-6, 지상3층 (신사동)",서울특별시 강남구 신사동 631-32,,2024-07-01,영업,gangnam-cheongdam,,PENDING_REVIEW
3220000-225-2024-00008,맨드살롱,salon,일반미용업,"일반미용업, 네일미용업, 화장ㆍ분장 미용업","서울특별시 강남구 강남대로156길 16, The 156 빌딩 지상3층 (신사동)",서울특별시 강남구 신사동 511-5 The 156 빌딩,,2024-09-02,영업,gangnam-cheongdam,,PENDING_REVIEW
3220000-226-2014-00001,레푸스압구정&봉숭아손톱,nail_lash,네일아트업,"피부미용업, 네일미용업, 화장ㆍ분장 미용업","서울특별시 강남구 선릉로161길 8, 계전빌딩 1층 (신사동)",서울특별시 강남구 신사동 664-2 계전빌딩,023122934,2014-06-17,영업,gangnam-cheongdam,,PENDING_REVIEW
3220000-226-2019-00006,파리클라라,facial,피부미용업,"피부미용업, 네일미용업, 화장ㆍ분장 미용업","서울특별시 강남구 압구정로 110, 화인빌딩 지상2층 202호 (신사동)",서울특별시 강남구 신사동 528-4 화인빌딩,,2019-05-14,영업,gangnam-cheongdam,,PENDING_REVIEW
3220000-226-2020-00006,빛깔(COLOUR),nail_lash,네일아트업,"피부미용업, 네일미용업, 화장ㆍ분장 미용업","서울특별시 강남구 압구정로 162, 베네하임시티 1층 101호,102호 (신사동)",서울특별시 강남구 신사동 579-3 베네하임시티,,2020-08-04,영업,gangnam-cheongdam,,PENDING_REVIEW
3220000-226-2021-00001,에이윤뷰티,nail_lash,네일아트업,"피부미용업, 네일미용업, 화장ㆍ분장 미용업","서울특별시 강남구 선릉로132길 13, 지상2층 (청담동)",서울특별시 강남구 청담동 38-26,,2021-01-05,영업,gangnam-cheongdam,,PENDING_REVIEW
3220000-226-2021-00004,니본 네일앤뷰티 NIBON nail &beauty,nail_lash,네일아트업,"피부미용업, 네일미용업, 화장ㆍ분장 미용업","서울특별시 강남구 압구정로 113-22, 미성상가 지상1층 (압구정동)",서울특별시 강남구 압구정동 415 미성상가,0234445271,2021-04-21,영업,gangnam-cheongdam,,PENDING_REVIEW
3220000-226-2021-00010,셀러브뷰티,makeup,메이크업업,"피부미용업, 네일미용업, 화장ㆍ분장 미용업","서울특별시 강남구 논현로159길 9, 지상5층 502호 (신사동)",서울특별시 강남구 신사동 566-30,,2021-12-08,영업,gangnam-cheongdam,,PENDING_REVIEW
3220000-226-2022-00006,모아샵,makeup,메이크업업,"피부미용업, 네일미용업, 화장ㆍ분장 미용업","서울특별시 강남구 도산대로53길 12, 3층 302호 (신사동)",서울특별시 강남구 신사동 666-22,,2022-12-02,영업,gangnam-cheongdam,,PENDING_REVIEW
3220000-226-2026-00001,터치피아 왁싱샵 신사점,facial,피부미용업,"피부미용업, 네일미용업, 화장ㆍ분장 미용업","서울특별시 강남구 강남대로152길 28, 2층 1호 (신사동)",서울특별시 강남구 신사동 514-4,,2026-03-20,영업,gangnam-cheongdam,,PENDING_REVIEW
