관리번호,사업장명,category,업태구분명,위생업태명,도로명주소,지번주소,전화,인허가일자,영업상태,hub,existing_slug,status
3130000-204-1971-01004,미미,salon,일반미용업,미용업,서울특별시 마포구 월드컵북로16길 54 (연남동),서울특별시 마포구 연남동 487-257,023371428,1971-08-13,영업,hongdae,,PENDING_REVIEW
3130000-204-1976-00456,이숙이미용실,salon,일반미용업,미용업,서울특별시 마포구 월드컵북로5나길 15 (서교동),서울특별시 마포구 서교동 451-45,023322572,1976-12-10,영업,hongdae,,PENDING_REVIEW
3130000-204-1979-00993,헤어플러스,salon,일반미용업,미용업,"서울특별시 마포구 홍익로 10, 101동 1층 126호 (서교동, 서교푸르지오아파트)",서울특별시 마포구 서교동 486,023379067,1979-01-22,영업,hongdae,,PENDING_REVIEW
3130000-204-1979-00996,k2 헤어클럽,salon,일반미용업,미용업,"서울특별시 마포구 양화로 56, 103B호 (서교동, 동양한강트레빌 상가1층)",서울특별시 마포구 서교동 394-25 동양한강트레빌 상가1층 103B호,0231420177,1979-05-15,영업,hongdae,,PENDING_REVIEW
3130000-204-1981-00952,예삐헤어쎈스,salon,일반미용업,미용업,서울특별시 마포구 희우정로 29 (합정동),서울특별시 마포구 합정동 398-3,023353785,1981-10-12,영업,hongdae,,PENDING_REVIEW
3130000-204-1983-00388,벧엘,salon,일반미용업,미용업,서울특별시 마포구 월드컵북로7길 26 (서교동),서울특별시 마포구 서교동 247-24,023255306,1983-04-27,영업,hongdae,,PENDING_REVIEW
3130000-204-1987-00803,진,salon,일반미용업,미용업,서울특별시 마포구 신촌로4길 8 (동교동),서울특별시 마포구 동교동 175-1,023331238,1987-04-14,영업,hongdae,,PENDING_REVIEW
3130000-204-1988-00732,새론,salon,일반미용업,미용업,서울특별시 마포구 와우산로3길 13 (상수동),서울특별시 마포구 상수동 341-5,023362431,1988-05-09,영업,hongdae,,PENDING_REVIEW
3130000-204-1989-00709,신은정 헤어,salon,일반미용업,미용업,"서울특별시 마포구 성지3길 41, 501호 (합정동)",서울특별시 마포구 합정동 365-7 501호,023222657,1989-12-05,영업,hongdae,,PENDING_REVIEW
3130000-204-1992-00608,리안헤어,salon,일반미용업,미용업,서울특별시 마포구 홍익로6길 23 (동교동),서울특별시 마포구 동교동 162-2,0203263241,1992-10-23,영업,hongdae,,PENDING_REVIEW
3130000-204-1993-00237,여은미미용실,salon,일반미용업,미용업,"서울특별시 마포구 잔다리로7안길 3, 2층 202호 (서교동)",서울특별시 마포구 서교동 378-1 202호(안쪽),0203378125,1993-05-06,영업,hongdae,,PENDING_REVIEW
3130000-204-1994-00539,행복미용실,salon,일반미용업,미용업,"서울특별시 마포구 성미산로17길 75 (연남동, 1층)",서울특별시 마포구 연남동 487-37 1층,023134110,1994-08-25,영업,hongdae,,PENDING_REVIEW
3130000-204-1994-00566,도로시,salon,일반미용업,미용업,"서울특별시 마포구 와우산로 32, 1층 (상수동)",서울특별시 마포구 상수동 329-6,0203332285,1994-06-21,영업,hongdae,,PENDING_REVIEW
3130000-204-1995-00495,전희진미용실,salon,일반미용업,미용업,서울특별시 마포구 독막로2길 13 (합정동),서울특별시 마포구 합정동 366-2,023244631,1995-05-19,영업,hongdae,,PENDING_REVIEW
3130000-204-1995-00501,수경미용실,salon,일반미용업,미용업,서울특별시 마포구 포은로 56 (합정동),서울특별시 마포구 합정동 433-28,023371318,1995-06-30,영업,hongdae,,PENDING_REVIEW
3130000-204-1996-00486,머리하는걸,salon,일반미용업,미용업,"서울특별시 마포구 동교로 56-1 (합정동,1층)",서울특별시 마포구 합정동 432-4 1층,023328296,1996-01-12,영업,hongdae,,PENDING_REVIEW
3130000-204-1997-00345,하임,salon,일반미용업,미용업,"서울특별시 마포구 동교로 212-7, 2층 (동교동)",서울특별시 마포구 동교동 152-14,023382326,1997-09-05,영업,hongdae,,PENDING_REVIEW
3130000-204-1998-00285,진 미용실,salon,일반미용업,미용업,서울특별시 마포구 성미산로17길 104 (연남동),서울특별시 마포구 연남동 487-226,023382712,1998-06-25,영업,hongdae,,PENDING_REVIEW
3130000-204-1999-01401,선녀미용실,salon,일반미용업,미용업,서울특별시 마포구 월드컵북로7길 8 (서교동),서울특별시 마포구 서교동 247-20,023374966,1999-05-17,영업,hongdae,,PENDING_REVIEW
3130000-204-2000-01466,린다미용실,salon,일반미용업,미용업,"서울특별시 마포구 월드컵북로6길 81, 2동 1층 102호 (연남동)",서울특별시 마포구 연남동 567-20,023351997,2000-06-09,영업,hongdae,,PENDING_REVIEW
3130000-204-2001-01554,김성자미용실,salon,일반미용업,미용업,서울특별시 마포구 동교로27길 78 (연남동),서울특별시 마포구 연남동 561-4,023325433,2001-06-29,영업,hongdae,,PENDING_REVIEW
3130000-204-2001-01570,머리하는날,salon,일반미용업,미용업,"서울특별시 마포구 월드컵로 40 (서교동,103호)",서울특별시 마포구 서교동 444-9 103호,023320410,2001-10-10,영업,hongdae,,PENDING_REVIEW
3130000-204-2002-00006,NIM헤어펌,salon,일반미용업,미용업,"서울특별시 마포구 잔다리로3안길 32 (서교동, (지하1층~지상1층))",서울특별시 마포구 서교동 395-201 (지하1층~지상1층),0231429919,2002-02-27,영업,hongdae,,PENDING_REVIEW
3130000-204-2002-00014,펄헤어앤드메이크업,salon,일반미용업,미용업,"서울특별시 마포구 독막로7길 53 (서교동,2층)",서울특별시 마포구 서교동 395-21 2층,023383406,2002-04-10,영업,hongdae,,PENDING_REVIEW
3130000-204-2002-00036,제이투(J2)헤어,salon,일반미용업,미용업,"서울특별시 마포구 월드컵북로5길 21, 1층 102호 (서교동)",서울특별시 마포구 서교동 448-1 1층 102호(건물 좌측에서),023231995,2002-09-06,영업,hongdae,,PENDING_REVIEW
3130000-204-2003-00001,미스터 송헤어,salon,일반미용업,미용업,"서울특별시 마포구 동교로 175 (동교동,2층)",서울특별시 마포구 동교동 201-32 2층,023355064,2003-01-08,영업,hongdae,,PENDING_REVIEW
3130000-204-2003-00010,지 헤어샵,salon,일반미용업,미용업,서울특별시 마포구 포은로 48 (합정동),서울특별시 마포구 합정동 434-1,023367885,2003-02-19,영업,hongdae,,PENDING_REVIEW
3130000-204-2003-00096,JK뷰띠크,salon,일반미용업,미용업,서울특별시 마포구 양화로7길 55 (서교동),서울특별시 마포구 서교동 382-21,023321992,2003-12-04,영업,hongdae,,PENDING_REVIEW
3130000-204-2004-00021,풀잎미용실,salon,일반미용업,미용업,서울특별시 마포구 토정로 41 (합정동),서울특별시 마포구 합정동 368-45,023256427,2004-03-25,영업,hongdae,,PENDING_REVIEW
3130000-204-2004-00036,민,salon,일반미용업,미용업,"서울특별시 마포구 연희로 19-1, 지하1층 (동교동)",서울특별시 마포구 동교동 113-81 지하1층 일부,023248657,2004-08-18,영업,hongdae,,PENDING_REVIEW
3130000-204-2004-00057,헤어오클리,salon,일반미용업,미용업,서울특별시 마포구 동교로27길 12 (동교동),서울특별시 마포구 동교동 198-8,0231425512,2004-12-07,영업,hongdae,,PENDING_REVIEW
3130000-204-2005-00032,서연헤어,salon,일반미용업,미용업,"서울특별시 마포구 토정로 148, 1층 (상수동)",서울특별시 마포구 상수동 60-2 1층,31416012,2005-06-10,영업,hongdae,,PENDING_REVIEW
3130000-204-2005-00056,더 컷,salon,일반미용업,미용업,"서울특별시 마포구 와우산로15길 27 (서교동,101호)",서울특별시 마포구 서교동 411-19 101호,03371250,2005-11-23,영업,hongdae,,PENDING_REVIEW
3130000-204-2005-00060,정다연 헤어샾,salon,일반미용업,미용업,"서울특별시 마포구 와우산로23길 9, 칼리오페 2층 204호 (서교동)",서울특별시 마포구 서교동 344-6 칼리오페,023631124,2005-11-18,영업,hongdae,,PENDING_REVIEW
3130000-204-2006-00020,신짱헤어,salon,일반미용업,미용업,서울특별시 마포구 동교로27길 93 (연남동),서울특별시 마포구 연남동 493-14,023375001,2006-03-30,영업,hongdae,,PENDING_REVIEW
3130000-204-2006-00030,전헤어,salon,일반미용업,미용업,"서울특별시 마포구 잔다리로 124-1 (서교동, 1층 일부)",서울특별시 마포구 서교동 457-1 1층 일부,0231413640,2006-05-17,영업,hongdae,,PENDING_REVIEW
3130000-204-2006-00039,준오헤어,salon,일반미용업,미용업,"서울특별시 마포구 홍익로 17 (서교동, 흥부빌딩3층)",서울특별시 마포구 서교동 358-2 흥부빌딩3층,0231420621,2006-08-11,영업,hongdae,juno-hair-garosugil,PENDING_REVIEW
3130000-204-2006-00055,라니헤어,salon,일반미용업,미용업,"서울특별시 마포구 월드컵북로5나길 18, 1층 110호 (서교동, 대우미래사랑)",서울특별시 마포구 서교동 487,023258834,2006-10-11,영업,hongdae,,PENDING_REVIEW
3130000-204-2007-00016,올헤어갤러리,salon,일반미용업,미용업,서울특별시 마포구 잔다리로6길 18 (서교동),서울특별시 마포구 서교동 368-2,0231433149,2007-04-20,영업,hongdae,,PENDING_REVIEW
3130000-204-2007-00027,머리,salon,일반미용업,미용업,서울특별시 마포구 동교로19길 56 (서교동),서울특별시 마포구 서교동 449-7 101호,023337029,2007-06-18,영업,hongdae,,PENDING_REVIEW
3130000-204-2008-00009,김쌤미용실,salon,일반미용업,미용업,"서울특별시 마포구 성미산로 126, 1층 (연남동)",서울특별시 마포구 연남동 509-2,023381015,2008-05-08,영업,hongdae,,PENDING_REVIEW
3130000-204-2008-00013,모즈헤어 프리빌레쥬 서교,salon,일반미용업,미용업,"서울특별시 마포구 동교로 141, MC빌딩 1,2,3층 (서교동)",서울특별시 마포구 서교동 461-24 MC빌딩,023226602,2008-05-19,영업,hongdae,,PENDING_REVIEW
3130000-204-2011-00001,라비(RAVI),salon,일반미용업,미용업,"서울특별시 마포구 양화로 100, 2층 (서교동)",서울특별시 마포구 서교동 372-1,023250401,2011-03-24,영업,hongdae,,PENDING_REVIEW
3130000-204-2012-00001,메이크어노이즈(MAKE A NOISE),salon,일반미용업,미용업,"서울특별시 마포구 동교로 181-7 (동교동, 1층)",서울특별시 마포구 동교동 201-39 1층,023326117,2012-09-28,영업,hongdae,,PENDING_REVIEW
3130000-204-2012-00003,더 헤어샵,salon,일반미용업,미용업,서울특별시 마포구 독막로3길 24-10 (서교동),서울특별시 마포구 서교동 396-27 지하 비호,07081530320,2012-10-17,영업,hongdae,,PENDING_REVIEW
3130000-211-1994-00001,샬롬미용실,salon,일반미용업,일반미용업,"서울특별시 마포구 와우산로29길 9, 1층 3호 (서교동)",서울특별시 마포구 서교동 337-1 1층 3호,023636452,1994-06-03,영업,hongdae,,PENDING_REVIEW
3130000-211-1994-00003,준오헤어홍대연남점,salon,일반미용업,일반미용업,"서울특별시 마포구 양화로 196, 동성빌딩 1층 (동교동)","서울특별시 마포구 동교동 173-16 동성빌딩, 1층",023644970,1994-08-09,영업,hongdae,,PENDING_REVIEW
3130000-211-2008-00015,시에나,salon,일반미용업,일반미용업,"서울특별시 마포구 양화로1길 58, 101호 (합정동, 미성드림빌)",서울특별시 마포구 합정동 389-19 미성드림빌 101호,,2008-10-28,영업,hongdae,,PENDING_REVIEW
3130000-211-2009-00009,양리헤어,salon,일반미용업,일반미용업,"서울특별시 마포구 동교로23길 14, 1층 (동교동)",서울특별시 마포구 동교동 201-16 1층,0264068034,2009-02-17,영업,hongdae,,PENDING_REVIEW
3130000-211-2009-00043,수미용실,salon,일반미용업,일반미용업,"서울특별시 마포구 포은로 44 (합정동,1층)",서울특별시 마포구 합정동 434-7 1층,023370325,2009-06-08,영업,hongdae,,PENDING_REVIEW
3130000-211-2009-00079,김미경헤어,salon,일반미용업,일반미용업,"서울특별시 마포구 독막로8길 29, 1층 (합정동)",서울특별시 마포구 합정동 358-15 1층,0231416660,2009-09-21,영업,hongdae,,PENDING_REVIEW
3130000-211-2009-00110,마실헤어 홍대점,salon,일반미용업,일반미용업,"서울특별시 마포구 와우산로21길 19-8, 태경빌딩 3층 (서교동)",서울특별시 마포구 서교동 364-2 태경빌딩 3층,023249421,2009-12-31,영업,hongdae,,PENDING_REVIEW
3130000-211-2010-00011,탄포포헤어,salon,일반미용업,일반미용업,"서울특별시 마포구 양화로7길 6-5, 2동 1층 101호 (서교동, 와와빌딩)",서울특별시 마포구 서교동 391-18 2동 101호,0203331986,2010-03-12,영업,hongdae,,PENDING_REVIEW
3130000-211-2010-00021,모즈헤어 아뜰리에점,salon,일반미용업,일반미용업,"서울특별시 마포구 월드컵북로4길 20, 1층 (동교동)",서울특별시 마포구 동교동 201-25 1층 전체,0203236602,2010-04-16,영업,hongdae,,PENDING_REVIEW
3130000-211-2010-00039,소피아헤어,salon,일반미용업,일반미용업,"서울특별시 마포구 잔다리로3길 31 (서교동,(1층))",서울특별시 마포구 서교동 395-135 (1층),023355012,2010-07-26,영업,hongdae,,PENDING_REVIEW
3130000-211-2010-00043,미니샵 붙임머리,salon,일반미용업,일반미용업,"서울특별시 마포구 와우산로11길 9-8, 3층 (상수동)",서울특별시 마포구 상수동 93-107 3층 전체,07075614601,2010-08-19,영업,hongdae,,PENDING_REVIEW
3130000-211-2010-00046,박승철헤어 스투디오 홍대점,salon,일반미용업,일반미용업,"서울특별시 마포구 어울마당로 135, 3층 (동교동)",서울특별시 마포구 동교동 164-2,023242522,2010-09-06,영업,hongdae,,PENDING_REVIEW
3130000-211-2010-00065,팜므J,salon,일반미용업,일반미용업,"서울특별시 마포구 독막로3길 6, 2층 (합정동)",서울특별시 마포구 합정동 412-29 2층,023322587,2010-11-17,영업,hongdae,,PENDING_REVIEW
3130000-211-2010-00067,soonsikihair순시키헤어,salon,일반미용업,일반미용업,"서울특별시 마포구 와우산로21길 29, 석전빌딩 4층 (서교동)",서울특별시 마포구 서교동 364-31 석전빌딩 4층,023265982,2010-12-01,영업,hongdae,,PENDING_REVIEW
3130000-211-2011-00001,샤미즈,salon,일반미용업,일반미용업,"서울특별시 마포구 토정로4길 21, 소담 1층 (합정동)",서울특별시 마포구 합정동 79-4,0203228147,2011-01-07,영업,hongdae,,PENDING_REVIEW
3130000-211-2011-00024,씨저씨스터,salon,일반미용업,일반미용업,"서울특별시 마포구 어울마당로5길 4 (서교동,(2층))",서울특별시 마포구 서교동 403-11 (2층),023384888,2011-05-12,영업,hongdae,,PENDING_REVIEW
3130000-211-2011-00027,헤어드헤레나,salon,일반미용업,일반미용업,"서울특별시 마포구 양화로 72, 효성해링턴타워 101동 1층 138호 (서교동)",서울특별시 마포구 서교동 494 101동 1층 138호 전체,023380234,2011-05-17,영업,hongdae,,PENDING_REVIEW
3130000-211-2011-00030,지모헤어 홍대점,salon,일반미용업,일반미용업,"서울특별시 마포구 와우산로23길 9 (서교동,(301호))",서울특별시 마포구 서교동 344-6 (301호),0231422562,2011-06-03,영업,hongdae,,PENDING_REVIEW
3130000-211-2011-00034,장싸롱,salon,일반미용업,일반미용업,"서울특별시 마포구 와우산로3길 31 (상수동,1층)",서울특별시 마포구 상수동 337-6 1층,0260854264,2011-06-24,영업,hongdae,,PENDING_REVIEW
3130000-211-2011-00046,더 지오,salon,일반미용업,일반미용업,"서울특별시 마포구 월드컵로1길 14, 201호 (합정동, 마포 한강푸르지오)",서울특별시 마포구 합정동 472 마포 한강푸르지오 201호,0262911543,2011-08-16,영업,hongdae,,PENDING_REVIEW
3130000-211-2011-00059,초이미용실,salon,일반미용업,일반미용업,"서울특별시 마포구 홍익로 10, 101동 지하1층 지135호 (서교동, 서교푸르지오)",서울특별시 마포구 서교동 486 서교푸르지오 101동 지하1층 지135호 전체,023379631,2011-10-07,영업,hongdae,,PENDING_REVIEW
3130000-211-2011-00063,세마헤어,salon,일반미용업,일반미용업,"서울특별시 마포구 양화로18안길 22, B&J빌딩 3층 (동교동)",서울특별시 마포구 동교동 169-22 외 1필지(169-23) B&J빌딩 3층 전체,023336777,2011-10-26,영업,hongdae,,PENDING_REVIEW
3130000-211-2011-00080,미누(Minou),salon,일반미용업,일반미용업,"서울특별시 마포구 동교로38길 30, 4층 (연남동)",서울특별시 마포구 연남동 382-27,,2011-05-09,영업,hongdae,,PENDING_REVIEW
3130000-211-2012-00014,메르시헤어,salon,일반미용업,일반미용업,"서울특별시 마포구 어울마당로1길 21 (합정동, (1층))",서울특별시 마포구 합정동 358-10 (1층),023223210,2012-03-05,영업,hongdae,,PENDING_REVIEW
3130000-211-2012-00027,아띠제헤어,salon,일반미용업,일반미용업,서울특별시 마포구 월드컵북로5길 16 (서교동),서울특별시 마포구 서교동 449-39 (1층),0203250504,2012-05-29,영업,hongdae,,PENDING_REVIEW
3130000-211-2012-00036,에스샵,salon,일반미용업,일반미용업,"서울특별시 마포구 월드컵로14길 10 (서교동, 1층)",서울특별시 마포구 서교동 475-15 (1층),023220444,2012-06-20,영업,hongdae,,PENDING_REVIEW
3130000-211-2012-00048,달콤한게으름,salon,일반미용업,일반미용업,"서울특별시 마포구 양화로 72, 135,136호 (서교동, 서교동 효성 해링턴 타워)",서울특별시 마포구 서교동 494 서교동 효성 해링턴 타워 135호 136호,023223037,2012-08-13,영업,hongdae,,PENDING_REVIEW
3130000-211-2012-00051,이철헤어커커합정점,salon,일반미용업,일반미용업,서울특별시 마포구 독막로3길 27 (서교동),서울특별시 마포구 서교동 395-29,023262326,2012-08-27,영업,hongdae,,PENDING_REVIEW
3130000-211-2012-00053,헤어디자인모습 홍대점,salon,일반미용업,일반미용업,"서울특별시 마포구 동교로 153, 지하1층~지상2층 (서교동)",서울특별시 마포구 서교동 446-12 지하1층~지상2층(전체),023327004,2012-08-27,영업,hongdae,,PENDING_REVIEW
3130000-211-2012-00054,준오헤어,salon,일반미용업,일반미용업,"서울특별시 마포구 양화로 45 (서교동, 메세나폴리스몰 지하1층B08,B09,B10호)","서울특별시 마포구 서교동 490 메세나폴리스몰 지하1층B08,B09,B10호",0231416050,2012-09-04,영업,hongdae,juno-hair-garosugil,PENDING_REVIEW
3130000-211-2012-00061,이가자미용실,salon,일반미용업,일반미용업,"서울특별시 마포구 독막로7길 63, 2층 (서교동)",서울특별시 마포구 서교동 395-18 2층,023360077,2012-10-23,영업,hongdae,,PENDING_REVIEW
3130000-211-2012-00066,이경민foret(홍대점),salon,일반미용업,일반미용업,"서울특별시 마포구 월드컵로5길 10, 2층 (합정동)",서울특별시 마포구 합정동 426-12,023377444,2012-11-08,영업,hongdae,,PENDING_REVIEW
3130000-211-2012-00078,라이언스타일(Ryan style),salon,일반미용업,일반미용업,서울특별시 마포구 신촌로2안길 2 (동교동),서울특별시 마포구 동교동 176-13 세아빌딩 2층,023323535,2012-12-24,영업,hongdae,,PENDING_REVIEW
3130000-211-2012-00083,보니따헤어,salon,일반미용업,일반미용업,"서울특별시 마포구 연남로5길 6, 1층 101호 (연남동)",서울특별시 마포구 연남동 509-23 1층 101호,028329888,2012-11-07,영업,hongdae,,PENDING_REVIEW
3130000-211-2012-00085,서교동 헤어살롱B,salon,일반미용업,일반미용업,"서울특별시 마포구 잔다리로 111 (서교동, (1층))",서울특별시 마포구 서교동 468-3 (1층),023362700,2012-02-20,영업,hongdae,,PENDING_REVIEW
3130000-211-2013-00003,무어,salon,일반미용업,일반미용업,서울특별시 마포구 성미산로26길 43 (연남동),서울특별시 마포구 연남동 257-8 103호,0231422994,2013-01-17,영업,hongdae,,PENDING_REVIEW
3130000-211-2013-00014,켄지 스타일(Kenzi Style),salon,일반미용업,일반미용업,"서울특별시 마포구 와우산로21길 31, 5층 (서교동)",서울특별시 마포구 서교동 364-26,0231447233,2013-02-20,영업,hongdae,,PENDING_REVIEW
3130000-211-2013-00022,낭만살롱,salon,일반미용업,일반미용업,"서울특별시 마포구 와우산로29길 27, 2층 201호 (서교동)",서울특별시 마포구 서교동 335-4 2층 201호,,2013-03-18,영업,hongdae,,PENDING_REVIEW
3130000-211-2013-00032,레지나다정미용실,salon,일반미용업,일반미용업,"서울특별시 마포구 성지3길 42-6, 201호 (합정동)",서울특별시 마포구 합정동 367-35 201호,023242317,2013-04-23,영업,hongdae,,PENDING_REVIEW
3130000-211-2013-00036,헤어큐브,salon,일반미용업,일반미용업,"서울특별시 마포구 동교로 162-10, 1층 (서교동)",서울특별시 마포구 서교동 351-11 1층,023226744,2013-05-27,영업,hongdae,,PENDING_REVIEW
3130000-211-2013-00046,문싸롱,salon,일반미용업,일반미용업,"서울특별시 마포구 동교로 220-5, 2층 우측호 (동교동)",서울특별시 마포구 동교동 152-27 2층 우측호,0232751002,2013-08-01,영업,hongdae,,PENDING_REVIEW
3130000-211-2013-00055,피움,salon,일반미용업,일반미용업,"서울특별시 마포구 독막로 2, 1층 (합정동)",서울특별시 마포구 합정동 373-17 1층,07076923499,2013-08-30,영업,hongdae,,PENDING_REVIEW
3130000-211-2013-00056,헤어살롱아뜨리에,salon,일반미용업,일반미용업,"서울특별시 마포구 와우산로29길 63, JMG빌딩 2층 (엘리베이터 내려서 우측)호 (서교동)",서울특별시 마포구 서교동 332-3 JMG빌딩,023350056,2013-08-30,영업,hongdae,,PENDING_REVIEW
3130000-211-2013-00065,본,salon,일반미용업,일반미용업,"서울특별시 마포구 독막로15길 3-13, 4층 401호 (상수동)",서울특별시 마포구 상수동 314-3,023865221,2013-10-08,영업,hongdae,myeongdong-skinspa,PENDING_REVIEW
3130000-211-2013-00078,이수니헤어,salon,일반미용업,일반미용업,서울특별시 마포구 양화로23길 10 (동교동),서울특별시 마포구 동교동 147-16,07041372721,2013-11-19,영업,hongdae,,PENDING_REVIEW
3130000-211-2013-00079,하루헤어,salon,일반미용업,일반미용업,"서울특별시 마포구 어울마당로5길 36 (서교동, 삼성빌딩2층)",서울특별시 마포구 서교동 398-8 삼성빌딩2층,023330503,2013-11-20,영업,hongdae,,PENDING_REVIEW
3130000-211-2013-00091,가온,salon,일반미용업,일반미용업,서울특별시 마포구 월드컵로7길 13 (합정동),서울특별시 마포구 합정동 426-23 101호,023375677,2013-12-11,영업,hongdae,,PENDING_REVIEW
3130000-211-2013-00093,바이이연,salon,일반미용업,일반미용업,"서울특별시 마포구 와우산로23길 42, 2층 (서교동)",서울특별시 마포구 서교동 346-33 2층,023337887,2013-12-27,영업,hongdae,,PENDING_REVIEW
3130000-211-2013-00095,카멜레온,salon,일반미용업,일반미용업,"서울특별시 마포구 양화로18안길 12, 5층 502호 (동교동)",서울특별시 마포구 동교동 169-17,07040284649,2013-10-04,영업,hongdae,,PENDING_REVIEW
3130000-211-2013-00097,살롱드아론,salon,일반미용업,일반미용업,"서울특별시 마포구 포은로 25, 1층 (합정동)",서울특별시 마포구 합정동 395-4 1층일부,028761379,2013-02-05,영업,hongdae,,PENDING_REVIEW
3130000-211-2013-00098,어바웃9 홍대입구 본점,salon,일반미용업,일반미용업,"서울특별시 마포구 홍익로 9-1, 2층 (서교동)",서울특별시 마포구 서교동 358-151,,2013-10-14,영업,hongdae,,PENDING_REVIEW
3130000-211-2014-00018,마스터피스(Masterpiece),salon,일반미용업,일반미용업,"서울특별시 마포구 성미산로29길 40-18, Plan M 3층 (연남동)",서울특별시 마포구 연남동 241-41 Plan M,023323198,2014-04-02,영업,hongdae,,PENDING_REVIEW
3130000-211-2014-00029,카이정헤어 마포서교점,salon,일반미용업,일반미용업,"서울특별시 마포구 잔다리로 48, 1층 (서교동)",서울특별시 마포구 서교동 372-2,023049055,2014-05-13,영업,hongdae,,PENDING_REVIEW
3130000-211-2014-00049,로얄 살롱,salon,일반미용업,일반미용업,"서울특별시 마포구 와우산로29바길 19, 삼이빌딩 2층 (서교동)",서울특별시 마포구 서교동 332-15 삼이빌딩,0263483535,2014-07-24,영업,hongdae,,PENDING_REVIEW
3130000-211-2014-00055,제제,salon,일반미용업,일반미용업,"서울특별시 마포구 양화로18길 15, 3층 (동교동)",서울특별시 마포구 동교동 169-14,023374782,2014-08-22,영업,hongdae,,PENDING_REVIEW
3130000-211-2014-00068,헤어샵 예예(hairshop YeYe),salon,일반미용업,일반미용업,"서울특별시 마포구 양화로6길 57-22, 2층 (서교동)",서울특별시 마포구 서교동 399-26 2층 전체,0231423223,2014-10-02,영업,hongdae,,PENDING_REVIEW
3130000-211-2014-00071,136524 유니크(Unique),salon,일반미용업,일반미용업,"서울특별시 마포구 와우산로18길 12, 5층 (서교동)",서울특별시 마포구 서교동 360-21,,2014-10-08,영업,hongdae,,PENDING_REVIEW
3130000-211-2014-00082,마르떼헤어,salon,일반미용업,일반미용업,"서울특별시 마포구 독막로20나길 21, 상가동 1층 107호 (상수동, 래미안 밤섬 리베뉴Ⅱ)",서울특별시 마포구 상수동 398 래미안 밤섬 리베뉴Ⅱ 상가 1층 107호 전체,023233445,2014-11-07,영업,hongdae,,PENDING_REVIEW
3130000-211-2014-00084,어베일헤어드레싱,salon,일반미용업,일반미용업,"서울특별시 마포구 독막로20나길 21, 101호 (상수동)",서울특별시 마포구 상수동 398-101 삼성래미안아파트단지내상가,0264155775,2014-11-10,영업,hongdae,,PENDING_REVIEW
3130000-211-2014-00088,어반 헤어스타일러,salon,일반미용업,일반미용업,"서울특별시 마포구 양화로6길 18, B동 2층 2-B호 (합정동)",서울특별시 마포구 합정동 413-27,0271536703,2014-11-27,영업,hongdae,,PENDING_REVIEW
3130000-211-2014-00090,새벽,salon,일반미용업,일반미용업,"서울특별시 마포구 잔다리로6길 20-12, 1,2,3층 (서교동)",서울특별시 마포구 서교동 368-14,,2014-12-02,영업,hongdae,,PENDING_REVIEW
3130000-211-2015-00001,코브,salon,일반미용업,일반미용업,"서울특별시 마포구 양화로11길 50, 3층 (서교동)",서울특별시 마포구 서교동 384-3,,2015-01-05,영업,hongdae,,PENDING_REVIEW
3130000-211-2015-00008,라망데듀,salon,일반미용업,일반미용업,"서울특별시 마포구 독막로18길 31, 1층 (상수동)",서울특별시 마포구 상수동 331-9,023235879,2015-01-14,영업,hongdae,,PENDING_REVIEW
3130000-211-2015-00017,미미헤어,salon,일반미용업,일반미용업,"서울특별시 마포구 연남로3길 81, 1층 101호 (연남동, 도화엘리시아)",서울특별시 마포구 연남동 564-25 도화엘리시아,,2015-02-02,영업,hongdae,,PENDING_REVIEW
3130000-211-2015-00018,헤어블러썸,salon,일반미용업,일반미용업,"서울특별시 마포구 잔다리로 71, 아내뜨빌딩 1층 102-1호 (서교동)",서울특별시 마포구 서교동 466-19 아내뜨빌딩,0231419779,2015-02-04,영업,hongdae,,PENDING_REVIEW
3130000-211-2015-00023,오버마운트(OVERMOUNT),salon,일반미용업,일반미용업,"서울특별시 마포구 월드컵로16길 9, 1층,2층 (서교동)","서울특별시 마포구 서교동 438-22 1층, 2층",023345858,2015-02-17,영업,hongdae,,PENDING_REVIEW
3130000-211-2015-00030,봄오후2시,salon,일반미용업,일반미용업,"서울특별시 마포구 동교로25길 7, 2층 (동교동)",서울특별시 마포구 동교동 201-10,023338662,2015-02-25,영업,hongdae,,PENDING_REVIEW
3130000-211-2015-00031,조경미 헤어샵,salon,일반미용업,일반미용업,"서울특별시 마포구 성미산로6길 49, 1층 102호 (서교동)",서울특별시 마포구 서교동 473-24,,2015-02-25,영업,hongdae,,PENDING_REVIEW
3130000-211-2015-00036,메이헤어,salon,일반미용업,일반미용업,"서울특별시 마포구 연남로 42, 비동 104호 (연남동, 코오롱아파트상가)",서울특별시 마포구 연남동 573-1,023329770,2015-03-05,영업,hongdae,,PENDING_REVIEW
3130000-211-2015-00039,씨에이치오피헤어비올라지점,salon,일반미용업,일반미용업,"서울특별시 마포구 어울마당로 51-1, 2,3층 (서교동)",서울특별시 마포구 서교동 403-3,023380709,2015-03-18,영업,hongdae,,PENDING_REVIEW
3130000-211-2015-00042,핀다,salon,일반미용업,일반미용업,"서울특별시 마포구 양화로3길 95, 101호 (합정동)",서울특별시 마포구 합정동 428-55,,2015-03-24,영업,hongdae,,PENDING_REVIEW
3130000-211-2015-00044,호시헤어,salon,일반미용업,일반미용업,"서울특별시 마포구 잔다리로6길 23, 3층 (서교동)",서울특별시 마포구 서교동 369-26,,2015-03-27,영업,hongdae,,PENDING_REVIEW
3130000-211-2015-00048,비에이헤어,salon,일반미용업,일반미용업,"서울특별시 마포구 독막로 67-8, 3층 (상수동)",서울특별시 마포구 상수동 316-11,0231441716,2015-04-01,영업,hongdae,,PENDING_REVIEW
3130000-211-2015-00061,홈리,salon,일반미용업,일반미용업,"서울특별시 마포구 토정로 17-9, 지하1층~1층 (합정동)","서울특별시 마포구 합정동 369-38 , 지하1층~1층",023367733,2015-05-04,영업,hongdae,,PENDING_REVIEW
3130000-211-2015-00071,준오헤어,salon,일반미용업,일반미용업,"서울특별시 마포구 와우산로 79, 201호 (서교동, 중산빌딩 )",서울특별시 마포구 서교동 362-4,023321605,2015-05-28,영업,hongdae,juno-hair-garosugil,PENDING_REVIEW
3130000-211-2015-00078,오유,salon,일반미용업,일반미용업,서울특별시 마포구 양화로11길 24 (서교동),서울특별시 마포구 서교동 380-16,023362777,2015-06-16,영업,hongdae,you-hair-salon-seongsu,PENDING_REVIEW
3130000-211-2015-00080,에떼르넬 헤어살롱 사옥점,salon,일반미용업,일반미용업,"서울특별시 마포구 양화진2길 16, 1,2층 (합정동)",서울특별시 마포구 합정동 380-20,023238978,2015-06-24,영업,hongdae,,PENDING_REVIEW
3130000-211-2015-00089,봉봉헤어살롱,salon,일반미용업,일반미용업,서울특별시 마포구 와우산로 51-23 (상수동),서울특별시 마포구 상수동 92-10,,2015-07-20,영업,hongdae,,PENDING_REVIEW
3130000-211-2015-00090,아모모,salon,일반미용업,일반미용업,"서울특별시 마포구 독막로 67-13, 5층 (상수동)",서울특별시 마포구 상수동 317-1 5층 전체,0231447808,2015-07-21,영업,hongdae,,PENDING_REVIEW
3130000-211-2015-00108,연남부띠끄,salon,일반미용업,일반미용업,"서울특별시 마포구 연남로7길 4, 1층 (연남동)",서울특별시 마포구 연남동 366-15,,2015-09-30,영업,hongdae,,PENDING_REVIEW
3130000-211-2015-00109,H 헤어,salon,일반미용업,일반미용업,"서울특별시 마포구 월드컵북로5길 65, 1층 (서교동)",서울특별시 마포구 서교동 459-2,023324190,2015-10-02,영업,hongdae,,PENDING_REVIEW
3130000-211-2015-00112,살리고헤어살롱,salon,일반미용업,일반미용업,"서울특별시 마포구 독막로 37, 1층 (합정동)",서울특별시 마포구 합정동 412-12,023335429,2015-10-19,영업,hongdae,,PENDING_REVIEW
3130000-211-2015-00114,Sunny 헤어,salon,일반미용업,일반미용업,"서울특별시 마포구 독막로 98, 상가동 104호 (상수동, 두산위브아파트)",서울특별시 마포구 상수동 396,023242887,2015-10-28,영업,hongdae,,PENDING_REVIEW
3130000-211-2015-00132,헤어 더 봄에,salon,일반미용업,일반미용업,"서울특별시 마포구 월드컵로20길 6, 2층 (서교동)",서울특별시 마포구 서교동 5-3 2층 전체,023542225,2015-02-23,영업,hongdae,,PENDING_REVIEW
3130000-211-2015-00137,어리틀빗 합정본점,salon,일반미용업,일반미용업,"서울특별시 마포구 양화로11길 14-10, 1층 101호 (서교동)",서울특별시 마포구 서교동 378-16 1층 101호 전체,,2015-08-18,영업,hongdae,,PENDING_REVIEW
3130000-211-2016-00033,진우헤어,salon,일반미용업,일반미용업,"서울특별시 마포구 독막로 28, 1층 (합정동)",서울특별시 마포구 합정동 363-15 1층,0263470471,2016-06-01,영업,hongdae,,PENDING_REVIEW
3130000-211-2016-00050,운학살롱,salon,일반미용업,일반미용업,"서울특별시 마포구 월드컵북로8길 50, 1층 101호 (연남동)",서울특별시 마포구 연남동 493-44,,2016-07-19,영업,hongdae,,PENDING_REVIEW
3130000-211-2016-00058,LADINO(라지노),salon,일반미용업,일반미용업,"서울특별시 마포구 양화로12길 6, 1층 (서교동)",서울특별시 마포구 서교동 395-152,023364960,2016-08-29,영업,hongdae,,PENDING_REVIEW
3130000-211-2016-00059,CUTTING POINT,salon,일반미용업,일반미용업,"서울특별시 마포구 신촌로4길 22-20, 2층 (동교동)",서울특별시 마포구 동교동 176-11 2층,023327920,2016-08-30,영업,hongdae,,PENDING_REVIEW
3130000-211-2016-00063,마브로(MABRO),salon,일반미용업,일반미용업,"서울특별시 마포구 와우산로29길 48-29, 2층 (서교동)",서울특별시 마포구 서교동 330-3 2층,,2016-09-12,영업,hongdae,,PENDING_REVIEW
3130000-211-2016-00068,폴그린(fall green),salon,일반미용업,일반미용업,"서울특별시 마포구 성미산로29안길 11, 2층 (연남동)",서울특별시 마포구 연남동 241-23 2층,023366545,2016-09-28,영업,hongdae,,PENDING_REVIEW
3130000-211-2016-00075,살롱드 혜윰,salon,일반미용업,일반미용업,"서울특별시 마포구 홍익로6길 18, 2층 (동교동)",서울특별시 마포구 동교동 163-21 2층 전체,,2016-10-27,영업,hongdae,,PENDING_REVIEW
3130000-211-2016-00082,블랭크유 홍대점,salon,일반미용업,일반미용업,"서울특별시 마포구 잔다리로3길 29, 1층 (서교동)",서울특별시 마포구 서교동 395-134,023325255,2016-11-14,영업,hongdae,,PENDING_REVIEW
3130000-211-2016-00088,최가을 헤어드레서,salon,일반미용업,일반미용업,"서울특별시 마포구 양화로 52, 2층 (서교동)",서울특별시 마포구 서교동 394-27 2층,023265678,2016-11-29,영업,hongdae,,PENDING_REVIEW
3130000-211-2016-00093,모즈헤어 망원역점,salon,일반미용업,일반미용업,"서울특별시 마포구 월드컵로14길 25, 1층 (서교동)",서울특별시 마포구 서교동 473-26 1층,023258889,2016-12-06,영업,hongdae,,PENDING_REVIEW
3130000-211-2016-00095,레미샵 홍대붙임머리,salon,일반미용업,일반미용업,"서울특별시 마포구 성지1길 12, 2층 (합정동)",서울특별시 마포구 합정동 372-32,023330055,2016-12-14,영업,hongdae,,PENDING_REVIEW
3130000-211-2016-00099,연희살롱,salon,일반미용업,일반미용업,"서울특별시 마포구 동교로51길 73-1, 1층 (연남동)",서울특별시 마포구 연남동 241-4 1층,023223249,2016-02-01,영업,hongdae,,PENDING_REVIEW
3130000-211-2017-00002,더 크라운 헤어,salon,일반미용업,일반미용업,"서울특별시 마포구 동교로12안길 24, 2층 (서교동)",서울특별시 마포구 서교동 484-35 2층,023360565,2017-01-09,영업,hongdae,,PENDING_REVIEW
3130000-211-2017-00006,리츠 앤 라피네,salon,일반미용업,일반미용업,"서울특별시 마포구 성지길 25-11, 1층 (합정동)",서울특별시 마포구 합정동 372-28 1층,023365433,2017-02-08,영업,hongdae,,PENDING_REVIEW
3130000-211-2017-00010,7 P,salon,일반미용업,일반미용업,"서울특별시 마포구 독막로 33, 1층 (합정동, 좌측)",서울특별시 마포구 합정동 412-22,,2017-02-24,영업,hongdae,,PENDING_REVIEW
3130000-211-2017-00011,보그헤어 상수역점,salon,일반미용업,일반미용업,"서울특별시 마포구 와우산로 44, 2층 (상수동)",서울특별시 마포구 상수동 143-29 2층,023368854,2017-02-27,영업,hongdae,,PENDING_REVIEW
3130000-211-2017-00012,유니크 바이 합정점,salon,일반미용업,일반미용업,"서울특별시 마포구 양화로3길 55, 어반 오아시스 3층 302호 (합정동)",서울특별시 마포구 합정동 386-37 어반 오아시스 302호,023365255,2017-02-28,영업,hongdae,,PENDING_REVIEW
3130000-211-2017-00020,아름다운 작업장,salon,일반미용업,일반미용업,"서울특별시 마포구 월드컵북로7길 61, 지층 (서교동)",서울특별시 마포구 서교동 454-4,023243241,2017-03-16,영업,hongdae,,PENDING_REVIEW
3130000-211-2017-00028,루스트(roost),salon,일반미용업,일반미용업,"서울특별시 마포구 동교로41길 31, 1층 (연남동)",서울특별시 마포구 연남동 254-8 1층,0263982365,2017-04-13,영업,hongdae,,PENDING_REVIEW
3130000-211-2017-00036,master hand 마스터 핸드,salon,일반미용업,일반미용업,"서울특별시 마포구 월드컵로3길 59, 1층 (합정동)",서울특별시 마포구 합정동 393-24 1층,0260150952,2017-05-11,영업,hongdae,,PENDING_REVIEW
3130000-211-2017-00040,SLEEK HAIR SALON,salon,일반미용업,일반미용업,"서울특별시 마포구 양화로11길 31, 지층 우측호 (서교동)",서울특별시 마포구 서교동 391-8 지층 우측호,023385238,2017-05-23,영업,hongdae,,PENDING_REVIEW
3130000-211-2017-00044,MAMO SIDE(마모사이드),salon,일반미용업,일반미용업,"서울특별시 마포구 신촌로4길 5-19, 101호 (동교동)",서울특별시 마포구 동교동 179-19 101호,,2017-05-29,영업,hongdae,,PENDING_REVIEW
3130000-211-2017-00048,앤아트헤어살롱,salon,일반미용업,일반미용업,"서울특별시 마포구 양화로 78-16, 1층 (서교동)",서울특별시 마포구 서교동 395-164 1층,023323911,2017-06-26,영업,hongdae,,PENDING_REVIEW
3130000-211-2017-00054,예사붙임머리 홍대본점,salon,일반미용업,일반미용업,"서울특별시 마포구 와우산로27길 42, 2층 (서교동)",서울특별시 마포구 서교동 333-21 2층,023347271,2017-07-11,영업,hongdae,,PENDING_REVIEW
3130000-211-2017-00055,여우짓붙임머리,salon,일반미용업,일반미용업,"서울특별시 마포구 양화로6길 80, 2층 (합정동)",서울특별시 마포구 합정동 411-1 2층,023361775,2017-07-12,영업,hongdae,,PENDING_REVIEW
3130000-211-2017-00057,신승원컷앤컷 홍대 붙임머리,salon,일반미용업,일반미용업,"서울특별시 마포구 와우산로27길 56, 나동 2층 (서교동)",서울특별시 마포구 서교동 332-14 2층 나동,023367887,2017-07-17,영업,hongdae,,PENDING_REVIEW
3130000-211-2017-00058,헤어라운지,salon,일반미용업,일반미용업,"서울특별시 마포구 독막로7길 6, 3층 (합정동)",서울특별시 마포구 합정동 410-12 3층,023386002,2017-07-17,영업,hongdae,,PENDING_REVIEW
3130000-211-2017-00066,Bello hair,salon,일반미용업,일반미용업,"서울특별시 마포구 독막로15길 3-3, 101호 (상수동)",서울특별시 마포구 상수동 315-3 101호,023356940,2017-08-01,영업,hongdae,,PENDING_REVIEW
3130000-211-2017-00067,퍼디언폴드(PURDY UNFOLD),salon,일반미용업,일반미용업,"서울특별시 마포구 양화로7길 4-13, 지층 (서교동)",서울특별시 마포구 서교동 392-31 지층,023365583,2017-08-09,영업,hongdae,,PENDING_REVIEW
3130000-211-2017-00070,웰킨 앤 솔랩,salon,일반미용업,일반미용업,"서울특별시 마포구 양화로8길 16-18, 1층일부, 2층 (서교동, 코비스타)",서울특별시 마포구 서교동 394-73 코비스타,023325990,2017-08-22,영업,hongdae,,PENDING_REVIEW
3130000-211-2017-00079,이끼헤어,salon,일반미용업,일반미용업,"서울특별시 마포구 와우산로32길 31-6, 3층 (동교동)",서울특별시 마포구 동교동 188-24 3층,0231435040,2017-09-14,영업,hongdae,,PENDING_REVIEW
3130000-211-2017-00084,낯꽃피다,salon,일반미용업,일반미용업,"서울특별시 마포구 양화로7길 6-5, 1동 2층 (서교동)",서울특별시 마포구 서교동 391-18 2층,023363320,2017-09-20,영업,hongdae,,PENDING_REVIEW
3130000-211-2017-00086,플랜에이치(Plan H),salon,일반미용업,일반미용업,"서울특별시 마포구 월드컵북로4길 37, 1층 (동교동, 마로빌딩)",서울특별시 마포구 동교동 203-8 마포빌딩 1층,0231440264,2017-09-22,영업,hongdae,,PENDING_REVIEW
3130000-211-2017-00087,살롱드제니(Salon de JENNY),salon,일반미용업,일반미용업,"서울특별시 마포구 와우산로29바길 16, 2층 (서교동)",서울특별시 마포구 서교동 331-7,023327918,2017-09-25,영업,hongdae,,PENDING_REVIEW
3130000-211-2017-00096,페코르마,salon,일반미용업,일반미용업,"서울특별시 마포구 동교로 210, 태전빌딩 2층 (동교동)",서울특별시 마포구 동교동 153-33 태전빌딩,023329397,2017-10-27,영업,hongdae,,PENDING_REVIEW
3130000-211-2017-00097,오롯이빛나는,salon,일반미용업,일반미용업,"서울특별시 마포구 독막로 45, 2층 (합정동)",서울특별시 마포구 합정동 411-18 2층,0263140202,2017-10-31,영업,hongdae,,PENDING_REVIEW
3130000-211-2017-00099,헤어소소 연남점,salon,일반미용업,일반미용업,"서울특별시 마포구 연남로 45, 1층 104호 (연남동)",서울특별시 마포구 연남동 369-20,023243244,2017-11-09,영업,hongdae,,PENDING_REVIEW
3130000-211-2017-00103,준오헤어,salon,일반미용업,일반미용업,"서울특별시 마포구 양화로 175, 201호 (동교동, 마젤란21 오피스텔)",서울특별시 마포구 동교동 156-2 마젤란21 오피스텔 201호,0231416050,2017-11-15,영업,hongdae,juno-hair-garosugil,PENDING_REVIEW
3130000-211-2017-00111,라비(La Vie),salon,일반미용업,일반미용업,"서울특별시 마포구 와우산로29길 66, 2층 (서교동)",서울특별시 마포구 서교동 330-16 2층,,2017-12-06,영업,hongdae,,PENDING_REVIEW
3130000-211-2017-00112,홍대샾,salon,일반미용업,일반미용업,"서울특별시 마포구 와우산로23길 9, 칼리오페 2층 203호 (서교동)",서울특별시 마포구 서교동 344-6 칼리오페 2층 203호,023340740,2017-12-11,영업,hongdae,,PENDING_REVIEW
3130000-211-2017-00113,합정미용실 롱롱 위캔드,salon,일반미용업,일반미용업,"서울특별시 마포구 독막로8길 21, 2층 (합정동)",서울특별시 마포구 합정동 355-14 2층,023369979,2017-12-14,영업,hongdae,,PENDING_REVIEW
3130000-211-2017-00120,무제헤어 홍대본점,salon,일반미용업,일반미용업,"서울특별시 마포구 잔다리로3안길 17, 1~2층 (서교동)",서울특별시 마포구 서교동 395-110 1~2층 전체,,2017-09-21,영업,hongdae,,PENDING_REVIEW
3130000-211-2018-00007,임애수헤어라인,salon,일반미용업,일반미용업,"서울특별시 마포구 동교로23길 84, 1층 (연남동)",서울특별시 마포구 연남동 487-137 1층,023335292,2018-01-25,영업,hongdae,,PENDING_REVIEW
3130000-211-2018-00013,앤헤어,salon,일반미용업,일반미용업,"서울특별시 마포구 동교로38안길 13, 2층 (연남동)",서울특별시 마포구 연남동 390-64 2층,023227408,2018-02-12,영업,hongdae,,PENDING_REVIEW
3130000-211-2018-00024,힐끗,salon,일반미용업,일반미용업,"서울특별시 마포구 월드컵북로4길 29, 201호 (동교동)",서울특별시 마포구 동교동 203-30 201호,023373938,2018-03-15,영업,hongdae,,PENDING_REVIEW
3130000-211-2018-00025,헤어 사파리,salon,일반미용업,일반미용업,"서울특별시 마포구 독막로19길 42-12, 1층 201호 (상수동)",서울특별시 마포구 상수동 88-15 1층 201호,023324821,2018-03-19,영업,hongdae,,PENDING_REVIEW
3130000-211-2018-00035,오브앤디유(AUBE&DIEU),salon,일반미용업,일반미용업,"서울특별시 마포구 토정로 39-3, 2층 (합정동)",서울특별시 마포구 합정동 368-51 2층,,2018-04-12,영업,hongdae,,PENDING_REVIEW
3130000-211-2018-00036,리(Re;) 피어나,salon,일반미용업,일반미용업,"서울특별시 마포구 양화로10길 20, 1층 102호 (서교동)",서울특별시 마포구 서교동 395-178 1층 102호,0231448596,2018-04-16,영업,hongdae,,PENDING_REVIEW
3130000-211-2018-00041,까헤어,salon,일반미용업,일반미용업,"서울특별시 마포구 와우산로29길 45, 성암빌딩 2층 (서교동)",서울특별시 마포구 서교동 334-1 성암빌딩,0215992839,2018-05-03,영업,hongdae,,PENDING_REVIEW
3130000-211-2018-00044,에이치(H) hair room,salon,일반미용업,일반미용업,"서울특별시 마포구 홍익로3길 20, 서교오피스텔 상가동 2층 2003호 (서교동)",서울특별시 마포구 서교동 357-1 서교오피스텔 상가2층 2003호,,2018-05-11,영업,hongdae,,PENDING_REVIEW
3130000-211-2018-00047,본살롱(BON SALON),salon,일반미용업,일반미용업,"서울특별시 마포구 독막로15길 9, 3층 (상수동)",서울특별시 마포구 상수동 310-19 3층,023360132,2018-05-21,영업,hongdae,,PENDING_REVIEW
3130000-211-2018-00048,순시키헤어 밤헤드(SOONSIKIHAIR BOMBHEAD),salon,일반미용업,일반미용업,"서울특별시 마포구 와우산로21길 29, 5층 (서교동)",서울특별시 마포구 서교동 364-31 5층,023265981,2018-05-30,영업,hongdae,,PENDING_REVIEW
3130000-211-2018-00059,드 레브(de reve),salon,일반미용업,일반미용업,"서울특별시 마포구 성미산로 167-9, 2층 (연남동)",서울특별시 마포구 연남동 223-80 2층,,2018-07-24,영업,hongdae,,PENDING_REVIEW
3130000-211-2018-00060,제오헤어,salon,일반미용업,일반미용업,"서울특별시 마포구 양화로7길 14, 3층 (서교동)",서울특별시 마포구 서교동 391-16,023241010,2018-07-25,영업,hongdae,,PENDING_REVIEW
3130000-211-2018-00073,상수헤어,salon,일반미용업,일반미용업,"서울특별시 마포구 독막로 104, 1층 일부호 (상수동)",서울특별시 마포구 상수동 153-4 1층 일부호,,2018-09-12,영업,hongdae,,PENDING_REVIEW
3130000-211-2018-00074,살롱 드 넬,salon,일반미용업,일반미용업,"서울특별시 마포구 와우산로29마길 7, 1층 (서교동)",서울특별시 마포구 서교동 333-29 1층,023340346,2018-09-18,영업,hongdae,,PENDING_REVIEW
3130000-211-2018-00078,레뮤즈(LEMUSE),salon,일반미용업,일반미용업,"서울특별시 마포구 독막로5길 8, 2층 (합정동)",서울특별시 마포구 합정동 411-7,023350277,2018-10-05,영업,hongdae,,PENDING_REVIEW
3130000-211-2018-00081,그레,salon,일반미용업,일반미용업,"서울특별시 마포구 동교로12길 36, 102,103호 (서교동)","서울특별시 마포구 서교동 383-2 102,103호",0263685976,2018-10-10,영업,hongdae,,PENDING_REVIEW
3130000-211-2018-00084,이강숙 헤어라인,salon,일반미용업,일반미용업,"서울특별시 마포구 연남로7길 14, 1층 (연남동)",서울특별시 마포구 연남동 366-22 1층,023224586,2018-10-19,영업,hongdae,,PENDING_REVIEW
3130000-211-2018-00089,비비드 헤어,salon,일반미용업,일반미용업,"서울특별시 마포구 성지길 51, 1층 (합정동)",서울특별시 마포구 합정동 369-14 1층,023373330,2018-10-24,영업,hongdae,,PENDING_REVIEW
3130000-211-2018-00094,타입,salon,일반미용업,일반미용업,"서울특별시 마포구 와우산로18길 30, 3층 (서교동)",서울특별시 마포구 서교동 360-14 3층 전체,,2018-11-05,영업,hongdae,,PENDING_REVIEW
3130000-211-2018-00096,데이민,salon,일반미용업,일반미용업,"서울특별시 마포구 양화로12길 16-9, 북앤빌딩 1층 (서교동)",서울특별시 마포구 서교동 395-3 북앤빌딩 1층,023365255,2018-11-07,영업,hongdae,,PENDING_REVIEW
3130000-211-2018-00104,닥터스칼프 신촌점,salon,일반미용업,일반미용업,"서울특별시 마포구 신촌로 58, 1층 (동교동)",서울특별시 마포구 동교동 185-17 1층,0231418582,2018-12-07,영업,hongdae,,PENDING_REVIEW
3130000-211-2018-00107,오늘도 공간헤어,salon,일반미용업,일반미용업,"서울특별시 마포구 홍익로 1, 3,4층 (서교동)",서울특별시 마포구 서교동 358-27 3층 4층 전체,023365544,2018-12-24,영업,hongdae,,PENDING_REVIEW
3130000-211-2019-00003,블랑로젤,salon,일반미용업,일반미용업,"서울특별시 마포구 양화로 36, 2층 202호 (합정동)",서울특별시 마포구 합정동 374-1 2층 202호,023328643,2019-01-02,영업,hongdae,,PENDING_REVIEW
3130000-211-2019-00004,숨쉬는 헤어,salon,일반미용업,일반미용업,"서울특별시 마포구 동교로13길 33-3, 라온 1층 (서교동)",서울특별시 마포구 서교동 475-9 라온 1층,07082869342,2019-01-02,영업,hongdae,,PENDING_REVIEW
3130000-211-2019-00005,B HAIR SHOP,salon,일반미용업,일반미용업,"서울특별시 마포구 월드컵로 34, 1층 (서교동)",서울특별시 마포구 서교동 383-14 1층,,2019-01-02,영업,hongdae,,PENDING_REVIEW
3130000-211-2019-00008,에크루(ECRU),salon,일반미용업,일반미용업,"서울특별시 마포구 성미산로 151, 2층 (연남동)",서울특별시 마포구 연남동 240-44 2층,0260841119,2019-01-04,영업,hongdae,,PENDING_REVIEW
3130000-211-2019-00013,오땡큐(합정점),salon,일반미용업,일반미용업,"서울특별시 마포구 월드컵로7길 103, 1층 102호 (합정동, 대명풀하우스A)",서울특별시 마포구 합정동 440-19 대명풀하우스A 1층 102호 전체,023222797,2019-01-17,영업,hongdae,,PENDING_REVIEW
3130000-211-2019-00021,살루트 헤어,salon,일반미용업,일반미용업,"서울특별시 마포구 독막로14길 32, 이현h 2층 (상수동)",서울특별시 마포구 상수동 328-2 이현h,023220566,2019-02-20,영업,hongdae,,PENDING_REVIEW
3130000-211-2019-00023,풀앤드바이뷰티,salon,일반미용업,일반미용업,"서울특별시 마포구 동교로46길 42-5, 신박사빌딩 2층 (연남동)",서울특별시 마포구 연남동 383-82 신박사빌딩,,2019-02-21,영업,hongdae,,PENDING_REVIEW
3130000-211-2019-00031,엘 헤어,salon,일반미용업,일반미용업,"서울특별시 마포구 월드컵북로7길 7, 1층일부 (서교동)",서울특별시 마포구 서교동 449-2 1층일부,023360816,2019-03-22,영업,hongdae,,PENDING_REVIEW
3130000-211-2019-00036,헤어 스튜디오 봄,salon,일반미용업,일반미용업,"서울특별시 마포구 월드컵북로2길 85, 2층 (동교동)",서울특별시 마포구 동교동 154-12 2층,023387151,2019-04-15,영업,hongdae,,PENDING_REVIEW
3130000-211-2019-00037,미장원,salon,일반미용업,일반미용업,"서울특별시 마포구 동교로51안길 22, 1층 (연남동)",서울특별시 마포구 연남동 223-11 1층,023327761,2019-04-19,영업,hongdae,,PENDING_REVIEW
3130000-211-2019-00043,하이에이치(HIH),salon,일반미용업,일반미용업,"서울특별시 마포구 동교로 265, 3층 (연남동)",서울특별시 마포구 연남동 229-10 3층 전체,0264088151,2019-05-03,영업,hongdae,,PENDING_REVIEW
3130000-211-2019-00048,이가자 헤어비스 홍대상수점,salon,일반미용업,일반미용업,"서울특별시 마포구 독막로 101, BR엘리텔 A동 1층 101호 (상수동)",서울특별시 마포구 상수동 141-1 BR엘리텔 A동 101호,,2019-05-27,영업,hongdae,,PENDING_REVIEW
3130000-211-2019-00049,토르소 맨즈헤어 홍대상수역점,salon,일반미용업,일반미용업,"서울특별시 마포구 독막로 68, 7층 (상수동)",서울특별시 마포구 상수동 321-1 7층 전체,023375286,2019-05-28,영업,hongdae,,PENDING_REVIEW
3130000-211-2019-00052,드웰헤어,salon,일반미용업,일반미용업,"서울특별시 마포구 동교로 278, 2층 201호 (연남동)",서울특별시 마포구 연남동 224-23,0260110366,2019-06-14,영업,hongdae,,PENDING_REVIEW
3130000-211-2019-00055,베이바이허슬기 랩,salon,일반미용업,일반미용업,"서울특별시 마포구 독막로7길 15, 1층 (서교동)",서울특별시 마포구 서교동 400-10 1층,023329396,2019-06-27,영업,hongdae,,PENDING_REVIEW
3130000-211-2019-00065,592,salon,일반미용업,일반미용업,"서울특별시 마포구 와우산로29가길 86, 파티오 4층 (서교동)",서울특별시 마포구 서교동 342-11 파티오,023230592,2019-08-12,영업,hongdae,,PENDING_REVIEW
3130000-211-2019-00068,헤어 로투스(Hair Lotus),salon,일반미용업,일반미용업,"서울특별시 마포구 동교로8길 5, 지1층 (합정동)",서울특별시 마포구 합정동 442-6 지1층,023329805,2019-09-09,영업,hongdae,,PENDING_REVIEW
3130000-211-2019-00071,아르떼(arte),salon,일반미용업,일반미용업,"서울특별시 마포구 연남로1길 60, 1층 101,102호 (연남동, J.S. Vill)","서울특별시 마포구 연남동 565-5 J.S. Vill 1층 101,102호",,2019-09-25,영업,hongdae,,PENDING_REVIEW
3130000-211-2019-00076,보다헤어,salon,일반미용업,일반미용업,"서울특별시 마포구 월드컵로10길 27, 1층 102호 (서교동)",서울특별시 마포구 서교동 476-53 1층 102호,023363771,2019-10-01,영업,hongdae,,PENDING_REVIEW
3130000-211-2019-00078,메이킹톤(Making Tone),salon,일반미용업,일반미용업,"서울특별시 마포구 독막로7길 23, 대동빌딩 4층 (서교동)",서울특별시 마포구 서교동 400-6 대동빌딩 4층,023321452,2019-10-04,영업,hongdae,,PENDING_REVIEW
3130000-211-2019-00080,메타(meta),salon,일반미용업,일반미용업,"서울특별시 마포구 와우산로29바길 5-3, 1층 (서교동)",서울특별시 마포구 서교동 332-23 1층,,2019-10-07,영업,hongdae,,PENDING_REVIEW
3130000-211-2019-00081,그림홈,salon,일반미용업,일반미용업,"서울특별시 마포구 독막로 92-11, 1층 (상수동)",서울특별시 마포구 상수동 330-6,,2019-10-07,영업,hongdae,,PENDING_REVIEW
3130000-211-2019-00086,로드앤미,salon,일반미용업,일반미용업,"서울특별시 마포구 독막로 11-5, 1층 101,102호 (합정동, 합정동주상복합건물)","서울특별시 마포구 합정동 414-18 합정동주상복합건물 101,102호",023326216,2019-11-06,영업,hongdae,,PENDING_REVIEW
3130000-211-2019-00092,오름hair,salon,일반미용업,일반미용업,"서울특별시 마포구 연희로 25, 나동 2층 (동교동)",서울특별시 마포구 동교동 113-7 나동 2층,,2019-11-21,영업,hongdae,,PENDING_REVIEW
3130000-211-2019-00096,아망뜨헤어,salon,일반미용업,일반미용업,"서울특별시 마포구 월드컵북로 34, 1층 (동교동)",서울특별시 마포구 동교동 205-3 1층,023365321,2019-12-09,영업,hongdae,,PENDING_REVIEW
3130000-211-2019-00098,에이엠톤 홍대점,salon,일반미용업,일반미용업,"서울특별시 마포구 동교로 148-12, 1~2층 (서교동)",서울특별시 마포구 서교동 463-21 1~2층 전체,023323109,2019-12-12,영업,hongdae,,PENDING_REVIEW
3130000-211-2019-00105,뉴올,salon,일반미용업,일반미용업,"서울특별시 마포구 어울마당로 37, 2층 (서교동)",서울특별시 마포구 서교동 402-19 2층,,2019-11-22,영업,hongdae,,PENDING_REVIEW
3130000-211-2019-00106,헤리떼(heritte),salon,일반미용업,일반미용업,"서울특별시 마포구 월드컵북로4길 13, 2층 1호 (동교동)",서울특별시 마포구 동교동 203-18 2층 1호,,2019-08-12,영업,hongdae,,PENDING_REVIEW
3130000-211-2020-00001,유앤나헤어,salon,일반미용업,일반미용업,"서울특별시 마포구 와우산로29길 56-6, 지하1층 (서교동)",서울특별시 마포구 서교동 330-39,,2020-01-03,영업,hongdae,,PENDING_REVIEW
3130000-211-2020-00005,헤어더뷰 (홍대점),salon,일반미용업,일반미용업,"서울특별시 마포구 홍익로 4, 아남빌딩 2,3층 (서교동)",서울특별시 마포구 서교동 344-13 아남빌딩,023323107,2020-01-09,영업,hongdae,,PENDING_REVIEW
3130000-211-2020-00010,도어,salon,일반미용업,일반미용업,"서울특별시 마포구 홍익로5안길 43, 2층 (서교동)",서울특별시 마포구 서교동 369-32,,2020-01-30,영업,hongdae,,PENDING_REVIEW
3130000-211-2020-00018,마리헤어(Mari Hair),salon,일반미용업,일반미용업,"서울특별시 마포구 동교로 54, 지상1층 가운데호 (합정동)",서울특별시 마포구 합정동 432-1,,2020-02-19,영업,hongdae,,PENDING_REVIEW
3130000-211-2020-00019,베이바이허슬기 블랑점,salon,일반미용업,일반미용업,"서울특별시 마포구 와우산로21길 4, 1,2층 (서교동)",서울특별시 마포구 서교동 358-30,,2020-02-20,영업,hongdae,,PENDING_REVIEW
3130000-211-2020-00025,주빈헤어,salon,일반미용업,일반미용업,"서울특별시 마포구 양화로18안길 20, 2층 202호 (동교동)",서울특별시 마포구 동교동 169-21,,2020-03-17,영업,hongdae,,PENDING_REVIEW
3130000-211-2020-00027,헤어바이 차유진,salon,일반미용업,일반미용업,"서울특별시 마포구 동교로45길 32, 1층 (연남동)",서울특별시 마포구 연남동 239-12,,2020-03-31,영업,hongdae,,PENDING_REVIEW
3130000-211-2020-00029,홍대진아 미용실,salon,일반미용업,일반미용업,"서울특별시 마포구 독막로19길 45-5, 1층 (상수동)",서울특별시 마포구 상수동 93-30,,2020-04-14,영업,hongdae,,PENDING_REVIEW
3130000-211-2020-00031,하워드빌드(Haward Build),salon,일반미용업,일반미용업,"서울특별시 마포구 독막로 92-15, 삼삼공빌딩 1층 일부호 (상수동)",서울특별시 마포구 상수동 330-8 삼삼공빌딩,,2020-04-24,영업,hongdae,,PENDING_REVIEW
3130000-211-2020-00033,까미오 미용실,salon,일반미용업,일반미용업,"서울특별시 마포구 홍익로 10, 지하1층 115호 (서교동, 서교푸르지오)",서울특별시 마포구 서교동 486 서교푸르지오,023337949,2020-05-06,영업,hongdae,,PENDING_REVIEW
3130000-211-2020-00035,소년이든가위,salon,일반미용업,일반미용업,"서울특별시 마포구 양화로6길 92, 희성 3층 (합정동)",서울특별시 마포구 합정동 410-17 희성 3층 전체,0231443179,2020-05-08,영업,hongdae,,PENDING_REVIEW
3130000-211-2020-00038,멜카헤어,salon,일반미용업,일반미용업,"서울특별시 마포구 연희로1길 51, 3층 302호 (연남동)",서울특별시 마포구 연남동 383-24 3층 302호,,2020-05-21,영업,hongdae,,PENDING_REVIEW
3130000-211-2020-00040,에이디피,salon,일반미용업,일반미용업,"서울특별시 마포구 토정로 28-8, 2층 (합정동)",서울특별시 마포구 합정동 198-27,,2020-05-28,영업,hongdae,,PENDING_REVIEW
3130000-211-2020-00041,컬러드바이,salon,일반미용업,일반미용업,"서울특별시 마포구 독막로14길 24, 1층 102호 (상수동)",서울특별시 마포구 상수동 325-2,,2020-01-22,영업,hongdae,,PENDING_REVIEW
3130000-211-2020-00056,꼼드쉐(CCOMDESCHE)헤어 합정역점,salon,일반미용업,일반미용업,"서울특별시 마포구 양화로7길 3, 201호 (서교동)",서울특별시 마포구 서교동 393-1,023337709,2020-07-17,영업,hongdae,,PENDING_REVIEW
3130000-211-2020-00058,살롱 드 샤린,salon,일반미용업,일반미용업,"서울특별시 마포구 와우산로11길 28, 2층 201호 (상수동)",서울특별시 마포구 상수동 312-4,,2020-07-31,영업,hongdae,,PENDING_REVIEW
3130000-211-2020-00074,채윤 살롱,salon,일반미용업,일반미용업,"서울특별시 마포구 연남로3길 40, 1층 102호 (연남동)",서울특별시 마포구 연남동 562-37,,2020-09-08,영업,hongdae,,PENDING_REVIEW
3130000-211-2020-00077,하와이,salon,일반미용업,일반미용업,"서울특별시 마포구 동교로52길 4-3, 지층 우측호 (연남동)",서울특별시 마포구 연남동 224-14 지층 우측,,2020-09-22,영업,hongdae,,PENDING_REVIEW
3130000-211-2020-00078,더부띠끄합정점,salon,일반미용업,일반미용업,"서울특별시 마포구 독막로3길 24-11, 1,2층 (서교동)",서울특별시 마포구 서교동 396-21,023373389,2020-09-23,영업,hongdae,,PENDING_REVIEW
3130000-211-2020-00081,호미방,salon,일반미용업,일반미용업,"서울특별시 마포구 독막로 67-10, 2층 (상수동)",서울특별시 마포구 상수동 316-12,023369570,2020-10-06,영업,hongdae,,PENDING_REVIEW
3130000-211-2020-00085,살롱드꼼 홍대,salon,일반미용업,일반미용업,"서울특별시 마포구 독막로7길 42, 가물빌딩 3층 (서교동)",서울특별시 마포구 서교동 404-19 가물빌딩,,2020-11-03,영업,hongdae,,PENDING_REVIEW
3130000-211-2020-00087,미츠모네,salon,일반미용업,일반미용업,"서울특별시 마포구 토정로3안길 25, 2층 (합정동)",서울특별시 마포구 합정동 367-15,023389291,2020-10-20,영업,hongdae,,PENDING_REVIEW
3130000-211-2020-00090,더 시즌,salon,일반미용업,일반미용업,"서울특별시 마포구 성미산로32길 24, 1층 (연남동)",서울특별시 마포구 연남동 239-33 1층,,2020-03-26,영업,hongdae,,PENDING_REVIEW
3130000-211-2020-00091,헤어바이율,salon,일반미용업,일반미용업,"서울특별시 마포구 잔다리로6길 20-8, 더스톤 3층 (서교동)",서울특별시 마포구 서교동 368-37 더스톤,,2020-03-03,영업,hongdae,,PENDING_REVIEW
3130000-211-2021-00001,매직팩토리,salon,일반미용업,일반미용업,"서울특별시 마포구 월드컵로3길 14, 상가동 1층 125호 (합정동, 마포 한강 2차 푸르지오)",서울특별시 마포구 합정동 473 마포 한강 2차 푸르지오 상가동 1층 125호,023327865,2021-01-04,영업,hongdae,,PENDING_REVIEW
3130000-211-2021-00003,테이크 루트(Take root),salon,일반미용업,일반미용업,"서울특별시 마포구 양화로23길 10-10, 2층 (동교동)",서울특별시 마포구 동교동 147-48,,2021-01-04,영업,hongdae,,PENDING_REVIEW
3130000-211-2021-00007,오아주헤어살롱,salon,일반미용업,일반미용업,"서울특별시 마포구 동교로 212-5, 2층 (동교동)",서울특별시 마포구 동교동 152-15,,2021-01-06,영업,hongdae,,PENDING_REVIEW
3130000-211-2021-00008,클레오헤어샵,salon,일반미용업,일반미용업,"서울특별시 마포구 와우산로29길 56, 1층 (서교동)",서울특별시 마포구 서교동 330-11,,2021-01-06,영업,hongdae,,PENDING_REVIEW
3130000-211-2021-00018,몽스타일,salon,일반미용업,일반미용업,"서울특별시 마포구 와우산로29길 51, 2층 (서교동)",서울특별시 마포구 서교동 333-5 2층 전체,,2021-02-01,영업,hongdae,,PENDING_REVIEW
3130000-211-2021-00019,샌디에고(sandy ego),salon,일반미용업,일반미용업,"서울특별시 마포구 어울마당로 96, 5층 501호 (서교동)",서울특별시 마포구 서교동 358-113,,2021-02-01,영업,hongdae,,PENDING_REVIEW
3130000-211-2021-00020,에드비X엑스이헤어,salon,일반미용업,일반미용업,"서울특별시 마포구 동교로 259, 2층 (연남동)",서울특별시 마포구 연남동 229-34 2층 일부,0231441195,2021-02-09,영업,hongdae,,PENDING_REVIEW
3130000-211-2021-00021,에드비붙임머리 홍대점,salon,일반미용업,일반미용업,"서울특별시 마포구 동교로 259, 2층 (연남동)",서울특별시 마포구 연남동 229-34 2층 일부,0231441195,2021-02-16,영업,hongdae,,PENDING_REVIEW
3130000-211-2021-00022,탄(TAN)헤어스튜디오,salon,일반미용업,일반미용업,"서울특별시 마포구 동교로41길 3, 4,5층 (연남동)",서울특별시 마포구 연남동 255-19,,2021-02-16,영업,hongdae,,PENDING_REVIEW
3130000-211-2021-00024,오브무아,salon,일반미용업,일반미용업,"서울특별시 마포구 동교로23길 32-22, JC동교빌딩 201호 (동교동)",서울특별시 마포구 동교동 203-43 JC동교빌딩,,2021-02-22,영업,hongdae,,PENDING_REVIEW
3130000-211-2021-00026,올랑,salon,일반미용업,일반미용업,"서울특별시 마포구 양화로8길 5, 소천빌딩 2층 (서교동)",서울특별시 마포구 서교동 395-46 소천빌딩 2층,,2021-02-26,영업,hongdae,olrang-hair-styling,PENDING_REVIEW
3130000-211-2021-00032,군띵 헤어샵,salon,일반미용업,일반미용업,"서울특별시 마포구 포은로 13, 1층 (합정동)",서울특별시 마포구 합정동 396-1 1층 일부(102호),,2021-03-16,영업,hongdae,,PENDING_REVIEW
3130000-211-2021-00034,와이즈현 헤어,salon,일반미용업,일반미용업,"서울특별시 마포구 양화로6길 91, 3층 (서교동)","서울특별시 마포구 서교동 401-17 , 3층",023389291,2021-03-17,영업,hongdae,,PENDING_REVIEW
3130000-211-2021-00042,레브(LEV),salon,일반미용업,일반미용업,"서울특별시 마포구 양화로21길 39, 2층 (동교동)",서울특별시 마포구 동교동 152-6 2층 전체,,2021-03-23,영업,hongdae,,PENDING_REVIEW
3130000-211-2021-00048,미네(meene),salon,일반미용업,일반미용업,"서울특별시 마포구 독막로19길 42, 4층 (상수동)",서울특별시 마포구 상수동 88-19 4층,,2021-04-02,영업,hongdae,,PENDING_REVIEW
3130000-211-2021-00056,봉 살롱(BONG SALON),salon,일반미용업,일반미용업,"서울특별시 마포구 연남로 42, 코오롱하늘채아파트 상가비동 1층 111호 (연남동)",서울특별시 마포구 연남동 573 코오롱하늘채아파트 상가비동 1층 111호 전체,023222252,2021-04-27,영업,hongdae,,PENDING_REVIEW
3130000-211-2021-00061,오버랩(overlap),salon,일반미용업,일반미용업,"서울특별시 마포구 동교로22길 38, 2층 (서교동)",서울특별시 마포구 서교동 464-28 2층,,2021-05-13,영업,hongdae,,PENDING_REVIEW
3130000-211-2021-00067,카브(Carve),salon,일반미용업,일반미용업,"서울특별시 마포구 연남로1길 47, 1층 101호 (연남동)",서울특별시 마포구 연남동 568-8 1층 101호 전체,,2021-06-03,영업,hongdae,,PENDING_REVIEW
3130000-211-2021-00069,라뮤어 합정점,salon,일반미용업,일반미용업,"서울특별시 마포구 동교로12길 3, 수창빌딩 2층 (서교동)",서울특별시 마포구 서교동 480-6 수창빌딩 2층 전체,,2021-06-08,영업,hongdae,,PENDING_REVIEW
3130000-211-2021-00070,루미에르 붙임머리 홍대점,salon,일반미용업,일반미용업,"서울특별시 마포구 홍익로 10, 101동 1층 124호 (서교동, 서교푸르지오)",서울특별시 마포구 서교동 486 서교푸르지오,,2021-06-11,영업,hongdae,,PENDING_REVIEW
3130000-211-2021-00072,플레르하우스(Plaire Haus),salon,일반미용업,일반미용업,"서울특별시 마포구 독막로19길 19, 서궁빌딩 2층 (상수동)",서울특별시 마포구 상수동 93-2 서궁빌딩,,2021-06-15,영업,hongdae,,PENDING_REVIEW
3130000-211-2021-00073,리어드,salon,일반미용업,일반미용업,"서울특별시 마포구 월드컵북로 13, 스마트 빌딩 4층 (서교동)",서울특별시 마포구 서교동 445-4 스마트 빌딩 4층 전체,,2021-06-16,영업,hongdae,,PENDING_REVIEW
3130000-211-2021-00078,샵꽁뜨 서교점,salon,일반미용업,일반미용업,"서울특별시 마포구 홍익로5길 25, 2층 (서교동)",서울특별시 마포구 서교동 355-27 2층 전체,,2021-06-24,영업,hongdae,,PENDING_REVIEW
3130000-211-2021-00090,젠트 서울(GENT SEOUL),salon,일반미용업,일반미용업,"서울특별시 마포구 신촌로4길 18, 2층 (동교동)",서울특별시 마포구 동교동 176-1 2층,,2021-08-18,영업,hongdae,,PENDING_REVIEW
3130000-211-2021-00097,탐닉(TAMNIK),salon,일반미용업,일반미용업,"서울특별시 마포구 독막로 92-3, 태원빌딩 1층 (상수동)",서울특별시 마포구 상수동 330-2 태원빌딩,,2021-09-03,영업,hongdae,,PENDING_REVIEW
3130000-211-2021-00098,소원하길,salon,일반미용업,일반미용업,"서울특별시 마포구 와우산로29길 56-10, 4층 302호 (서교동)",서울특별시 마포구 서교동 330-54,,2021-09-03,영업,hongdae,,PENDING_REVIEW
3130000-211-2021-00103,어쏘(ASOOO),salon,일반미용업,일반미용업,"서울특별시 마포구 독막로15길 3-12, 201호 (상수동)",서울특별시 마포구 상수동 313-3,,2021-10-01,영업,hongdae,,PENDING_REVIEW
3130000-211-2021-00107,헤어바이 랑희,salon,일반미용업,일반미용업,"서울특별시 마포구 홍익로 25, 2층 B02호 (서교동)",서울특별시 마포구 서교동 356-1 2층 B02호,,2021-10-21,영업,hongdae,,PENDING_REVIEW
3130000-211-2021-00108,형D 머리방,salon,일반미용업,일반미용업,"서울특별시 마포구 홍익로 25, 2층 B10호 (서교동)",서울특별시 마포구 서교동 356-1 2층 아데르 B10호,,2021-10-21,영업,hongdae,,PENDING_REVIEW
3130000-211-2021-00109,아르결 홍대점,salon,일반미용업,일반미용업,"서울특별시 마포구 어울마당로 130, 기린빌딩 2층 (서교동)",서울특별시 마포구 서교동 347-21 기린빌딩 2층 전체,,2021-11-01,영업,hongdae,,PENDING_REVIEW
3130000-211-2021-00110,누레터,salon,일반미용업,일반미용업,"서울특별시 마포구 동교로12길 47, 3층 (서교동)",서울특별시 마포구 서교동 384-7 3층,,2021-11-04,영업,hongdae,,PENDING_REVIEW
3130000-211-2021-00111,희희,salon,일반미용업,일반미용업,서울특별시 마포구 성미산로23길 16-5 (신관)1층 (연남동),서울특별시 마포구 연남동 246-19,,2021-11-04,영업,hongdae,,PENDING_REVIEW
3130000-211-2021-00117,몬트(Montt),salon,일반미용업,일반미용업,"서울특별시 마포구 동교로39길 4-13, 가야빌딩 2층 (연남동)",서울특별시 마포구 연남동 255-12 가야빌딩 2층,,2021-11-23,영업,hongdae,,PENDING_REVIEW
3130000-211-2021-00118,카이정헤어 맨즈 홍대상수점,salon,일반미용업,일반미용업,"서울특별시 마포구 어울마당로 40, 2층 (서교동)",서울특별시 마포구 서교동 411-15 2층 전체,,2021-11-25,영업,hongdae,,PENDING_REVIEW
3130000-211-2021-00121,에이엠톤 연남점,salon,일반미용업,일반미용업,"서울특별시 마포구 성미산로23길 20, 1, 2층 (연남동)","서울특별시 마포구 연남동 246-31 1층, 2층",,2021-12-09,영업,hongdae,,PENDING_REVIEW
3130000-211-2021-00123,온리유 헤어,salon,일반미용업,일반미용업,"서울특별시 마포구 잔다리로 40, 2층 (서교동)",서울특별시 마포구 서교동 368-9 2층 전체,023326008,2021-12-17,영업,hongdae,,PENDING_REVIEW
3130000-211-2021-00124,도깨비 붙임머리 홍대점,salon,일반미용업,일반미용업,"서울특별시 마포구 어울마당로 100, 3층 (서교동)",서울특별시 마포구 서교동 358-65 3층 전체,028310375,2021-12-24,영업,hongdae,,PENDING_REVIEW
3130000-211-2021-00128,룸삼(ROOM3),salon,일반미용업,일반미용업,"서울특별시 마포구 성미산로 185, 1층 (연남동)",서울특별시 마포구 연남동 224-40 1층,,2021-05-14,영업,hongdae,,PENDING_REVIEW
3130000-211-2021-00130,쉬폰붙임머리&헤어홍대점,salon,일반미용업,일반미용업,"서울특별시 마포구 동교로 186, 2층 (동교동)",서울특별시 마포구 동교동 158-12 2층,,2021-09-29,영업,hongdae,,PENDING_REVIEW
3130000-211-2021-00131,라움살롱,salon,일반미용업,일반미용업,"서울특별시 마포구 와우산로 39-12, 3층 (상수동)",서울특별시 마포구 상수동 146-23,,2021-07-06,영업,hongdae,,PENDING_REVIEW
3130000-211-2022-00001,로이드밤 홍대,salon,일반미용업,일반미용업,"서울특별시 마포구 양화로 124, 2층 (서교동)",서울특별시 마포구 서교동 354-19 2층 일부,,2022-01-11,영업,hongdae,,PENDING_REVIEW
3130000-211-2022-00002,비도트(b.),salon,일반미용업,일반미용업,"서울특별시 마포구 독막로15길 3-7, 이현S 2층 (상수동)",서울특별시 마포구 상수동 314-5 이현S,,2022-01-24,영업,hongdae,,PENDING_REVIEW
3130000-211-2022-00006,스물유 홍대상수점,salon,일반미용업,일반미용업,"서울특별시 마포구 와우산로 30, 상수동 안생빌딩 1층 (상수동)","서울특별시 마포구 상수동 329-7 상수동 안생빌딩, 1층",0231443317,2022-03-17,영업,hongdae,,PENDING_REVIEW
3130000-211-2022-00010,유티온,salon,일반미용업,일반미용업,"서울특별시 마포구 와우산로17길 19-9, 2층 (서교동)",서울특별시 마포구 서교동 409-19,,2022-04-01,영업,hongdae,,PENDING_REVIEW
3130000-211-2022-00011,누스헤어(NOOS HAIR),salon,일반미용업,일반미용업,"서울특별시 마포구 동교로 209-4, 3층 (동교동)",서울특별시 마포구 동교동 198-13 3층 전체,,2022-04-04,영업,hongdae,,PENDING_REVIEW
3130000-211-2022-00012,서밋(Summit),salon,일반미용업,일반미용업,"서울특별시 마포구 독막로3길 24, 1층 (서교동)",서울특별시 마포구 서교동 396-29 1층전체,,2022-04-12,영업,hongdae,,PENDING_REVIEW
3130000-211-2022-00013,마센느(Ma scene),salon,일반미용업,일반미용업,"서울특별시 마포구 와우산로 169, 1층 (동교동)",서울특별시 마포구 동교동 182-7 1층,,2022-04-12,영업,hongdae,,PENDING_REVIEW
3130000-211-2022-00014,애드온 맨즈헤어(Add on men's hair),salon,일반미용업,일반미용업,"서울특별시 마포구 와우산로 65, 4층 (서교동)",서울특별시 마포구 서교동 407-2,,2022-04-13,영업,hongdae,,PENDING_REVIEW
3130000-211-2022-00015,디어모아 헤어&붙임머리,salon,일반미용업,일반미용업,"서울특별시 마포구 연희로1길 22, 3층 (동교동)",서울특별시 마포구 동교동 113-32,,2022-04-28,영업,hongdae,,PENDING_REVIEW
3130000-211-2022-00016,에이아킨(aarkin),salon,일반미용업,일반미용업,"서울특별시 마포구 월드컵북로2길 11, 5층 (동교동)",서울특별시 마포구 동교동 161-5 5층 전체,,2022-04-29,영업,hongdae,,PENDING_REVIEW
3130000-211-2022-00017,리코너13(leecorner13),salon,일반미용업,일반미용업,"서울특별시 마포구 독막로 25-1, 한벌빌딩 1,2층 (합정동)","서울특별시 마포구 합정동 413-1 한벌빌딩 1, 2층",,2022-05-02,영업,hongdae,,PENDING_REVIEW
3130000-211-2022-00021,우연,salon,일반미용업,일반미용업,"서울특별시 마포구 성미산로29길 35, 3층 302호 (연남동)",서울특별시 마포구 연남동 245-41 3층 일부(302호),,2022-05-17,영업,hongdae,,PENDING_REVIEW
3130000-211-2022-00022,오아헤어살롱(O:Ah hair salon),salon,일반미용업,일반미용업,"서울특별시 마포구 독막로15길 13, 311-7빌딩 2층 (상수동)",서울특별시 마포구 상수동 311-7 311-7빌딩 2층,,2022-05-31,영업,hongdae,,PENDING_REVIEW
3130000-211-2022-00023,포우,salon,일반미용업,일반미용업,"서울특별시 마포구 동교로27길 72, 1층 (연남동)",서울특별시 마포구 연남동 561-7 1층 일부(왼쪽),,2022-05-31,영업,hongdae,,PENDING_REVIEW
3130000-211-2022-00024,살롱 고요히,salon,일반미용업,일반미용업,"서울특별시 마포구 성미산로23길 10, 1층  일부층 (연남동)",서울특별시 마포구 연남동 249-8 1층 일부,,2022-06-08,영업,hongdae,,PENDING_REVIEW
3130000-211-2022-00025,어나더즈(AnotherZ),salon,일반미용업,일반미용업,"서울특별시 마포구 독막로19길 12, 2층 (상수동)",서울특별시 마포구 상수동 94-12 2층,,2022-06-13,영업,hongdae,,PENDING_REVIEW
3130000-211-2022-00027,유아트헤어(U:ART Hair),salon,일반미용업,일반미용업,"서울특별시 마포구 와우산로27길 79, 3층 (서교동)",서울특별시 마포구 서교동 346-2 3층,,2022-06-13,영업,hongdae,,PENDING_REVIEW
3130000-211-2022-00031,우아한(UAHAN)홍대합정점,salon,일반미용업,일반미용업,"서울특별시 마포구 잔다리로 21-1, 3층 (서교동)",서울특별시 마포구 서교동 405-5 3층,023327590,2022-06-29,영업,hongdae,,PENDING_REVIEW
3130000-211-2022-00037,"열두달, 오늘",salon,일반미용업,일반미용업,"서울특별시 마포구 어울마당로 52-1, 3층 (서교동)",서울특별시 마포구 서교동 408-12 3층,,2022-07-13,영업,hongdae,,PENDING_REVIEW
3130000-211-2022-00038,비오헤어(VIO Hair),salon,일반미용업,일반미용업,"서울특별시 마포구 동교로27길 81, 1층 좌측층 (연남동)",서울특별시 마포구 연남동 562-25 1층 좌측,,2022-07-14,영업,hongdae,,PENDING_REVIEW
3130000-211-2022-00042,버닝데이,salon,일반미용업,일반미용업,"서울특별시 마포구 동교로 262, 4층 (연남동)",서울특별시 마포구 연남동 228-23 4층,,2022-07-28,영업,hongdae,,PENDING_REVIEW
3130000-211-2022-00044,엘로디 헤어(ELODIE HAIR),salon,일반미용업,일반미용업,"서울특별시 마포구 월드컵북로5길 68, 1층 106호 (서교동, 광남벨라스2차아파트)",서울특별시 마포구 서교동 458-22 광남벨라스2차아파트 1층 106호 전체,,2022-08-10,영업,hongdae,,PENDING_REVIEW
3130000-211-2022-00049,뮤트모드(MUTEMODE),salon,일반미용업,일반미용업,"서울특별시 마포구 독막로15길 13-6, 2층 (상수동)",서울특별시 마포구 상수동 311-4,,2022-09-01,영업,hongdae,,PENDING_REVIEW
3130000-211-2022-00052,파커(Pake) 헤어,salon,일반미용업,일반미용업,"서울특별시 마포구 양화로6길 99-7, 서교빌딩 3층 (서교동)",서울특별시 마포구 서교동 402-8 서교빌딩 3층,,2022-09-28,영업,hongdae,,PENDING_REVIEW
3130000-211-2022-00053,살롱 스테이,salon,일반미용업,일반미용업,"서울특별시 마포구 동교로 256-3, 미소빌딩 2층 (연남동)",서울특별시 마포구 연남동 228-34 미소빌딩,,2022-10-04,영업,hongdae,,PENDING_REVIEW
3130000-211-2022-00057,츠우타츠,salon,일반미용업,일반미용업,"서울특별시 마포구 성미산로29안길 29, B102호호 (연남동)",서울특별시 마포구 연남동 241-80 B102호호,,2022-10-26,영업,hongdae,,PENDING_REVIEW
3130000-211-2022-00059,프롬에이 합정상수점,salon,일반미용업,일반미용업,"서울특별시 마포구 독막로 90, 균빌딩 2층 (상수동)",서울특별시 마포구 상수동 329-2 균빌딩 2층,,2022-11-02,영업,hongdae,,PENDING_REVIEW
3130000-211-2022-00061,퍼플잇(purple it),salon,일반미용업,일반미용업,"서울특별시 마포구 와우산로29다길 25, 103호 (서교동)",서울특별시 마포구 서교동 335-20,,2022-11-17,영업,hongdae,,PENDING_REVIEW
3130000-211-2022-00066,기프티드,salon,일반미용업,일반미용업,"서울특별시 마포구 와우산로33길 37, 101호 (서교동)",서울특별시 마포구 서교동 328-67 101호,,2022-11-22,영업,hongdae,,PENDING_REVIEW
3130000-211-2022-00067,지야(ZIYA),salon,일반미용업,일반미용업,"서울특별시 마포구 양화로6길 102, 정원빌딩 2층 201호 (합정동)",서울특별시 마포구 합정동 410-21 정원빌딩 201호,,2022-12-01,영업,hongdae,,PENDING_REVIEW
3130000-211-2022-00068,더가든헤어(The Garden Hair),salon,일반미용업,일반미용업,"서울특별시 마포구 월드컵로 64, 1층 102호 (서교동)",서울특별시 마포구 서교동 476-14 102호,,2022-12-01,영업,hongdae,,PENDING_REVIEW
3130000-211-2022-00075,자라라 붙임머리 홍대점,salon,일반미용업,일반미용업,"서울특별시 마포구 와우산로29마길 10, 3층 (서교동)","서울특별시 마포구 서교동 332-7 , 3층",,2022-12-29,영업,hongdae,,PENDING_REVIEW
3130000-211-2023-00003,악티(ACTI),salon,일반미용업,일반미용업,"서울특별시 마포구 동교로 99, C&L빌딩 1층 일부층 (서교동)",서울특별시 마포구 서교동 479-4 C&L빌딩 1층 일부,,2023-01-09,영업,hongdae,,PENDING_REVIEW
3130000-211-2023-00004,하이니헤어,salon,일반미용업,일반미용업,"서울특별시 마포구 양화로 156, LG팰리스빌딩 1층 109호 (동교동)",서울특별시 마포구 동교동 165-8 LG팰리스빌딩,,2023-01-16,영업,hongdae,,PENDING_REVIEW
3130000-211-2023-00006,카이정헤어 마포합정역점,salon,일반미용업,일반미용업,"서울특별시 마포구 양화로6길 32, 1층 (합정동)",서울특별시 마포구 합정동 413-18 1층,,2023-01-27,영업,hongdae,,PENDING_REVIEW
3130000-211-2023-00007,헤어모락,salon,일반미용업,일반미용업,"서울특별시 마포구 와우산로23길 9, 칼리오페 305호 (서교동)",서울특별시 마포구 서교동 344-6 칼리오페 305호,023329718,2023-01-27,영업,hongdae,,PENDING_REVIEW
3130000-211-2023-00008,헤어모락2,salon,일반미용업,일반미용업,"서울특별시 마포구 와우산로23길 9, 칼리오페 305호 (서교동)",서울특별시 마포구 서교동 344-6 칼리오페 305호,,2023-01-27,영업,hongdae,,PENDING_REVIEW
3130000-211-2023-00009,샵꽁뜨 홍대합정역점,salon,일반미용업,일반미용업,"서울특별시 마포구 잔다리로 63, 2층 (서교동)",서울특별시 마포구 서교동 377-25,,2023-01-30,영업,hongdae,,PENDING_REVIEW
3130000-211-2023-00010,쓰리윅스(3WEEKS),salon,일반미용업,일반미용업,"서울특별시 마포구 토정로 17-9, 1층 (합정동)",서울특별시 마포구 합정동 369-38 1층,,2023-02-09,영업,hongdae,,PENDING_REVIEW
3130000-211-2023-00012,하티살롱,salon,일반미용업,일반미용업,"서울특별시 마포구 토정로3안길 2, 1층 우측호 (합정동)",서울특별시 마포구 합정동 368-6 1층 우측호,,2023-02-17,영업,hongdae,,PENDING_REVIEW
3130000-211-2023-00013,노마즈(NOMAZ),salon,일반미용업,일반미용업,"서울특별시 마포구 동교로23길 6, 달리빌딩 1층 (동교동)",서울특별시 마포구 동교동 201-18 달리빌딩 1층,,2023-02-23,영업,hongdae,,PENDING_REVIEW
3130000-211-2023-00015,이음붙임머리공작소,salon,일반미용업,일반미용업,"서울특별시 마포구 어울마당로 146, 3층 (서교동)",서울특별시 마포구 서교동 331-21 3층 전부,,2023-03-02,영업,hongdae,,PENDING_REVIEW
3130000-211-2023-00017,에이메르 헤어,salon,일반미용업,일반미용업,"서울특별시 마포구 성미산로29길 32, 2층 (연남동)",서울특별시 마포구 연남동 241-47,,2023-03-07,영업,hongdae,,PENDING_REVIEW
3130000-211-2023-00019,모노톤(MONO TONE),salon,일반미용업,일반미용업,"서울특별시 마포구 양화로 100-10, 다내리빌딩 2,3층 (서교동)","서울특별시 마포구 서교동 372-5 다내리빌딩 2,3층",,2023-03-13,영업,hongdae,,PENDING_REVIEW
3130000-211-2023-00024,아르투(ARXTU),salon,일반미용업,일반미용업,"서울특별시 마포구 동교로 174, 청하빌딩 2층 (동교동)",서울특별시 마포구 동교동 161-7 청하빌딩 2층 전체,,2023-03-24,영업,hongdae,,PENDING_REVIEW
3130000-211-2023-00030,아트아띠(Art Atti),salon,일반미용업,일반미용업,"서울특별시 마포구 어울마당로 19, 2층 (합정동)",서울특별시 마포구 합정동 356-5,,2023-05-09,영업,hongdae,,PENDING_REVIEW
3130000-211-2023-00031,오뷰(OVU),salon,일반미용업,일반미용업,"서울특별시 마포구 동교로 183-7, 1~2층 (동교동)","서울특별시 마포구 동교동 201-43 , 1~2층",,2023-05-16,영업,hongdae,,PENDING_REVIEW
3130000-211-2023-00032,르로헤어,salon,일반미용업,일반미용업,"서울특별시 마포구 성미산로26길 27, 1층 (연남동)",서울특별시 마포구 연남동 257-2,,2023-05-16,영업,hongdae,,PENDING_REVIEW
3130000-211-2023-00035,아조트(azoth),salon,일반미용업,일반미용업,"서울특별시 마포구 성미산로 157-8, 2층 202호 (연남동)",서울특별시 마포구 연남동 240-11 202호,,2023-06-16,영업,hongdae,,PENDING_REVIEW
3130000-211-2023-00038,아티즘(ART:ISM),salon,일반미용업,일반미용업,"서울특별시 마포구 동교로46길 42-9, 2층 201호 (연남동)",서울특별시 마포구 연남동 383-91 201호,,2023-07-13,영업,hongdae,,PENDING_REVIEW
3130000-211-2023-00042,샵꽁뜨 합정점,salon,일반미용업,일반미용업,"서울특별시 마포구 양화로6길 27, 반(Bahn) 3층 (서교동)",서울특별시 마포구 서교동 394-19 반(Bahn),,2023-09-08,영업,hongdae,,PENDING_REVIEW
3130000-211-2023-00043,소이하다,salon,일반미용업,일반미용업,"서울특별시 마포구 잔다리로 21-1, 3층 일부호 (서교동)",서울특별시 마포구 서교동 405-5 3층 일부호,,2023-10-06,영업,hongdae,,PENDING_REVIEW
3130000-211-2023-00044,르소피(Le Sophi),salon,일반미용업,일반미용업,"서울특별시 마포구 양화로12길 26, 지월드빌딩 2층 (서교동)",서울특별시 마포구 서교동 395-7 지월드빌딩 2층,,2023-10-10,영업,hongdae,,PENDING_REVIEW
3130000-211-2023-00046,오닉크(ORNIC.K)헤어,salon,일반미용업,일반미용업,"서울특별시 마포구 동교로 273-1, 2층 (연남동)",서울특별시 마포구 연남동 225-15 2층,,2023-10-16,영업,hongdae,,PENDING_REVIEW
3130000-211-2023-00047,요시서울,salon,일반미용업,일반미용업,"서울특별시 마포구 동교로17안길 46, 1층 (서교동)",서울특별시 마포구 서교동 446-32,,2023-06-30,영업,hongdae,,PENDING_REVIEW
3130000-211-2023-00048,샵하루,salon,일반미용업,일반미용업,"서울특별시 마포구 홍익로 25, 서교별관 2층 B04호 (서교동)",서울특별시 마포구 서교동 356-1 서교별관 2층 B04호,,2023-12-15,영업,hongdae,,PENDING_REVIEW
3130000-211-2023-00049,523 vibe,salon,일반미용업,일반미용업,"서울특별시 마포구 홍익로 25, 2층 B07호 (서교동)",서울특별시 마포구 서교동 356-1 2층 B07호,,2023-07-03,영업,hongdae,,PENDING_REVIEW
3130000-211-2023-00051,홍대 붙이다니 붙임머리,salon,일반미용업,일반미용업,"서울특별시 마포구 와우산로23길 35-8, 3층 (서교동)",서울특별시 마포구 서교동 345-21 3층,,2023-02-10,영업,hongdae,,PENDING_REVIEW
3130000-211-2023-00052,포뷰트 맨즈헤어,salon,일반미용업,일반미용업,"서울특별시 마포구 독막로3길 7, 3층 (합정동)",서울특별시 마포구 합정동 413-15 3층,,2023-08-16,영업,hongdae,,PENDING_REVIEW
3130000-211-2024-00002,프로필 맨즈헤어 홍대서교점,salon,일반미용업,일반미용업,"서울특별시 마포구 와우산로23길 9, 칼리오페 103호 (서교동)",서울특별시 마포구 서교동 344-6 칼리오페,,2024-02-01,영업,hongdae,,PENDING_REVIEW
3130000-211-2024-00003,시연헤어,salon,일반미용업,일반미용업,"서울특별시 마포구 홍익로 25, 서교별관 2층 B05호 (서교동)",서울특별시 마포구 서교동 356-1 2층 B05호,,2024-02-02,영업,hongdae,,PENDING_REVIEW
3130000-211-2024-00004,잭 상수점,salon,일반미용업,일반미용업,"서울특별시 마포구 독막로14길 11, 1층 (상수동)","서울특별시 마포구 상수동 323-4 , 1층",,2024-02-02,영업,hongdae,,PENDING_REVIEW
3130000-211-2024-00006,힐헤어,salon,일반미용업,일반미용업,"서울특별시 마포구 동교로50길 16, 3층 (연남동)",서울특별시 마포구 연남동 224-27 3층,,2024-03-21,영업,hongdae,,PENDING_REVIEW
3130000-211-2024-00007,더 부띠끄 연남점,salon,일반미용업,일반미용업,"서울특별시 마포구 동교로 233, 5층 (연남동, 파크연남)",서울특별시 마포구 연남동 259-4 파크연남,,2024-03-21,영업,hongdae,,PENDING_REVIEW
3130000-211-2024-00008,혼키(honki),salon,일반미용업,일반미용업,"서울특별시 마포구 동교로30길 6, 연트럴타워 2층 (동교동)",서울특별시 마포구 동교동 150-2 연트럴타워,,2024-03-25,영업,hongdae,,PENDING_REVIEW
3130000-211-2024-00010,붙임머리 채니드 홍대점,salon,일반미용업,일반미용업,"서울특별시 마포구 어울마당로 136-24, 3층 (서교동)",서울특별시 마포구 서교동 347-11,,2024-03-26,영업,hongdae,,PENDING_REVIEW
3130000-211-2024-00011,레디언트,salon,일반미용업,일반미용업,"서울특별시 마포구 양화로8길 17-5, 1층 (서교동)",서울특별시 마포구 서교동 395-193 1층,,2024-03-29,영업,hongdae,,PENDING_REVIEW
3130000-211-2024-00012,맨드살롱16호점,salon,일반미용업,일반미용업,"서울특별시 마포구 홍익로 3, 2층 (서교동)",서울특별시 마포구 서교동 358-25 2층 일부,,2024-04-01,영업,hongdae,,PENDING_REVIEW
3130000-211-2024-00013,레스(Less),salon,일반미용업,일반미용업,"서울특별시 마포구 홍익로 25, 서교별관 2층 B08호 (서교동)",서울특별시 마포구 서교동 356-1 서교별관 2층 B08호,,2024-04-01,영업,hongdae,,PENDING_REVIEW
3130000-211-2024-00015,누스헤어,salon,일반미용업,일반미용업,"서울특별시 마포구 동교로25길 34, 5층 (동교동)",서울특별시 마포구 동교동 204-2 5층 전부,,2024-04-11,영업,hongdae,,PENDING_REVIEW
3130000-211-2024-00018,에이바헤어 홍대상수역점,salon,일반미용업,일반미용업,"서울특별시 마포구 와우산로 40, 창영빌딩 2층 (상수동)",서울특별시 마포구 상수동 309-9 창영빌딩,,2024-04-12,영업,hongdae,,PENDING_REVIEW
3130000-211-2024-00021,힐링헤어,salon,일반미용업,일반미용업,"서울특별시 마포구 월드컵로14길 27, 서교빌딩 1층 (서교동)",서울특별시 마포구 서교동 473-21 서교빌딩 1층,,2024-04-29,영업,hongdae,,PENDING_REVIEW
3130000-211-2024-00024,하이웨이(HIGH WAY),salon,일반미용업,일반미용업,"서울특별시 마포구 어울마당로1길 16, 1층 일부(좌측)호 (합정동)",서울특별시 마포구 합정동 355-2 1층 일부(좌측),,2024-05-21,영업,hongdae,,PENDING_REVIEW
3130000-211-2024-00025,카이정헤어 홍대상수역점,salon,일반미용업,일반미용업,"서울특별시 마포구 어울마당로 35, 2층 202호 (서교동)",서울특별시 마포구 서교동 402-22 2층 202호,,2024-05-30,영업,hongdae,,PENDING_REVIEW
3130000-211-2024-00028,꾸블랑헤어 홍대상수점,salon,일반미용업,일반미용업,"서울특별시 마포구 독막로 84, 2층 (상수동)",서울특별시 마포구 상수동 324-8,,2024-06-10,영업,hongdae,,PENDING_REVIEW
3130000-211-2024-00033,살롱 발레아쥬(Salon Balayage),salon,일반미용업,일반미용업,"서울특별시 마포구 동교로38안길 17, 수앤지빌 2층 202호 (연남동)",서울특별시 마포구 연남동 390-92 수앤지빌,,2024-06-21,영업,hongdae,,PENDING_REVIEW
3130000-211-2024-00035,넉시 합정,salon,일반미용업,일반미용업,"서울특별시 마포구 월드컵로10길 48, 동궁빌딩 1층 (서교동)",서울특별시 마포구 서교동 478-3 동궁빌딩,,2024-06-27,영업,hongdae,,PENDING_REVIEW
3130000-211-2024-00037,와드 홍대점,salon,일반미용업,일반미용업,"서울특별시 마포구 와우산로 101, 지1층 (서교동)",서울특별시 마포구 서교동 343-10 지하1층,,2024-06-28,영업,hongdae,,PENDING_REVIEW
3130000-211-2024-00038,미뉴잇,salon,일반미용업,일반미용업,"서울특별시 마포구 홍익로 3-11, 새로빌딩 2층 (서교동)",서울특별시 마포구 서교동 358-94 새로빌딩,,2024-06-28,영업,hongdae,,PENDING_REVIEW
3130000-211-2024-00039,피나트맨,salon,일반미용업,일반미용업,"서울특별시 마포구 와우산로 51-27, 101호 (상수동)",서울특별시 마포구 상수동 92-4 101호,,2024-07-01,영업,hongdae,,PENDING_REVIEW
3130000-211-2024-00040,프릭샵,salon,일반미용업,일반미용업,"서울특별시 마포구 와우산로11길 21, 2층 (상수동)",서울특별시 마포구 상수동 312-7 2층,,2024-07-01,영업,hongdae,,PENDING_REVIEW
3130000-211-2024-00041,앤오프(n off),salon,일반미용업,일반미용업,"서울특별시 마포구 동교로23길 32-15, 아이디어웍스 1층 (동교동)",서울특별시 마포구 동교동 203-52 아이디어웍스 1층,,2024-07-03,영업,hongdae,,PENDING_REVIEW
3130000-211-2024-00043,우연,salon,일반미용업,일반미용업,"서울특별시 마포구 성미산로29길 35, 2층 202호 (연남동)",서울특별시 마포구 연남동 245-41 202호,,2024-07-08,영업,hongdae,,PENDING_REVIEW
3130000-211-2024-00044,니지(Nizi),salon,일반미용업,일반미용업,"서울특별시 마포구 신촌로4길 5-13, 1층 101호 (동교동)",서울특별시 마포구 동교동 179-20 101호,,2024-07-08,영업,hongdae,,PENDING_REVIEW
3130000-211-2024-00045,탄(TAN)헤어스튜디오 합정점,salon,일반미용업,일반미용업,"서울특별시 마포구 토정로 51, 1층 (합정동)",서울특별시 마포구 합정동 359-36,,2024-07-10,영업,hongdae,,PENDING_REVIEW
3130000-211-2024-00046,버디맨즈헤어,salon,일반미용업,일반미용업,"서울특별시 마포구 양화로7길 28, 3층 (서교동)",서울특별시 마포구 서교동 386-10,,2024-07-11,영업,hongdae,,PENDING_REVIEW
3130000-211-2024-00047,데이민 모먼트,salon,일반미용업,일반미용업,"서울특별시 마포구 양화로12길 16-9, 북앤빌딩 지하1층 (서교동)",서울특별시 마포구 서교동 395-3 북앤빌딩 지하1층,,2024-07-16,영업,hongdae,,PENDING_REVIEW
3130000-211-2024-00050,경자,salon,일반미용업,일반미용업,"서울특별시 마포구 월드컵북로6길 78, 브라카빌딩 1, 2층 (동교동)",서울특별시 마포구 동교동 197-14 브라카빌딩,,2024-07-22,영업,hongdae,,PENDING_REVIEW
3130000-211-2024-00051,헤어스튜디오 위 업,salon,일반미용업,일반미용업,"서울특별시 마포구 와우산로11길 9-10, 지층 전체호 (상수동)",서울특별시 마포구 상수동 93-110,,2024-07-24,영업,hongdae,,PENDING_REVIEW
3130000-211-2024-00053,퍼닝,salon,일반미용업,일반미용업,서울특별시 마포구 와우산로5길 10 (상수동),서울특별시 마포구 상수동 327-9 건물전체,,2024-08-02,영업,hongdae,,PENDING_REVIEW
3130000-211-2024-00054,원피스붙임머리 홍대점,salon,일반미용업,일반미용업,"서울특별시 마포구 동교로23길 14, 국제빌딩 5층 (동교동)",서울특별시 마포구 동교동 201-16 국제빌딩 5층,0264068035,2024-08-06,영업,hongdae,,PENDING_REVIEW
3130000-211-2024-00055,아델비스,salon,일반미용업,일반미용업,"서울특별시 마포구 희우정로7길 24-8, 1층 (합정동)",서울특별시 마포구 합정동 451-1,,2024-08-09,영업,hongdae,,PENDING_REVIEW
3130000-211-2024-00057,르네 합정점,salon,일반미용업,일반미용업,"서울특별시 마포구 독막로9길 12, 2층 (서교동)",서울특별시 마포구 서교동 402-10 2층,,2024-08-20,영업,hongdae,,PENDING_REVIEW
3130000-211-2024-00058,낫띵엔낫띵(nothing N nothing),salon,일반미용업,일반미용업,"서울특별시 마포구 와우산로29다길 25, 1층 101호 (서교동)",서울특별시 마포구 서교동 335-20 1층 101호,,2024-08-22,영업,hongdae,,PENDING_REVIEW
3130000-211-2024-00059,맨즈코드(man's code),salon,일반미용업,일반미용업,"서울특별시 마포구 와우산로13길 35, 아진 401호 (상수동)",서울특별시 마포구 상수동 312-3 아진 401호,,2024-08-22,영업,hongdae,,PENDING_REVIEW
3130000-211-2024-00061,&추이,salon,일반미용업,일반미용업,"서울특별시 마포구 동교로 145-1, 학산빌딩 1층 (서교동)",서울특별시 마포구 서교동 446-59 학산빌딩 1층,,2024-08-26,영업,hongdae,,PENDING_REVIEW
3130000-211-2024-00062,카이정헤어 합정메세나폴리스점,salon,일반미용업,일반미용업,"서울특별시 마포구 양화로 45, 236호 (서교동, 메세나폴리스)",서울특별시 마포구 서교동 490 메세나폴리스 236호,,2024-08-27,영업,hongdae,,PENDING_REVIEW
3130000-211-2024-00063,템드 헤어룸 합정역점,salon,일반미용업,일반미용업,"서울특별시 마포구 양화로8길 13, 플라워빌딩 1층 (서교동)",서울특별시 마포구 서교동 395-98 플라워빌딩 1층 전부,,2024-08-30,영업,hongdae,,PENDING_REVIEW
3130000-211-2024-00066,아리쉬,salon,일반미용업,일반미용업,"서울특별시 마포구 독막로5길 23, 2층 (서교동)",서울특별시 마포구 서교동 399-4 2층전체,,2024-09-05,영업,hongdae,,PENDING_REVIEW
3130000-211-2024-00069,라피드 헤어,salon,일반미용업,일반미용업,"서울특별시 마포구 와우산로11길 9-11, 1층 우측호 (상수동)",서울특별시 마포구 상수동 145-2,,2024-09-09,영업,hongdae,,PENDING_REVIEW
3130000-211-2024-00071,루트원헤어(Root one hair),salon,일반미용업,일반미용업,"서울특별시 마포구 와우산로 151, 2층 (서교동)",서울특별시 마포구 서교동 327-14 2층,,2024-09-25,영업,hongdae,,PENDING_REVIEW
3130000-211-2024-00072,메이브,salon,일반미용업,일반미용업,"서울특별시 마포구 독막로2길 37, 이케이빌딩 3층 (합정동)",서울특별시 마포구 합정동 366-16 이케이빌딩 3층,,2024-09-30,영업,hongdae,,PENDING_REVIEW
3130000-211-2024-00076,리씨즈(re;sees),salon,일반미용업,일반미용업,"서울특별시 마포구 양화로6길 57-13, 3층 301호 (서교동, 기단)",서울특별시 마포구 서교동 396-61 기단 301호,,2024-10-14,영업,hongdae,,PENDING_REVIEW
3130000-211-2024-00078,우아한헤어 홍대서교점,salon,일반미용업,일반미용업,"서울특별시 마포구 잔다리로6길 25, 재륜빌딩 4층 (서교동)",서울특별시 마포구 서교동 369-10 재륜빌딩 4층,,2024-10-16,영업,hongdae,,PENDING_REVIEW
3130000-211-2024-00079,어네프(unaff),salon,일반미용업,일반미용업,"서울특별시 마포구 연남로 93, 1층 일부호 (연남동)",서울특별시 마포구 연남동 361-14 1층 일부,,2024-10-21,영업,hongdae,,PENDING_REVIEW
3130000-211-2024-00080,리안헤어 상수역점,salon,일반미용업,일반미용업,"서울특별시 마포구 독막로 78, 2층 (상수동)",서울특별시 마포구 상수동 324-5 2층,,2024-10-22,영업,hongdae,,PENDING_REVIEW
3130000-211-2024-00082,마브로(Mabro),salon,일반미용업,일반미용업,"서울특별시 마포구 와우산로29길 4-9, 1층 (서교동)",서울특별시 마포구 서교동 327-44 1층,,2024-10-23,영업,hongdae,,PENDING_REVIEW
3130000-211-2024-00083,와드 합정점,salon,일반미용업,일반미용업,"서울특별시 마포구 양화로6길 49, 3층 (서교동)",서울특별시 마포구 서교동 396-33 3층,,2024-10-24,영업,hongdae,,PENDING_REVIEW
3130000-211-2024-00084,TAKA Seoul,salon,일반미용업,일반미용업,"서울특별시 마포구 월드컵로5길 61, 1층 101호 (합정동)",서울특별시 마포구 합정동 391-1 1층 101호,,2024-10-28,영업,hongdae,,PENDING_REVIEW
3130000-211-2024-00085,닛튼,salon,일반미용업,일반미용업,"서울특별시 마포구 동교로23길 40, CM빌딩 4층 (동교동)",서울특별시 마포구 동교동 203-11 CM빌딩 4층전체,,2024-10-28,영업,hongdae,,PENDING_REVIEW
3130000-211-2024-00090,디크루,salon,일반미용업,일반미용업,"서울특별시 마포구 양화진길 21, 2층 (합정동)",서울특별시 마포구 합정동 375-6 2층 전체,,2024-11-11,영업,hongdae,,PENDING_REVIEW
3130000-211-2024-00093,어몽헤어 홍대합정점,salon,일반미용업,일반미용업,"서울특별시 마포구 양화로11길 31, 1,2층 (서교동)","서울특별시 마포구 서교동 391-8 1,2층",,2024-11-14,영업,hongdae,,PENDING_REVIEW
3130000-211-2024-00095,렉터 서울,salon,일반미용업,일반미용업,"서울특별시 마포구 잔다리로 61, 1층 (서교동)",서울특별시 마포구 서교동 377-27 1층,,2024-11-18,영업,hongdae,,PENDING_REVIEW
3130000-211-2024-00096,로위 합정점,salon,일반미용업,일반미용업,"서울특별시 마포구 양화로 64, 서교제일빌딩 B1층 (서교동)",서울특별시 마포구 서교동 394-44 서교제일빌딩 B1호,,2024-11-28,영업,hongdae,,PENDING_REVIEW
3130000-211-2024-00098,인노브,salon,일반미용업,일반미용업,"서울특별시 마포구 동교로39길 10, 2층 (연남동)",서울특별시 마포구 연남동 255-24 2층,,2024-12-03,영업,hongdae,,PENDING_REVIEW
3130000-211-2024-00099,희오(HEE.O),salon,일반미용업,일반미용업,"서울특별시 마포구 연희로1길 28, 클레오파트라 제1동 3층 302호 (동교동)",서울특별시 마포구 동교동 113-29 클레오파트라 1동 302호,,2024-12-16,영업,hongdae,,PENDING_REVIEW
3130000-211-2024-00100,틴서울(TEEN SEOUL),salon,일반미용업,일반미용업,"서울특별시 마포구 동교로46길 42-6, 지층 (연남동)",서울특별시 마포구 연남동 227-7 지층,,2024-12-23,영업,hongdae,,PENDING_REVIEW
3130000-211-2024-00101,순시키헤어 홍대점,salon,일반미용업,일반미용업,"서울특별시 마포구 양화로 164, 동덕타워 8층 (동교동)",서울특별시 마포구 동교동 165-4 동덕타워 8층,,2024-12-30,영업,hongdae,,PENDING_REVIEW
3130000-211-2024-00102,SAI,salon,일반미용업,일반미용업,"서울특별시 마포구 와우산로10길 29, 2층 (상수동)",서울특별시 마포구 상수동 93-68,,2024-12-02,영업,hongdae,,PENDING_REVIEW
3130000-211-2025-00005,도원,salon,일반미용업,일반미용업,"서울특별시 마포구 동교로 227-5, 2층 202호 (연남동)",서울특별시 마포구 연남동 373-14 2층 202호,,2025-01-20,영업,hongdae,,PENDING_REVIEW
3130000-211-2025-00006,포트 연남점,salon,일반미용업,일반미용업,"서울특별시 마포구 성미산로29길 17-10, 3층 (연남동)",서울특별시 마포구 연남동 245-71 3층,,2025-01-20,영업,hongdae,,PENDING_REVIEW
3130000-211-2025-00007,유니브(univ),salon,일반미용업,일반미용업,"서울특별시 마포구 동교로 245, 3층 (연남동)",서울특별시 마포구 연남동 258-10 3층,,2025-01-20,영업,hongdae,,PENDING_REVIEW
3130000-211-2025-00008,아이론스톤(IRON STONE),salon,일반미용업,일반미용업,"서울특별시 마포구 양화로6길 9, 2층 (서교동)",서울특별시 마포구 서교동 394-57 2층,,2025-01-23,영업,hongdae,,PENDING_REVIEW
3130000-211-2025-00010,더블브이디,salon,일반미용업,일반미용업,"서울특별시 마포구 성미산로 143, 3층 (연남동)",서울특별시 마포구 연남동 250-28 3층,,2025-02-10,영업,hongdae,,PENDING_REVIEW
3130000-211-2025-00014,팅크(tinc),salon,일반미용업,일반미용업,"서울특별시 마포구 동교로 194, 혜원빌딩 2층 (동교동)",서울특별시 마포구 동교동 158-24 혜원빌딩 2층,,2025-02-17,영업,hongdae,,PENDING_REVIEW
3130000-211-2025-00015,묵일재(mukiljae),salon,일반미용업,일반미용업,"서울특별시 마포구 양화로6길 57-24, 2층 (서교동, 제이투21빌딩)",서울특별시 마포구 서교동 399-18 제이투21빌딩 2층,,2025-02-17,영업,hongdae,,PENDING_REVIEW
3130000-211-2025-00016,도심,salon,일반미용업,일반미용업,"서울특별시 마포구 양화로 73-1, 이스턴빌딩 3층 (서교동)","서울특별시 마포구 서교동 392-24 이스턴빌딩, 3층",,2025-02-24,영업,hongdae,,PENDING_REVIEW
3130000-211-2025-00019,세세,salon,일반미용업,일반미용업,"서울특별시 마포구 토정로 22, 세아빌딩 2층 (합정동)",서울특별시 마포구 합정동 213-4 세아빌딩 2층,,2025-02-27,영업,hongdae,,PENDING_REVIEW
3130000-211-2025-00024,키노트,salon,일반미용업,일반미용업,"서울특별시 마포구 토정로 27-1, 시너지빌딩 1층 202호 (합정동)",서울특별시 마포구 합정동 369-18 시너지빌딩 1층 202호,,2025-03-20,영업,hongdae,,PENDING_REVIEW
3130000-211-2025-00028,모생떼 헤드스파 홍대본점,salon,일반미용업,일반미용업,"서울특별시 마포구 양화로11길 8, 한동출판 4층 (서교동)",서울특별시 마포구 서교동 378-13 한동출판,,2025-03-25,영업,hongdae,,PENDING_REVIEW
3130000-211-2025-00029,연주 디자인,salon,일반미용업,일반미용업,"서울특별시 마포구 홍익로 25, 2층 B03호 (서교동)",서울특별시 마포구 서교동 356-1 2층 B03호,,2025-03-26,영업,hongdae,,PENDING_REVIEW
3130000-211-2025-00030,하퓰러(Hapular),salon,일반미용업,일반미용업,"서울특별시 마포구 와우산로27길 35, 2층 202호 (서교동)",서울특별시 마포구 서교동 340-5 2층 202호,,2025-03-26,영업,hongdae,,PENDING_REVIEW
3130000-211-2025-00031,모노톤 (상수점),salon,일반미용업,일반미용업,"서울특별시 마포구 와우산로15길 38, 2층 (서교동)","서울특별시 마포구 서교동 408-24 , 2층",07048375000,2025-03-28,영업,hongdae,,PENDING_REVIEW
3130000-211-2025-00032,포에 (forat),salon,일반미용업,일반미용업,"서울특별시 마포구 독막로6길 15, 엠슨투 지1층 (합정동)","서울특별시 마포구 합정동 362-12 엠슨투, 지1층",,2025-04-01,영업,hongdae,,PENDING_REVIEW
3130000-211-2025-00034,키시(KICI)헤어숍,salon,일반미용업,일반미용업,"서울특별시 마포구 동교로38길 33-16, 2층 (연남동)",서울특별시 마포구 연남동 383-40 2층,,2025-04-07,영업,hongdae,,PENDING_REVIEW
3130000-211-2025-00035,B:ov 비오브,salon,일반미용업,일반미용업,"서울특별시 마포구 월드컵로3길 31-8, 2층 (합정동)",서울특별시 마포구 합정동 388-10 2층,,2025-04-11,영업,hongdae,,PENDING_REVIEW
3130000-211-2025-00036,앤트 맨즈헤어 연남하우스,salon,일반미용업,일반미용업,"서울특별시 마포구 성미산로32길 47, 2층 (연남동)",서울특별시 마포구 연남동 256-6 2층,,2025-04-15,영업,hongdae,,PENDING_REVIEW
3130000-211-2025-00037,루크미(Lukeme),salon,일반미용업,일반미용업,"서울특별시 마포구 동교로38길 4, 2층 (연남동)",서울특별시 마포구 연남동 260-16 2층,,2025-04-16,영업,hongdae,,PENDING_REVIEW
3130000-211-2025-00040,오늘도 공간헤어,salon,일반미용업,일반미용업,"서울특별시 마포구 양화로 157, 파라다이스텔 205호 (동교동)",서울특별시 마포구 동교동 159-6 파라다이스텔 205호,,2025-04-28,영업,hongdae,,PENDING_REVIEW
3130000-211-2025-00044,류닛(RYUNIT),salon,일반미용업,일반미용업,"서울특별시 마포구 성미산로32길 14, 2층 (연남동)","서울특별시 마포구 연남동 239-19 , 2층",,2025-05-09,영업,hongdae,,PENDING_REVIEW
3130000-211-2025-00045,헤어 살롱디,salon,일반미용업,일반미용업,"서울특별시 마포구 양화로 45, 몰동 174호 (서교동, 메세나폴리스)",서울특별시 마포구 서교동 490 메세나폴리스 몰동 174호,,2025-05-13,영업,hongdae,,PENDING_REVIEW
3130000-211-2025-00047,허지회관,salon,일반미용업,일반미용업,"서울특별시 마포구 잔다리로6길 20-8, 더스톤 지1층 B1호 (서교동)","서울특별시 마포구 서교동 368-37 더스톤, 지1층 B1호",,2025-05-15,영업,hongdae,,PENDING_REVIEW
3130000-211-2025-00051,우아한(UAHAN) 홍대러브점,salon,일반미용업,일반미용업,"서울특별시 마포구 어울마당로 94-13, 마법의 성 1-2층 (서교동)","서울특별시 마포구 서교동 358-110 마법의 성, 1-2층",,2025-05-23,영업,hongdae,,PENDING_REVIEW
3130000-211-2025-00052,에임드 합정,salon,일반미용업,일반미용업,"서울특별시 마포구 성지길 60, 2층 (합정동)",서울특별시 마포구 합정동 376-19 2층,,2025-05-28,영업,hongdae,,PENDING_REVIEW
3130000-211-2025-00054,동경하다 홍대상수점,salon,일반미용업,일반미용업,"서울특별시 마포구 와우산로13길 49-3, 2,3층 (상수동)","서울특별시 마포구 상수동 314-11 2,3층",,2025-06-09,영업,hongdae,,PENDING_REVIEW
3130000-211-2025-00057,도큐헤어(DOCU hair) 연남점,salon,일반미용업,일반미용업,"서울특별시 마포구 성미산로26길 33, 2층 (연남동)",서울특별시 마포구 연남동 257-4 2층,,2025-06-13,영업,hongdae,,PENDING_REVIEW
3130000-211-2025-00061,홍대붙임머리 원피스,salon,일반미용업,일반미용업,"서울특별시 마포구 와우산로29마길 5, 2층 우측호 (서교동)",서울특별시 마포구 서교동 333-30 2층 우측호,,2025-06-27,영업,hongdae,,PENDING_REVIEW
3130000-211-2025-00062,르미모네,salon,일반미용업,일반미용업,"서울특별시 마포구 와우산로29가길 84, 4층 402호 (서교동)",서울특별시 마포구 서교동 342-10 402호,,2025-06-27,영업,hongdae,,PENDING_REVIEW
3130000-211-2025-00063,코하,salon,일반미용업,일반미용업,"서울특별시 마포구 토정로 31, 2층 (합정동)",서울특별시 마포구 합정동 368-27 2층,,2025-07-03,영업,hongdae,,PENDING_REVIEW
3130000-211-2025-00064,슈네크 연남,salon,일반미용업,일반미용업,"서울특별시 마포구 동교로36길 7, 2층 201호 (연남동, 투윤빌딩)",서울특별시 마포구 연남동 260-24 투윤빌딩 201호,,2025-07-04,영업,hongdae,,PENDING_REVIEW
3130000-211-2025-00066,메종옴므(Maison Homme),salon,일반미용업,일반미용업,"서울특별시 마포구 독막로6길 18, 2층 (합정동)",서울특별시 마포구 합정동 361-29,,2025-07-30,영업,hongdae,,PENDING_REVIEW
3130000-211-2025-00067,무딩헤어,salon,일반미용업,일반미용업,"서울특별시 마포구 양화로7길 6-5, 3층 (서교동, 와와빌딩)","서울특별시 마포구 서교동 391-18 와와빌딩, 3층",,2025-07-31,영업,hongdae,,PENDING_REVIEW
3130000-211-2025-00071,OUTSET,salon,일반미용업,일반미용업,"서울특별시 마포구 성지3길 40, spring house 2층 (합정동)",서울특별시 마포구 합정동 367-31 spring house,,2025-08-25,영업,hongdae,,PENDING_REVIEW
3130000-211-2025-00075,보그헤어 합정점,salon,일반미용업,일반미용업,"서울특별시 마포구 월드컵로1길 14, 지하1층 B113-1, B113-2호 (합정동, 마포 한강 푸르지오)","서울특별시 마포구 합정동 472 마포 한강 푸르지오, 지하1층 B113-1호, B113-2호",023346660,2025-09-01,영업,hongdae,,PENDING_REVIEW
3130000-211-2025-00077,디샛 (DESAT),salon,일반미용업,일반미용업,"서울특별시 마포구 독막로3길 28-17, 2층 (서교동)",서울특별시 마포구 서교동 396-51,,2025-09-05,영업,hongdae,,PENDING_REVIEW
3130000-211-2025-00080,시놉 SYNOP,salon,일반미용업,일반미용업,"서울특별시 마포구 독막로5길 24, 2층 (서교동)","서울특별시 마포구 서교동 400-15 , 2층",,2025-09-24,영업,hongdae,,PENDING_REVIEW
3130000-211-2025-00081,이안,salon,일반미용업,일반미용업,"서울특별시 마포구 홍익로 25, 2층 [C01]호 (서교동)","서울특별시 마포구 서교동 356-1 , 2층 [C01]호",,2025-09-24,영업,hongdae,,PENDING_REVIEW
3130000-211-2025-00083,키케,salon,일반미용업,일반미용업,"서울특별시 마포구 와우산로13길 49, 3층 (상수동)","서울특별시 마포구 상수동 316-1 , 3층",,2025-10-13,영업,hongdae,,PENDING_REVIEW
3130000-211-2025-00084,히피해피 연남점,salon,일반미용업,일반미용업,"서울특별시 마포구 동교로51안길 13, 지상1,지하1층 (연남동)",서울특별시 마포구 연남동 223-104,,2025-10-14,영업,hongdae,,PENDING_REVIEW
3130000-211-2025-00085,맨드살롱 합정점,salon,일반미용업,일반미용업,"서울특별시 마포구 양화로6길 45, 2층 201호 (서교동)",서울특별시 마포구 서교동 396-32 201호,,2025-10-15,영업,hongdae,,PENDING_REVIEW
3130000-211-2025-00086,우아한헤어 연남점,salon,일반미용업,일반미용업,"서울특별시 마포구 동교로 219, 2층 (동교동)","서울특별시 마포구 동교동 198-31 , 2층",,2025-10-15,영업,hongdae,,PENDING_REVIEW
3130000-211-2025-00087,스튜디오 선(studio seon),salon,일반미용업,일반미용업,"서울특별시 마포구 양화로 114, 엠제이더퍼스트홍대 3층 [A02]호 (서교동)","서울특별시 마포구 서교동 371-7 엠제이더퍼스트홍대, 3층 [A02]호",,2025-10-21,영업,hongdae,,PENDING_REVIEW
3130000-211-2025-00088,살롱 에톰(salon etom),salon,일반미용업,일반미용업,"서울특별시 마포구 양화로 114, 엠제이더퍼스트홍대 3층 [A08]호 (서교동)","서울특별시 마포구 서교동 371-7 엠제이더퍼스트홍대, 3층 [A08]호",,2025-10-21,영업,hongdae,,PENDING_REVIEW
3130000-211-2025-00089,에딧유,salon,일반미용업,일반미용업,"서울특별시 마포구 와우산로 39-13, 2층 (상수동)","서울특별시 마포구 상수동 310-8 , 2층",,2025-10-27,영업,hongdae,,PENDING_REVIEW
3130000-211-2025-00090,베이바이허슬기 스파앤블리치,salon,일반미용업,일반미용업,"서울특별시 마포구 홍익로6길 42, 3-5층 (동교동)","서울특별시 마포구 동교동 164-18 , 3-5층",023369300,2025-10-31,영업,hongdae,,PENDING_REVIEW
3130000-211-2025-00091,뮤즈톤 홍대상수점,salon,일반미용업,일반미용업,"서울특별시 마포구 와우산로15길 37, 1층 우측호 (서교동)","서울특별시 마포구 서교동 411-9 , 1층 우측호",,2025-11-05,영업,hongdae,,PENDING_REVIEW
3130000-211-2025-00095,민정,salon,일반미용업,일반미용업,"서울특별시 마포구 양화로 114, 엠제이더퍼스트홍대 3층 [A07]호 (서교동)",서울특별시 마포구 서교동 371-7 엠제이더퍼스트홍대 3층 [A07]호,,2025-11-05,영업,hongdae,,PENDING_REVIEW
3130000-211-2025-00096,모어온헤어 합정점,salon,일반미용업,일반미용업,"서울특별시 마포구 독막로3길 45, DSM Square 1층 (서교동)","서울특별시 마포구 서교동 395-181 DSM Square, 1층",,2025-11-17,영업,hongdae,,PENDING_REVIEW
3130000-211-2025-00098,에이엠톤 본점,salon,일반미용업,일반미용업,"서울특별시 마포구 잔다리로3안길 40, 1-2층 (서교동)","서울특별시 마포구 서교동 395-125 , 1-2층",,2025-11-17,영업,hongdae,,PENDING_REVIEW
3130000-211-2025-00100,유즈맨즈헤어,salon,일반미용업,일반미용업,"서울특별시 마포구 양화로 72, 101동 1층 132호 (서교동, 서교동 효성 해링턴 타워)",서울특별시 마포구 서교동 494 서교동 효성 해링턴 타워 101동 132호,,2025-11-19,영업,hongdae,,PENDING_REVIEW
3130000-211-2025-00101,넉시 2층점,salon,일반미용업,일반미용업,"서울특별시 마포구 월드컵로10길 48, 동궁빌딩 2층 202호 (서교동)",서울특별시 마포구 서교동 478-3 동궁빌딩,,2025-11-21,영업,hongdae,,PENDING_REVIEW
3130000-211-2025-00103,에이노이헤어 마포연남점,salon,일반미용업,일반미용업,서울특별시 마포구 성미산로 153-6 (연남동),서울특별시 마포구 연남동 240-25,,2025-11-28,영업,hongdae,,PENDING_REVIEW
3130000-211-2025-00104,준오헤어,salon,일반미용업,일반미용업,"서울특별시 마포구 양화로 133, 서교타워 지1층 101호 (서교동)","서울특별시 마포구 서교동 353-1 서교타워, 지1층 101호",,2025-12-08,영업,hongdae,juno-hair-garosugil,PENDING_REVIEW
3130000-211-2025-00108,더데이즈헤어 그로브점,salon,일반미용업,일반미용업,"서울특별시 마포구 동교로36길 15, 1-2층 (연남동)","서울특별시 마포구 연남동 382-14 , 1-2층",,2025-12-18,영업,hongdae,,PENDING_REVIEW
3130000-211-2025-00109,에피(aepie),salon,일반미용업,일반미용업,"서울특별시 마포구 성지1길 35, 세인트펄(saint pearl) 2층 (합정동)","서울특별시 마포구 합정동 364-9 세인트펄(saint pearl), 2층",,2025-12-19,영업,hongdae,,PENDING_REVIEW
3130000-211-2026-00001,헤어바이티나(Hair by Tina),salon,일반미용업,일반미용업,"서울특별시 마포구 양화로 114, 엠제이더퍼스트홍대 3층 A06호 (서교동)",서울특별시 마포구 서교동 371-7 엠제이더퍼스트홍대,,2026-01-05,영업,hongdae,,PENDING_REVIEW
3130000-211-2026-00002,하임,salon,일반미용업,일반미용업,"서울특별시 마포구 양화로6길 87, 3층 (서교동)","서울특별시 마포구 서교동 401-9 , 3층",,2026-01-05,영업,hongdae,,PENDING_REVIEW
3130000-211-2026-00003,딕스(DIX),salon,일반미용업,일반미용업,"서울특별시 마포구 월드컵북로5가길 31, 미소빌딩 3층 (서교동)","서울특별시 마포구 서교동 447-9 미소빌딩, 3층",,2026-01-06,영업,hongdae,,PENDING_REVIEW
3130000-211-2026-00006,코이헤어,salon,일반미용업,일반미용업,"서울특별시 마포구 월드컵북로1길 26-9, 1층 (서교동, 선선빌딩)",서울특별시 마포구 서교동 352-22 선선빌딩 1층,,2026-01-16,영업,hongdae,,PENDING_REVIEW
3130000-211-2026-00007,박승철 헤어스투디오 교보 합정점,salon,일반미용업,일반미용업,"서울특별시 마포구 월드컵로1길 14, 지하2층 (합정동, 마포 한강 푸르지오)",서울특별시 마포구 합정동 472 마포 한강 푸르지오,,2026-01-21,영업,hongdae,,PENDING_REVIEW
3130000-211-2026-00008,맨즈헤어 윈지오 합정,salon,일반미용업,일반미용업,"서울특별시 마포구 토정로 12-3, 2층 (합정동)",서울특별시 마포구 합정동 197-3,,2026-01-21,영업,hongdae,,PENDING_REVIEW
3130000-211-2026-00011,포뷰트 맨즈헤어 홍대본점,salon,일반미용업,일반미용업,"서울특별시 마포구 독막로3길 7, 3층 (합정동)",서울특별시 마포구 합정동 413-15,,2026-01-27,영업,hongdae,,PENDING_REVIEW
3130000-211-2026-00012,포뷰트맨즈헤어,salon,일반미용업,일반미용업,"서울특별시 마포구 독막로3길 7, 3층 (합정동)",서울특별시 마포구 합정동 413-15,,2026-01-27,영업,hongdae,,PENDING_REVIEW
3130000-211-2026-00017,AMOMO,salon,일반미용업,일반미용업,"서울특별시 마포구 독막로 92-15, 삼삼공빌딩 2층 1호 (상수동)",서울특별시 마포구 상수동 330-8 삼삼공빌딩,,2026-02-04,영업,hongdae,,PENDING_REVIEW
3130000-211-2026-00018,로위 합정라운지점,salon,일반미용업,일반미용업,"서울특별시 마포구 독막로 18, 합정하이팍빌딩 2층 (합정동)",서울특별시 마포구 합정동 364-29 합정하이팍빌딩,,2026-02-05,영업,hongdae,,PENDING_REVIEW
3130000-211-2026-00020,tek,salon,일반미용업,일반미용업,"서울특별시 마포구 동교로 103, 南宮빌딩 3층 (서교동)",서울특별시 마포구 서교동 479-8 南宮빌딩,,2026-02-11,영업,hongdae,,PENDING_REVIEW
3130000-211-2026-00021,샵꽁뜨,salon,일반미용업,일반미용업,"서울특별시 마포구 동교로 255-1, 2,3층 201,202,301호 (연남동)",서울특별시 마포구 연남동 229-51,,2026-02-11,영업,hongdae,,PENDING_REVIEW
3130000-211-2026-00022,누이NUI,salon,일반미용업,일반미용업,"서울특별시 마포구 동교로 171, 아람빌딩 3층 (동교동)",서울특별시 마포구 동교동 206-6 아람빌딩,,2026-02-13,영업,hongdae,,PENDING_REVIEW
3130000-211-2026-00023,디어무드룸(dearmoodroom),salon,일반미용업,일반미용업,"서울특별시 마포구 양화로 114, 엠제이더퍼스트홍대 2층 301,302,303 A04호 (서교동)",서울특별시 마포구 서교동 371-7 엠제이더퍼스트홍대,,2026-02-23,영업,hongdae,,PENDING_REVIEW
3130000-211-2026-00024,무릇 서울,salon,일반미용업,일반미용업,"서울특별시 마포구 홍익로 25, 서교별관동 2층 B06호 (서교동)",서울특별시 마포구 서교동 356-1,,2026-02-23,영업,hongdae,,PENDING_REVIEW
3130000-211-2026-00025,유리뷰티(yuli beauty),salon,일반미용업,일반미용업,"서울특별시 마포구 홍익로 25, 서교별관동 2층 B12호 (서교동)",서울특별시 마포구 서교동 356-1,,2026-02-23,영업,hongdae,,PENDING_REVIEW
3130000-211-2026-00029,앤 붙임머리(Anne),salon,일반미용업,일반미용업,"서울특별시 마포구 신촌로2안길 2, 보애빌딩 지하1층 (동교동)",서울특별시 마포구 동교동 176-13 보애빌딩,,2026-03-03,영업,hongdae,,PENDING_REVIEW
3130000-211-2026-00030,르미엘테라피,salon,일반미용업,일반미용업,"서울특별시 마포구 월드컵북로5가길 22, 맥심빌딩 3층 (서교동)",서울특별시 마포구 서교동 446-36 맥심빌딩,,2026-03-04,영업,hongdae,,PENDING_REVIEW
3130000-211-2026-00031,머리합니다,salon,일반미용업,일반미용업,"서울특별시 마포구 연희로1길 51, 3층 302호 (연남동)",서울특별시 마포구 연남동 383-24,,2026-03-04,영업,hongdae,,PENDING_REVIEW
3130000-211-2026-00036,나눌헤어,salon,일반미용업,일반미용업,"서울특별시 마포구 양화로 45, B2층 X26,YC호 (서교동, 메세나폴리스)",서울특별시 마포구 서교동 490 메세나폴리스,,2026-03-10,영업,hongdae,,PENDING_REVIEW
3130000-211-2026-00041,더 예쁨 스캔앤바디,salon,일반미용업,일반미용업,"서울특별시 마포구 양화로7길 12, 3층 (서교동)",서울특별시 마포구 서교동 391-17,,2026-03-16,영업,hongdae,,PENDING_REVIEW
3130000-211-2026-00042,SATIT(새팃),salon,일반미용업,일반미용업,"서울특별시 마포구 신촌로4길 5-18, 2층 201호 (동교동)",서울특별시 마포구 동교동 178-13,,2026-03-16,영업,hongdae,,PENDING_REVIEW
3130000-211-2026-00045,핑크파우더,salon,일반미용업,일반미용업,"서울특별시 마포구 양화로 156, LG팰리스빌딩 제지하1층 제109호 (동교동)",서울특별시 마포구 동교동 165-8 LG팰리스빌딩,,2026-03-23,영업,hongdae,,PENDING_REVIEW
3130000-211-2026-00046,엘로엔(ELOEN),salon,일반미용업,일반미용업,"서울특별시 마포구 동교로38길 33-9, 202호 (연남동)",서울특별시 마포구 연남동 390-37,,2026-03-23,영업,hongdae,,PENDING_REVIEW
3130000-211-2026-00047,ARC(아크),salon,일반미용업,일반미용업,"서울특별시 마포구 동교로46길 42-3, 1층 202호 (연남동)",서울특별시 마포구 연남동 227-4,,2026-03-26,영업,hongdae,,PENDING_REVIEW
3130000-211-2026-00048,블루아 붙임머리,salon,일반미용업,일반미용업,"서울특별시 마포구 독막로15길 3-3, 2층 202호 (상수동)",서울특별시 마포구 상수동 315-3 202호,,2026-03-30,영업,hongdae,,PENDING_REVIEW
3130000-211-2026-00049,슬로,salon,일반미용업,일반미용업,"서울특별시 마포구 동교로27길 50, 3층 302호 (연남동)",서울특별시 마포구 연남동 567-1 302호,,2026-03-30,영업,hongdae,,PENDING_REVIEW
3130000-211-2026-00053,래쉬비스튜디오,salon,일반미용업,일반미용업,"서울특별시 마포구 양화로 156, LG팰리스빌딩 제지하1층 125(일부)호 (동교동)",서울특별시 마포구 동교동 165-8 LG팰리스빌딩,,2026-04-08,영업,hongdae,,PENDING_REVIEW
3130000-211-2026-00055,시프트코드,salon,일반미용업,일반미용업,"서울특별시 마포구 동교로46길 42-9, 2층 202(전대)호 (연남동)",서울특별시 마포구 연남동 383-91,,2026-04-10,영업,hongdae,,PENDING_REVIEW
3130000-211-2026-00056,오브오 홍대합정점,salon,일반미용업,일반미용업,"서울특별시 마포구 독막로9길 26, 2층 (서교동)",서울특별시 마포구 서교동 403-23,,2026-04-13,영업,hongdae,,PENDING_REVIEW
3130000-211-2026-00057,TAMA'S,salon,일반미용업,일반미용업,"서울특별시 마포구 양화로 114, 엠제이더퍼스트홍대 3층 A09호 (서교동)",서울특별시 마포구 서교동 371-7 엠제이더퍼스트홍대,,2026-04-15,영업,hongdae,,PENDING_REVIEW
3130000-211-2026-00058,탈색던전(Bleach Dungeon),salon,일반미용업,일반미용업,"서울특별시 마포구 양화로 114, 엠제이더퍼스트홍대 3층 A01호 (서교동)",서울특별시 마포구 서교동 371-7 엠제이더퍼스트홍대,,2026-04-15,영업,hongdae,,PENDING_REVIEW
3130000-211-2026-00061,꼬므붙임머리 홍대점,salon,일반미용업,일반미용업,"서울특별시 마포구 와우산로22길 72, 1층 101호 (상수동)",서울특별시 마포구 상수동 88-17,,2026-04-28,영업,hongdae,,PENDING_REVIEW
3130000-211-2026-00062,프라이빗헤어 공주리,salon,일반미용업,일반미용업,"서울특별시 마포구 양화로 114, 엠제이더퍼스트홍대 3층 A03호 (서교동)",서울특별시 마포구 서교동 371-7 엠제이더퍼스트홍대,,2026-04-29,영업,hongdae,,PENDING_REVIEW
3130000-211-2026-00063,오디티헤어연남,salon,일반미용업,일반미용업,"서울특별시 마포구 성미산로29길 29-9, 2층 (연남동)",서울특별시 마포구 연남동 245-49,,2026-04-30,영업,hongdae,,PENDING_REVIEW
3130000-211-2026-00064,로위 홍대입구역점,salon,일반미용업,일반미용업,"서울특별시 마포구 양화로 125, 경남관광빌딩 4층 (서교동)",서울특별시 마포구 서교동 353-5 경남관광빌딩,,2026-04-30,영업,hongdae,,PENDING_REVIEW
3130000-211-2026-00065,ETTR,salon,일반미용업,일반미용업,"서울특별시 마포구 연희로1길 10, 3층 (동교동)",서울특별시 마포구 동교동 113-90,,2026-05-04,영업,hongdae,,PENDING_REVIEW
3130000-211-2026-00068,텀텀(tum-tum),salon,일반미용업,일반미용업,"서울특별시 마포구 양화로 114, 엠제이더퍼스트홍대 3층 A05호 (서교동)",서울특별시 마포구 서교동 371-7 엠제이더퍼스트홍대,,2026-05-15,영업,hongdae,,PENDING_REVIEW
3130000-211-2026-00069,올댓무드 all that mood,salon,일반미용업,일반미용업,"서울특별시 마포구 월드컵북로4길 61, 1층 (동교동)",서울특별시 마포구 동교동 204-36,,2026-05-15,영업,hongdae,,PENDING_REVIEW
3130000-211-2026-00070,솔레헤어,salon,일반미용업,일반미용업,"서울특별시 마포구 성미산로 192, 챕터 연남 3층 (연남동)",서울특별시 마포구 연남동 227-23 챕터 연남,,2026-05-20,영업,hongdae,,PENDING_REVIEW
3130000-211-2026-00071,아리(ari),salon,일반미용업,일반미용업,"서울특별시 마포구 홍익로 25, 3층 B05호 (서교동)",서울특별시 마포구 서교동 356-1,,2026-05-22,영업,hongdae,,PENDING_REVIEW
3130000-211-2026-00072,린다,salon,일반미용업,일반미용업,"서울특별시 마포구 양화로 114, 엠제이더퍼스트홍대 3층 A13호 (서교동)",서울특별시 마포구 서교동 371-7 엠제이더퍼스트홍대,,2026-05-22,영업,hongdae,,PENDING_REVIEW
3130000-211-2026-00073,수피아,salon,일반미용업,일반미용업,"서울특별시 마포구 홍익로 25, 3층 B04호 (서교동)",서울특별시 마포구 서교동 356-1,,2026-05-27,영업,hongdae,,PENDING_REVIEW
3130000-211-2026-00074,오에브,salon,일반미용업,일반미용업,"서울특별시 마포구 홍익로 25, 2층 B11호 (서교동)",서울특별시 마포구 서교동 356-1,,2026-05-27,영업,hongdae,,PENDING_REVIEW
3130000-211-2026-00076,디무드 헤어,salon,일반미용업,일반미용업,"서울특별시 마포구 홍익로 25, 3층 B02호 (서교동)",서울특별시 마포구 서교동 356-1,,2026-06-01,영업,hongdae,,PENDING_REVIEW
3130000-211-2026-00077,모쉬 홍대점(mosh),salon,일반미용업,일반미용업,"서울특별시 마포구 동교로 178, 2층 (동교동)",서울특별시 마포구 동교동 161-3,,2026-06-09,영업,hongdae,,PENDING_REVIEW
3130000-211-2026-00079,어글리잇쵸(Ugly it's OK),salon,일반미용업,일반미용업,"서울특별시 마포구 홍익로 25, 3층 A10호 (서교동)",서울특별시 마포구 서교동 356-1,,2026-06-09,영업,hongdae,,PENDING_REVIEW
3130000-211-2026-00080,The Ria,salon,일반미용업,일반미용업,"서울특별시 마포구 홍익로 25, 3층 B08호 (서교동)",서울특별시 마포구 서교동 356-1,,2026-06-09,영업,hongdae,,PENDING_REVIEW
3130000-211-2026-00081,아이룸,salon,일반미용업,일반미용업,"서울특별시 마포구 홍익로 25, 3층 B03호 (서교동)",서울특별시 마포구 서교동 356-1,,2026-06-09,영업,hongdae,,PENDING_REVIEW
3130000-211-2026-00082,EEEEE(이이이이이)합정역점,salon,일반미용업,일반미용업,"서울특별시 마포구 양화로 73-1, 이스턴빌딩 3층 (서교동)",서울특별시 마포구 서교동 392-24 이스턴빌딩,,2026-06-10,영업,hongdae,,PENDING_REVIEW
3130000-211-2026-00084,우아한 뷰티랩,salon,일반미용업,일반미용업,서울특별시 마포구 잔다리로 21-1 (서교동),서울특별시 마포구 서교동 405-5,,2026-06-18,영업,hongdae,,PENDING_REVIEW
3130000-211-2026-00085,ITO,salon,일반미용업,일반미용업,"서울특별시 마포구 양화로12길 16-12, 찬홍 2층 (서교동)",서울특별시 마포구 서교동 395-204 찬홍,,2026-06-18,영업,hongdae,,PENDING_REVIEW
3130000-211-2026-00086,원지오 페이즈 합정,salon,일반미용업,일반미용업,"서울특별시 마포구 성지길 39, 2층 (합정동)",서울특별시 마포구 합정동 370-8,,2026-06-26,영업,hongdae,,PENDING_REVIEW
3130000-211-2026-00087,IKI HAIR,salon,일반미용업,일반미용업,"서울특별시 마포구 독막로 43-1, 3층 (합정동)",서울특별시 마포구 합정동 411-14,,2026-06-30,영업,hongdae,,PENDING_REVIEW
3130000-211-2026-00088,뉴올 합정,salon,일반미용업,일반미용업,"서울특별시 마포구 양화로6길 33, 홍타운 4층 (서교동)",서울특별시 마포구 서교동 394-17 홍타운,,2026-06-30,영업,hongdae,,PENDING_REVIEW
3130000-211-2026-00092,실키데이,salon,일반미용업,일반미용업,"서울특별시 마포구 동교로 262-8, 4층 (연남동)",서울특별시 마포구 연남동 387-14,,2026-07-20,영업,hongdae,,PENDING_REVIEW
3130000-211-2026-00093,히복 HEEBOK,salon,일반미용업,일반미용업,"서울특별시 마포구 월드컵북로1길 26-7, 3층 (서교동)",서울특별시 마포구 서교동 352-23,,2026-07-21,영업,hongdae,,PENDING_REVIEW
3130000-212-2009-00018,제트슬림뷰티,facial,피부미용업,피부미용업,"서울특별시 마포구 양화로18안길 8, 3층 (동교동)",서울특별시 마포구 동교동 169-15 3층,027065244,2009-06-12,영업,hongdae,,PENDING_REVIEW
3130000-212-2009-00026,탤런트에스테틱 홍대점,facial,피부미용업,피부미용업,"서울특별시 마포구 월드컵북로6길 84, 2층 (동교동)",서울특별시 마포구 동교동 197-27,023229847,2009-06-29,영업,hongdae,,PENDING_REVIEW
3130000-212-2009-00038,은에스테틱,facial,피부미용업,피부미용업,"서울특별시 마포구 양화로 156, LG팰리스빌딩 지하1층 B108호 (동교동)",서울특별시 마포구 동교동 165-8 LG팰리스빌딩,023255573,2009-07-20,영업,hongdae,,PENDING_REVIEW
3130000-212-2009-00051,정선생전문스킨케어,facial,피부미용업,피부미용업,"서울특별시 마포구 양화로 183 (동교동, 효성홍익인간오피스텔 203호)",서울특별시 마포구 동교동 155-27 효성홍익인간오피스텔 203호,023262071,2009-08-20,영업,hongdae,,PENDING_REVIEW
3130000-212-2010-00008,김윤희에스테틱,facial,피부미용업,피부미용업,서울특별시 마포구 홍익로2길 35 (서교동),서울특별시 마포구 서교동 346-27 (203호),023327894,2010-04-13,영업,hongdae,,PENDING_REVIEW
3130000-212-2010-00018,행복한 피부관리,facial,피부미용업,피부미용업,"서울특별시 마포구 와우산로29길 12 (서교동,(3층))",서울특별시 마포구 서교동 327-18 (3층),,2010-06-16,영업,hongdae,,PENDING_REVIEW
3130000-212-2010-00033,피부향기,facial,피부미용업,피부미용업,"서울특별시 마포구 양화로18안길 40, 2층 (동교동)",서울특별시 마포구 동교동 170-33,07075541111,2010-09-29,영업,hongdae,,PENDING_REVIEW
3130000-212-2010-00038,작은얼굴이야기,facial,피부미용업,피부미용업,"서울특별시 마포구 동교로 156, 2층 (서교동)",서울특별시 마포구 서교동 352-1,023338695,2010-10-27,영업,hongdae,,PENDING_REVIEW
3130000-212-2012-00002,약손명가 에스테틱(망원점),facial,피부미용업,피부미용업,"서울특별시 마포구 월드컵로 82-1, 2층 (서교동)",서울특별시 마포구 서교동 441-11 2층 전체,023221416,2012-01-17,영업,hongdae,,PENDING_REVIEW
3130000-212-2012-00010,이수현에스테틱,facial,피부미용업,피부미용업,서울특별시 마포구 독막로8길 23 (합정동),서울특별시 마포구 합정동 355-15 2층,023243243,2012-04-03,영업,hongdae,,PENDING_REVIEW
3130000-212-2012-00022,김 에스테틱,facial,피부미용업,피부미용업,"서울특별시 마포구 연남로 42, 코오롱하늘채아파트 코오롱상가 비동 112호 (연남동)",서울특별시 마포구 연남동 573 코오롱하늘채아파트 코오롱상가 비동 112호,023373185,2012-10-10,영업,hongdae,,PENDING_REVIEW
3130000-212-2013-00002,본에스텍,facial,피부미용업,피부미용업,서울특별시 마포구 동교로 199 (동교동),서울특별시 마포구 동교동 200-26 우성빌딩 5층,023360544,2013-01-16,영업,hongdae,,PENDING_REVIEW
3130000-212-2013-00024,뷰티클럽,facial,피부미용업,피부미용업,"서울특별시 마포구 동교로32길 8, 1층 (연남동)",서울특별시 마포구 연남동 260-54,0260323535,2013-09-11,영업,hongdae,,PENDING_REVIEW
3130000-212-2014-00001,자이에스테틱,facial,피부미용업,피부미용업,"서울특별시 마포구 양화로11길 68 (서교동, 3층)",서울특별시 마포구 서교동 384-9,023350567,2014-02-11,영업,hongdae,,PENDING_REVIEW
3130000-212-2014-00013,코스 스킨앤바디,facial,피부미용업,피부미용업,"서울특별시 마포구 토정로 148, 2층 (상수동)",서울특별시 마포구 상수동 60-2 2층,0231442307,2014-04-23,영업,hongdae,,PENDING_REVIEW
3130000-212-2014-00033,오숙이 피부관리,facial,피부미용업,피부미용업,"서울특별시 마포구 성미산로2길 33, 2층 204호 (서교동)",서울특별시 마포구 서교동 442-1 2층 204호,023321187,2014-09-12,영업,hongdae,,PENDING_REVIEW
3130000-212-2014-00048,느림나무,facial,피부미용업,피부미용업,"서울특별시 마포구 홍익로5길 53 (서교동, 지하1층, 1층)",서울특별시 마포구 서교동 370-11,0231427254,2014-12-19,영업,hongdae,,PENDING_REVIEW
3130000-212-2014-00049,뷰티플바디,facial,피부미용업,피부미용업,"서울특별시 마포구 양화로18안길 28, 2층 (동교동)",서울특별시 마포구 동교동 170-27 2층 전체,023320107,2014-12-23,영업,hongdae,,PENDING_REVIEW
3130000-212-2014-00053,곽유정에스테틱,facial,피부미용업,피부미용업,"서울특별시 마포구 양화로18안길 12, 302호 (동교동)",서울특별시 마포구 동교동 169-17 302호,0260131253,2014-04-25,영업,hongdae,,PENDING_REVIEW
3130000-212-2015-00021,바디앤바디,facial,피부미용업,피부미용업,"서울특별시 마포구 양화로 57, 4층 (서교동)",서울특별시 마포구 서교동 393-12,023322212,2015-05-13,영업,hongdae,,PENDING_REVIEW
3130000-212-2015-00027,미백,facial,피부미용업,피부미용업,"서울특별시 마포구 월드컵로 31-11, 1층 101호 (합정동, 채운캐슬)",서울특별시 마포구 합정동 426-11 채운캐슬 1층 101호 전체,,2015-07-13,영업,hongdae,,PENDING_REVIEW
3130000-212-2015-00037,끌리메 홍대점,facial,피부미용업,피부미용업,"서울특별시 마포구 월드컵북로4길 25, 3층 (동교동)",서울특별시 마포구 동교동 203-40 3층 전체,023234867,2015-10-05,영업,hongdae,,PENDING_REVIEW
3130000-212-2015-00045,휴테라피,facial,피부미용업,피부미용업,"서울특별시 마포구 어울마당로 112-3, 지층 (서교동)",서울특별시 마포구 서교동 345-12,023239772,2015-11-25,영업,hongdae,,PENDING_REVIEW
3130000-212-2015-00048,디본에스테틱,facial,피부미용업,피부미용업,"서울특별시 마포구 동교로 213, 3층 (동교동)",서울특별시 마포구 동교동 198-27,023324282,2015-11-12,영업,hongdae,,PENDING_REVIEW
3130000-212-2016-00030,클로이 에스테틱,facial,피부미용업,피부미용업,"서울특별시 마포구 양화로7길 20, 3층 (서교동)",서울특별시 마포구 서교동 386-13,023328616,2016-07-26,영업,hongdae,,PENDING_REVIEW
3130000-212-2016-00045,미플 망원역점,facial,피부미용업,피부미용업,"서울특별시 마포구 월드컵로 80, 7층 701호 (서교동, 서교양경회관)",서울특별시 마포구 서교동 441-6 701호,023257988,2016-11-02,영업,hongdae,,PENDING_REVIEW
3130000-212-2016-00048,샵비비안,facial,피부미용업,피부미용업,"서울특별시 마포구 양화로 183, 207호 (동교동, 홍익인간오피스텔)",서울특별시 마포구 동교동 155-27 207호,0263682431,2016-11-24,영업,hongdae,shop-vivian-eyelash-extension,PENDING_REVIEW
3130000-212-2016-00051,홍대왁싱앤라인,facial,피부미용업,피부미용업,"서울특별시 마포구 어울마당로 94-7, 5층 (서교동, 대유빌딩)",서울특별시 마포구 서교동 358-111,,2016-12-30,영업,hongdae,,PENDING_REVIEW
3130000-212-2016-00052,나인뷰티살롱,facial,피부미용업,피부미용업,"서울특별시 마포구 양화로 156, 3층 306-2호 (동교동, 엘지팰리스빌딩)",서울특별시 마포구 동교동 165-8 엘지팰리스빌딩 3층 306-2호,023222232,2016-04-15,영업,hongdae,,PENDING_REVIEW
3130000-212-2017-00008,테라피스트 유진,facial,피부미용업,피부미용업,"서울특별시 마포구 와우산로27길 35, 5층 (서교동)",서울특별시 마포구 서교동 340-5 5층,07041456981,2017-03-31,영업,hongdae,,PENDING_REVIEW
3130000-212-2017-00030,래쉬힙,facial,피부미용업,피부미용업,"서울특별시 마포구 양화로6길 30, 제이하우트 2층 일부호 (합정동)","서울특별시 마포구 합정동 413-19 제이하우트, 2층 일부호",,2017-10-27,영업,hongdae,,PENDING_REVIEW
3130000-212-2017-00032,아이엘(EYE.L),facial,피부미용업,피부미용업,"서울특별시 마포구 동교로32길 18, 지층 (연남동)",서울특별시 마포구 연남동 381-22 지층,,2017-11-17,영업,hongdae,,PENDING_REVIEW
3130000-212-2017-00036,제로스킨,facial,피부미용업,피부미용업,"서울특별시 마포구 동교로27길 3-12, 동교동빌딩 3층 (동교동)",서울특별시 마포구 동교동 200-34 3층 동교동빌딩,0556884255,2017-03-02,영업,hongdae,,PENDING_REVIEW
3130000-212-2018-00010,멀티시크릿,facial,피부미용업,피부미용업,"서울특별시 마포구 동교로 175, 3층 (동교동)",서울특별시 마포구 동교동 201-32 3층,,2018-06-12,영업,hongdae,,PENDING_REVIEW
3130000-212-2018-00015,사만다왁싱,facial,피부미용업,피부미용업,"서울특별시 마포구 독막로 13, A동 3층 (합정동)",서울특별시 마포구 합정동 413-5 3층 A동,023384004,2018-07-03,영업,hongdae,,PENDING_REVIEW
3130000-212-2018-00021,오뽐에스테틱(OPOMME aesthetic),facial,피부미용업,피부미용업,"서울특별시 마포구 와우산로11길 9, 3층 (상수동)",서울특별시 마포구 상수동 93-111,,2018-09-10,영업,hongdae,,PENDING_REVIEW
3130000-212-2018-00027,아이꼼꼼,facial,피부미용업,피부미용업,"서울특별시 마포구 양화로 13, 스퀘어리버뷰합정 203호 (합정동)",서울특별시 마포구 합정동 382-20 스퀘어리버뷰합정 203호,,2018-10-08,영업,hongdae,,PENDING_REVIEW
3130000-212-2019-00003,그레이왁싱,facial,피부미용업,피부미용업,"서울특별시 마포구 와우산로29길 56-10, 3층 (서교동)",서울특별시 마포구 서교동 330-54 3층,023329925,2019-02-08,영업,hongdae,,PENDING_REVIEW
3130000-212-2019-00009,퍼블릭왁싱홍대,facial,피부미용업,피부미용업,"서울특별시 마포구 어울마당로 45-1, 5층 (서교동)",서울특별시 마포구 서교동 403-17,023230233,2019-03-20,영업,hongdae,,PENDING_REVIEW
3130000-212-2019-00010,왁싱랩 남자왁싱 홍대점,facial,피부미용업,피부미용업,"서울특별시 마포구 어울마당로 96, 505호 (서교동)",서울특별시 마포구 서교동 358-113 505호,,2019-04-15,영업,hongdae,,PENDING_REVIEW
3130000-212-2019-00012,왁싱라인,facial,피부미용업,피부미용업,"서울특별시 마포구 양화로6길 60, 2층 (합정동)",서울특별시 마포구 합정동 412-2 2층,023326391,2019-05-02,영업,hongdae,,PENDING_REVIEW
3130000-212-2019-00022,더스킨프로페셔널,facial,피부미용업,피부미용업,"서울특별시 마포구 양화로7길 4-13, 4층 402호 (서교동)",서울특별시 마포구 서교동 392-31 4층 일부(402호),023357757,2019-08-05,영업,hongdae,,PENDING_REVIEW
3130000-212-2019-00026,민트테라피,facial,피부미용업,피부미용업,"서울특별시 마포구 연남로 75, 에브리치빌딩 3층 (연남동)","서울특별시 마포구 연남동 365-6 에브리치빌딩, 3층",,2019-08-29,영업,hongdae,,PENDING_REVIEW
3130000-212-2019-00039,모든 것은 왁싱에서 시작된다,facial,피부미용업,피부미용업,"서울특별시 마포구 와우산로3길 8, 3층 (상수동)",서울특별시 마포구 상수동 334-15 3층 전체,,2019-06-05,영업,hongdae,,PENDING_REVIEW
3130000-212-2019-00041,케이-뷰티샵,facial,피부미용업,피부미용업,"서울특별시 마포구 와우산로 149, 201호 (서교동)",서울특별시 마포구 서교동 327-15,,2019-10-11,영업,hongdae,,PENDING_REVIEW
3130000-212-2020-00012,파트라왁싱 홍대점,facial,피부미용업,피부미용업,"서울특별시 마포구 동교로 207, 현우빌딩 5층 (동교동)",서울특별시 마포구 동교동 199-1 현우빌딩,0263680071,2020-05-07,영업,hongdae,,PENDING_REVIEW
3130000-212-2020-00013,수아이래쉬,facial,피부미용업,피부미용업,"서울특별시 마포구 양화로 156, LG팰리스빌딩 지하2층 222호 (동교동)",서울특별시 마포구 동교동 165-8 LG팰리스빌딩,,2020-05-12,영업,hongdae,,PENDING_REVIEW
3130000-212-2020-00015,아르브(ARVE),facial,피부미용업,피부미용업,"서울특별시 마포구 독막로9길 14, 경일빌딩 3층 (서교동)",서울특별시 마포구 서교동 402-14 경일빌딩 3층,,2020-06-01,영업,hongdae,,PENDING_REVIEW
3130000-212-2020-00020,더로제(The Rose),facial,피부미용업,피부미용업,"서울특별시 마포구 양화로6길 62, 세미텍빌딩 3층 (합정동)",서울특별시 마포구 합정동 412-17 세미텍빌딩,,2020-07-17,영업,hongdae,,PENDING_REVIEW
3130000-212-2020-00025,아르케스파 홍대점,facial,피부미용업,피부미용업,"서울특별시 마포구 와우산로18길 34, 아르케빌딩 지하1층,지상2~4층 (서교동)",서울특별시 마포구 서교동 360-12,16708850,2020-10-14,영업,hongdae,,PENDING_REVIEW
3130000-212-2021-00005,여신의발견,facial,피부미용업,피부미용업,"서울특별시 마포구 동교로 142-8, 세선회관 3층 (서교동)",서울특별시 마포구 서교동 464-60 세선회관 3층,,2021-02-15,영업,hongdae,,PENDING_REVIEW
3130000-212-2021-00009,노바스킨,facial,피부미용업,피부미용업,"서울특별시 마포구 동교로17안길 47, 이룸빌딩 3층 301호 (서교동)",서울특별시 마포구 서교동 448-4 이룸빌딩 301호,,2021-05-18,영업,hongdae,,PENDING_REVIEW
3130000-212-2021-00012,나하나 에스테틱,facial,피부미용업,피부미용업,"서울특별시 마포구 월드컵북로4길 30, 2층 201호 (동교동)",서울특별시 마포구 동교동 201-48 2층 일부(201호),,2021-06-15,영업,hongdae,,PENDING_REVIEW
3130000-212-2021-00013,더 왁싱 온(The Waxing ON),facial,피부미용업,피부미용업,"서울특별시 마포구 월드컵로3길 31-4, 3층 301호 (합정동)",서울특별시 마포구 합정동 388-2 3층 전체(301호),,2021-06-16,영업,hongdae,,PENDING_REVIEW
3130000-212-2021-00015,미더베스트 홍대점,facial,피부미용업,피부미용업,"서울특별시 마포구 신촌로4길 22-14, 4층 (동교동)",서울특별시 마포구 동교동 176-9,,2021-07-14,영업,hongdae,,PENDING_REVIEW
3130000-212-2021-00017,더 프라이빗 스파,facial,피부미용업,피부미용업,"서울특별시 마포구 월드컵로3길 14, 제1층 126호 (합정동, 마포 한강 2차 푸르지오)",서울특별시 마포구 합정동 473 마포 한강 2차 푸르지오,,2021-08-18,영업,hongdae,,PENDING_REVIEW
3130000-212-2021-00018,썸머왁싱,facial,피부미용업,피부미용업,"서울특별시 마포구 잔다리로3안길 31, 2층 201호 (서교동)",서울특별시 마포구 서교동 395-128 2층 일부(201호),,2021-08-31,영업,hongdae,,PENDING_REVIEW
3130000-212-2021-00023,브라우노,facial,피부미용업,피부미용업,"서울특별시 마포구 양화로 156, LG팰리스빌딩 B111호 (동교동)",서울특별시 마포구 동교동 165-8 LG팰리스빌딩,,2021-10-18,영업,hongdae,,PENDING_REVIEW
3130000-212-2021-00027,더채움뷰티랩,facial,피부미용업,피부미용업,"서울특별시 마포구 와우산로29바길 11-5, 2층 201호 (서교동)",서울특별시 마포구 서교동 332-28,,2021-12-07,영업,hongdae,,PENDING_REVIEW
3130000-212-2021-00028,몽타브로,facial,피부미용업,피부미용업,"서울특별시 마포구 양화로6길 27, 반(Bahn) 5층 (서교동)",서울특별시 마포구 서교동 394-19 반(Bahn) 5층,,2021-10-26,영업,hongdae,,PENDING_REVIEW
3130000-212-2022-00008,선예주 뷰티,facial,피부미용업,피부미용업,"서울특별시 마포구 양화로7길 50, 1층 (서교동)",서울특별시 마포구 서교동 381-14 1층 전체,,2022-02-09,영업,hongdae,,PENDING_REVIEW
3130000-212-2022-00012,아나덴 슈가링 왁싱 홍대점,facial,피부미용업,피부미용업,"서울특별시 마포구 홍익로5길 25, 6층 601호 (서교동)",서울특별시 마포구 서교동 355-27 6층 601호,0260152228,2022-04-07,영업,hongdae,,PENDING_REVIEW
3130000-212-2022-00017,약손명가 에스테틱(합정역점),facial,피부미용업,피부미용업,"서울특별시 마포구 월드컵로3길 14, 2층 210호 (합정동, 마포 한강 2차 푸르지오)",서울특별시 마포구 합정동 473 마포 한강 2차 푸르지오 2층 201호 전체,,2022-06-02,영업,hongdae,,PENDING_REVIEW
3130000-212-2022-00026,마벨뷰티 홍대점,facial,피부미용업,피부미용업,"서울특별시 마포구 홍익로6길 14, 4층 (동교동)",서울특별시 마포구 동교동 163-10,,2022-09-07,영업,hongdae,,PENDING_REVIEW
3130000-212-2022-00027,아르엘 에스테틱(AR’L Aesthetic),facial,피부미용업,피부미용업,"서울특별시 마포구 와우산로29마길 5, 2층 좌측층 (서교동)",서울특별시 마포구 서교동 333-30 2층 좌측,,2022-09-28,영업,hongdae,,PENDING_REVIEW
3130000-212-2022-00032,블루아로마(합정점),facial,피부미용업,피부미용업,"서울특별시 마포구 양화로7길 3, 3층 301호 (서교동)",서울특별시 마포구 서교동 393-1 3층 301호,,2022-12-07,영업,hongdae,,PENDING_REVIEW
3130000-212-2022-00033,브로우돌 홍대점,facial,피부미용업,피부미용업,"서울특별시 마포구 동교로 181-9, Dos house 2층 201호 (동교동)",서울특별시 마포구 동교동 201-28 Dos house,,2022-12-08,영업,hongdae,,PENDING_REVIEW
3130000-212-2022-00034,마루다온 코스메틱,facial,피부미용업,피부미용업,"서울특별시 마포구 성지길 60, 지하층 (합정동)",서울특별시 마포구 합정동 376-19 지하층,,2022-12-12,영업,hongdae,,PENDING_REVIEW
3130000-212-2023-00003,리유에스테틱,facial,피부미용업,피부미용업,"서울특별시 마포구 동교로51길 69, 아이에프비씨 3층 (연남동)",서울특별시 마포구 연남동 241-3 아이에프비씨 3층,,2023-01-18,영업,hongdae,,PENDING_REVIEW
3130000-212-2023-00012,제미 뷰티,facial,피부미용업,피부미용업,"서울특별시 마포구 와우산로18길 29, Terra빌딩 3층 1호 (서교동)",서울특별시 마포구 서교동 361-3 Terra빌딩 3층 1호,,2023-05-09,영업,hongdae,,PENDING_REVIEW
3130000-212-2023-00013,피치피치(Peach Pitch),facial,피부미용업,피부미용업,"서울특별시 마포구 월드컵로3길 55, 1층 102/2-3호 (합정동)",서울특별시 마포구 합정동 392-2 102/2호,,2023-05-24,영업,hongdae,,PENDING_REVIEW
3130000-212-2023-00016,라보떼래쉬,facial,피부미용업,피부미용업,"서울특별시 마포구 홍익로6길 14, 5층 (동교동)",서울특별시 마포구 동교동 163-10,,2023-06-08,영업,hongdae,,PENDING_REVIEW
3130000-212-2023-00020,박원장의 수기쾌유,facial,피부미용업,피부미용업,"서울특별시 마포구 성미산로 138, 202호 (연남동)",서울특별시 마포구 연남동 252-13,,2023-07-10,영업,hongdae,,PENDING_REVIEW
3130000-212-2023-00025,예본,facial,피부미용업,피부미용업,"서울특별시 마포구 신촌로4길 22-12, 플로렌타워 빌딩 제4층 제401호(상층)호 (동교동)",서울특별시 마포구 동교동 176-8 플로렌타워 빌딩 401호 내 5층(상층),,2023-08-30,영업,hongdae,,PENDING_REVIEW
3130000-212-2023-00035,마벨왁싱,facial,피부미용업,피부미용업,"서울특별시 마포구 홍익로6길 14, 4층 일부호 (동교동)",서울특별시 마포구 동교동 163-10 4층 일부호,,2023-12-04,영업,hongdae,,PENDING_REVIEW
3130000-212-2023-00036,엠-뷰티,facial,피부미용업,피부미용업,"서울특별시 마포구 어울마당로 149-2, 2층 (동교동)",서울특별시 마포구 동교동 170-16 2층,,2023-12-26,영업,hongdae,,PENDING_REVIEW
3130000-212-2023-00038,제로바디 남자왁싱&테라피,facial,피부미용업,피부미용업,"서울특별시 마포구 와우산로11길 28, 4층 401호 (상수동)",서울특별시 마포구 상수동 312-4,,2023-05-09,영업,hongdae,,PENDING_REVIEW
3130000-212-2024-00002,포인뷰티랩,facial,피부미용업,피부미용업,"서울특별시 마포구 독막로15길 3-12, 5층 503호 (상수동)","서울특별시 마포구 상수동 313-3 , 5층 503호",,2024-02-02,영업,hongdae,,PENDING_REVIEW
3130000-212-2024-00007,아이오아이 스킨,facial,피부미용업,피부미용업,"서울특별시 마포구 양화로 156, LG팰리스빌딩 B1층 120-1호 (동교동)",서울특별시 마포구 동교동 165-8 LG팰리스빌딩,,2024-03-14,영업,hongdae,,PENDING_REVIEW
3130000-212-2024-00014,결이고은에스테틱,facial,피부미용업,피부미용업,"서울특별시 마포구 양화로 45, 몰동 130.131.132호 (서교동, 메세나폴리스)",서울특별시 마포구 서교동 490 메세나폴리스 130.131.132호,,2024-06-03,영업,hongdae,,PENDING_REVIEW
3130000-212-2024-00022,아나덴슈가링왁싱 합정역점,facial,피부미용업,피부미용업,"서울특별시 마포구 독막로 10, 3층 303(일부)호 (합정동)",서울특별시 마포구 합정동 373-4,,2024-08-12,영업,hongdae,,PENDING_REVIEW
3130000-212-2024-00024,더마7 에스테틱 합정점,facial,피부미용업,피부미용업,"서울특별시 마포구 양화로 45, 몰동 122호 (서교동, 메세나폴리스)",서울특별시 마포구 서교동 490 메세나폴리스 몰동 122호,,2024-09-19,영업,hongdae,,PENDING_REVIEW
3130000-212-2024-00027,Geumjo,facial,피부미용업,피부미용업,"서울특별시 마포구 양화로18안길 34-3, 지층 우측호 (동교동)",서울특별시 마포구 동교동 170-14 지층 우측,,2024-11-01,영업,hongdae,,PENDING_REVIEW
3130000-212-2024-00029,윤쓰 아뜰리에,facial,피부미용업,피부미용업,"서울특별시 마포구 월드컵로 35, 3층 (합정동)",서울특별시 마포구 합정동 426-2 3층,,2024-11-05,영업,hongdae,,PENDING_REVIEW
3130000-212-2024-00030,소 스파(So spa),facial,피부미용업,피부미용업,"서울특별시 마포구 성미산로23길 38-5, 1층 101호 (연남동, 연세하우스)",서울특별시 마포구 연남동 246-3 연세하우스 101호,,2024-11-06,영업,hongdae,,PENDING_REVIEW
3130000-212-2024-00035,라뷰랜(라라뷰티랜드),facial,피부미용업,피부미용업,"서울특별시 마포구 독막로 69, 3층 (상수동)",서울특별시 마포구 상수동 316-8 3층,,2024-12-24,영업,hongdae,,PENDING_REVIEW
3130000-212-2025-00006,윌로우,facial,피부미용업,피부미용업,"서울특별시 마포구 동교로51길 77-11, 2층 201호 (연남동)",서울특별시 마포구 연남동 241-13 201호,,2025-04-03,영업,hongdae,,PENDING_REVIEW
3130000-212-2025-00007,헤드스파서울 HEADSPA SEOUL,facial,피부미용업,피부미용업,"서울특별시 마포구 동교로38안길 11-1, 3,4층 (연남동)","서울특별시 마포구 연남동 390-122 3,4층",,2025-04-07,영업,hongdae,,PENDING_REVIEW
3130000-212-2025-00011,왁스비(WAX BEE),facial,피부미용업,피부미용업,"서울특별시 마포구 와우산로19길 6-5, 4층 일부호 (서교동)",서울특별시 마포구 서교동 362-12 4층 일부호,,2025-04-23,영업,hongdae,,PENDING_REVIEW
3130000-212-2025-00013,calm247,facial,피부미용업,피부미용업,"서울특별시 마포구 희우정로5길 26, 1층 101호 (합정동, 이에스한강포레B)",서울특별시 마포구 합정동 453-13 이에스한강포레B 101호,,2025-06-02,영업,hongdae,,PENDING_REVIEW
3130000-212-2025-00014,홍대 바디앤 피부,facial,피부미용업,피부미용업,"서울특별시 마포구 어울마당로 94-7, 대유빌딩 5층 일부호 (서교동)",서울특별시 마포구 서교동 358-111 대유빌딩 5층 일부호,,2025-06-13,영업,hongdae,,PENDING_REVIEW
3130000-212-2025-00017,스탠더(Standr),facial,피부미용업,피부미용업,"서울특별시 마포구 동교로 183-12, 노호빌딩 5층 (동교동)","서울특별시 마포구 동교동 201-49 노호빌딩, 5층",,2025-07-18,영업,hongdae,,PENDING_REVIEW
3130000-212-2025-00018,피부훈련소,facial,피부미용업,피부미용업,"서울특별시 마포구 동교로 212-9, 4층 (동교동)",서울특별시 마포구 동교동 152-13 4층,,2025-07-24,영업,hongdae,,PENDING_REVIEW
3130000-212-2025-00025,로렐,facial,피부미용업,피부미용업,"서울특별시 마포구 월드컵북로 7, 3층 (서교동)","서울특별시 마포구 서교동 351-5 , 3층",,2025-09-08,영업,hongdae,,PENDING_REVIEW
3130000-212-2025-00026,왁싱하니,facial,피부미용업,피부미용업,"서울특별시 마포구 양화로 176, 동교동 스타피카소 7층 [A32,A37,A38]내 일부호 (동교동)","서울특별시 마포구 동교동 166-14 동교동 스타피카소, 7층 [A32,A37,A38]내 일부호",,2025-09-11,영업,hongdae,,PENDING_REVIEW
3130000-212-2025-00027,젝시왁싱,facial,피부미용업,피부미용업,"서울특별시 마포구 와우산로10길 37, 4층 (상수동)",서울특별시 마포구 상수동 93-51,,2025-10-01,영업,hongdae,,PENDING_REVIEW
3130000-212-2025-00031,에스떼르,facial,피부미용업,피부미용업,"서울특별시 마포구 연남로3길 51, 1층 (연남동)",서울특별시 마포구 연남동 565-31,,2025-11-05,영업,hongdae,,PENDING_REVIEW
3130000-212-2025-00033,스튜디오 아른,facial,피부미용업,피부미용업,"서울특별시 마포구 동교로46길 20, 3층 (연남동)","서울특별시 마포구 연남동 387-26 , 3층",,2025-11-17,영업,hongdae,,PENDING_REVIEW
3130000-212-2025-00034,로에나 뷰티,facial,피부미용업,피부미용업,"서울특별시 마포구 동교로23길 40, CM빌딩 5층 (동교동)","서울특별시 마포구 동교동 203-11 CM빌딩, 5층",,2025-11-20,영업,hongdae,,PENDING_REVIEW
3130000-212-2026-00001,유룸,facial,피부미용업,피부미용업,"서울특별시 마포구 양화로15안길 16, 2층 (서교동)",서울특별시 마포구 서교동 375-47,,2026-01-15,영업,hongdae,,PENDING_REVIEW
3130000-212-2026-00002,엘루엔 에스테틱 홍대점,facial,피부미용업,피부미용업,"서울특별시 마포구 동교로 209-4, 5층 (동교동)",서울특별시 마포구 동교동 198-13 5층,,2026-01-19,영업,hongdae,,PENDING_REVIEW
3130000-212-2026-00005,빈빈왁싱 합정점,facial,피부미용업,피부미용업,"서울특별시 마포구 양화로8길 13, 플라워빌딩 4층 401호 (서교동)",서울특별시 마포구 서교동 395-98 플라워빌딩,,2026-02-25,영업,hongdae,,PENDING_REVIEW
3130000-212-2026-00007,마이디스킨랩,facial,피부미용업,피부미용업,"서울특별시 마포구 독막로4길 9, 2층 202호 (합정동)",서울특별시 마포구 합정동 363-30,,2026-03-04,영업,hongdae,,PENDING_REVIEW
3130000-212-2026-00013,카페드슬리밍고 합정역점,facial,피부미용업,피부미용업,"서울특별시 마포구 월드컵로3길 14, 302호 (합정동, 마포 한강 2차 푸르지오)",서울특별시 마포구 합정동 473 마포 한강 2차 푸르지오,,2026-04-07,영업,hongdae,,PENDING_REVIEW
3130000-212-2026-00014,럭스 에스테,facial,피부미용업,피부미용업,"서울특별시 마포구 독막로15길 13, 311-7빌딩 3층 (상수동)",서울특별시 마포구 상수동 311-7 311-7빌딩,,2026-04-17,영업,hongdae,,PENDING_REVIEW
3130000-212-2026-00015,뮤즈미 뷰티,facial,피부미용업,피부미용업,"서울특별시 마포구 어울마당로5길 4, 3층 302 우측호 (서교동)",서울특별시 마포구 서교동 403-11,,2026-04-20,영업,hongdae,,PENDING_REVIEW
3130000-212-2026-00018,오아제,facial,피부미용업,피부미용업,"서울특별시 마포구 토정로 27-1, 시너지빌딩 2층 302호 (합정동)",서울특별시 마포구 합정동 369-18 시너지빌딩,,2026-05-29,영업,hongdae,,PENDING_REVIEW
3130000-212-2026-00019,HYOA뷰티,facial,피부미용업,피부미용업,"서울특별시 마포구 홍익로 10, 제101동 제지하1층 133호 (서교동, 서교푸르지오)",서울특별시 마포구 서교동 486 서교푸르지오,,2026-06-12,영업,hongdae,,PENDING_REVIEW
3130000-212-2026-00021,라비다 샵(홍대),facial,피부미용업,피부미용업,"서울특별시 마포구 양화로 166, 미래프라자 6층 (동교동)",서울특별시 마포구 동교동 165-1 미래프라자,,2026-06-30,영업,hongdae,,PENDING_REVIEW
3130000-212-2026-00022,시루 사진관,facial,피부미용업,피부미용업,"서울특별시 마포구 동교로27길 25, 지하1층 (동교동)",서울특별시 마포구 동교동 204-20,,2026-06-30,영업,hongdae,,PENDING_REVIEW
3130000-212-2026-00023,비비브로우,facial,피부미용업,피부미용업,"서울특별시 마포구 신촌로2안길 30, 4층 401호 (동교동)",서울특별시 마포구 동교동 177-2,,2026-07-10,영업,hongdae,,PENDING_REVIEW
3130000-213-2001-00001,빈도해미장원,salon,일반미용업,종합미용업,"서울특별시 마포구 양화로11길 54, 2층 (서교동)",서울특별시 마포구 서교동 384-12,023131156,2001-04-19,영업,hongdae,,PENDING_REVIEW
3130000-213-2012-00002,쟈스민헤어,salon,일반미용업,종합미용업,"서울특별시 마포구 동교로27길 53, 1층 (연남동)",서울특별시 마포구 연남동 565-15,023233224,2012-05-24,영업,hongdae,,PENDING_REVIEW
3130000-213-2014-00004,뷰티프렌즈 왁싱피부 홍대점,facial,피부미용업,종합미용업,"서울특별시 마포구 홍익로6길 48, 2층 201호 (동교동)",서울특별시 마포구 동교동 164-22,,2014-04-28,영업,hongdae,,PENDING_REVIEW
3130000-213-2016-00013,salon de corolla,salon,일반미용업,종합미용업,"서울특별시 마포구 독막로6길 11, 1층 (합정동, 우대빌딩)",서울특별시 마포구 합정동 362-9 우대빌딩 1층,023338649,2016-04-12,영업,hongdae,,PENDING_REVIEW
3130000-213-2016-00022,태후사랑,salon,일반미용업,종합미용업,"서울특별시 마포구 성미산로26길 40, 1층 101호 (연남동, 전원빌라)",서울특별시 마포구 연남동 257-24 전원빌라 1층 101호,023327999,2016-05-17,영업,hongdae,,PENDING_REVIEW
3130000-213-2016-00040,아이비뷰티,salon,일반미용업,종합미용업,"서울특별시 마포구 양화로18안길 20, 3층 302호 (동교동)",서울특별시 마포구 동교동 169-21 3층 302호,07078564008,2016-04-04,영업,hongdae,,PENDING_REVIEW
3130000-213-2017-00012,주은 헤어,salon,일반미용업,종합미용업,"서울특별시 마포구 동교로 280, 1층 좌측호 (연남동)",서울특별시 마포구 연남동 224-19,023225565,2017-08-25,영업,hongdae,,PENDING_REVIEW
3130000-213-2018-00010,"그리고, 알리스",makeup,메이크업업,종합미용업,"서울특별시 마포구 양화로6길 65, 6층 (서교동)",서울특별시 마포구 서교동 399-23 6층 전체,,2018-04-20,영업,hongdae,,PENDING_REVIEW
3130000-213-2018-00011,시엘드 스칼프(Ciel de scalp),salon,일반미용업,종합미용업,"서울특별시 마포구 동교로19길 8, 제A동 2층 201호 (서교동, 동광팰리스)",서울특별시 마포구 서교동 446-20 동광팰리스 제A동 201호,023327178,2018-12-12,영업,hongdae,,PENDING_REVIEW
3130000-213-2020-00001,윈느(une),makeup,메이크업업,종합미용업,"서울특별시 마포구 동교로12길 13, 1층 101호 (서교동)",서울특별시 마포구 서교동 485-1 1층 일부(101호),,2020-01-10,영업,hongdae,,PENDING_REVIEW
3130000-213-2020-00006,디자인by혜경,salon,일반미용업,종합미용업,"서울특별시 마포구 월드컵북로16길 67, 1층 (연남동, 미래하임)",서울특별시 마포구 연남동 481-30 미래하임,,2020-06-30,영업,hongdae,,PENDING_REVIEW
3130000-213-2020-00016,네일바,nail_lash,네일아트업,종합미용업,"서울특별시 마포구 양화로 50, 2층 201호 (합정동)",서울특별시 마포구 합정동 414-1,,2020-03-09,영업,hongdae,,PENDING_REVIEW
3130000-213-2020-00019,스타일업(star1up),makeup,메이크업업,종합미용업,"서울특별시 마포구 월드컵북로2길 93, 3층 (동교동)",서울특별시 마포구 동교동 154-8 3층 일부,,2020-07-09,영업,hongdae,,PENDING_REVIEW
3130000-213-2020-00020,멉씨(MUPSY),makeup,메이크업업,종합미용업,"서울특별시 마포구 월드컵북로6길 92, 5층 (동교동)","서울특별시 마포구 동교동 197-34 , 5층",,2020-08-19,영업,hongdae,,PENDING_REVIEW
3130000-213-2021-00008,퍼폼네일(PERFORM NAIL),nail_lash,네일아트업,종합미용업,"서울특별시 마포구 동교로 218, 2~3층 (동교동)",서울특별시 마포구 동교동 152-17 2~3층 전체,023263000,2021-04-05,영업,hongdae,,PENDING_REVIEW
3130000-213-2021-00009,네일 오브 드망(Nail of demain),nail_lash,네일아트업,종합미용업,"서울특별시 마포구 양화로6길 59, 2층 (서교동)",서울특별시 마포구 서교동 399-22 2층 전체,07040900714,2021-04-09,영업,hongdae,,PENDING_REVIEW
3130000-213-2021-00010,아이꽃피나,makeup,메이크업업,종합미용업,"서울특별시 마포구 동교로25길 11, 동남빌딩 4층 402호 (동교동)",서울특별시 마포구 동교동 201-13 동남빌딩 402호,,2021-04-13,영업,hongdae,,PENDING_REVIEW
3130000-213-2021-00013,뷰아즈 홍대 네일속눈썹스킨케어,nail_lash,네일아트업,종합미용업,"서울특별시 마포구 홍익로2길 19, 1층 (서교동)",서울특별시 마포구 서교동 346-32 1층 전체,,2021-04-06,영업,hongdae,,PENDING_REVIEW
3130000-213-2021-00014,모티프,facial,피부미용업,종합미용업,"서울특별시 마포구 양화로7길 24, 2층 (서교동)",서울특별시 마포구 서교동 386-11 2층,,2021-06-09,영업,hongdae,,PENDING_REVIEW
3130000-213-2021-00016,오버마운트,salon,일반미용업,종합미용업,"서울특별시 마포구 와우산로18길 14, 1~2층 (서교동)",서울특별시 마포구 서교동 360-20,,2021-06-28,영업,hongdae,,PENDING_REVIEW
3130000-213-2021-00017,앨리 연남 메이크업,makeup,메이크업업,종합미용업,"서울특별시 마포구 연희로 21, 지하1층 (동교동)",서울특별시 마포구 동교동 113-88,,2021-06-29,영업,hongdae,,PENDING_REVIEW
3130000-213-2021-00018,앨리 연남 브로우,facial,피부미용업,종합미용업,"서울특별시 마포구 연희로 21, 지하1층 (동교동)",서울특별시 마포구 동교동 113-88 지하1층 일부(앨리 연남 메이크업),,2021-07-07,영업,hongdae,,PENDING_REVIEW
3130000-213-2021-00023,핀앤토,nail_lash,네일아트업,종합미용업,"서울특별시 마포구 월드컵로1길 14, B2층 B-222-2호 (합정동, 마포 한강 푸르지오)",서울특별시 마포구 합정동 472 마포 한강 푸르지오,,2021-05-21,영업,hongdae,,PENDING_REVIEW
3130000-213-2022-00003,네일메르,nail_lash,네일아트업,종합미용업,"서울특별시 마포구 독막로2길 5, 1층 일부호 (합정동)",서울특별시 마포구 합정동 364-27,,2022-03-11,영업,hongdae,,PENDING_REVIEW
3130000-213-2022-00005,치어풀 포 맨(Cheerful for men),facial,피부미용업,종합미용업,"서울특별시 마포구 성미산로32길 51, 2층 201호 (연남동)",서울특별시 마포구 연남동 256-8,,2022-04-04,영업,hongdae,,PENDING_REVIEW
3130000-213-2022-00006,뷰티나는눈썹,makeup,메이크업업,종합미용업,"서울특별시 마포구 월드컵로1길 30, 2층 (합정동)",서울특별시 마포구 합정동 387-23 2층,,2022-04-27,영업,hongdae,,PENDING_REVIEW
3130000-213-2022-00008,비.밀리에(B.millie),salon,일반미용업,종합미용업,"서울특별시 마포구 양화로18안길 8, 4층 (동교동)",서울특별시 마포구 동교동 169-15 4층,,2022-05-17,영업,hongdae,,PENDING_REVIEW
3130000-213-2022-00009,비에이블 붙임머리 홍대점,salon,일반미용업,종합미용업,"서울특별시 마포구 어울마당로 61, 3층 (서교동)",서울특별시 마포구 서교동 405-2 3층,,2022-06-03,영업,hongdae,,PENDING_REVIEW
3130000-213-2022-00010,나나로그 홍대 플래그십,salon,일반미용업,종합미용업,"서울특별시 마포구 와우산로19길 11, 1층 (서교동)",서울특별시 마포구 서교동 363-23 1층,,2022-06-03,영업,hongdae,,PENDING_REVIEW
3130000-213-2022-00015,로아메이크업(roa.makeup),makeup,메이크업업,종합미용업,"서울특별시 마포구 와우산로29길 4-30, 1층 102호 (서교동)",서울특별시 마포구 서교동 327-30 1층 일부(102호),,2022-08-04,영업,hongdae,,PENDING_REVIEW
3130000-213-2022-00017,오몽삼춘살롱,makeup,메이크업업,종합미용업,"서울특별시 마포구 양화로 13, 스퀘어리버뷰합정 2층 206호 일부호 (합정동)",서울특별시 마포구 합정동 382-20 스퀘어리버뷰합정 206호 일부,,2022-07-06,영업,hongdae,,PENDING_REVIEW
3130000-213-2022-00019,투미 더 래쉬,makeup,메이크업업,종합미용업,"서울특별시 마포구 신촌로2안길 30, 5층 (동교동)",서울특별시 마포구 동교동 177-2,,2022-03-28,영업,hongdae,,PENDING_REVIEW
3130000-213-2023-00003,어파트오브미,salon,기타,종합미용업,"서울특별시 마포구 독막로5길 8, 1층 1-2호 (합정동)",서울특별시 마포구 합정동 411-7 1층 1-2호,,2023-02-03,영업,hongdae,,PENDING_REVIEW
3130000-213-2023-00006,비 바이 에이치(B by H),nail_lash,네일아트업,종합미용업,"서울특별시 마포구 독막로 67-10, 3층 (상수동)",서울특별시 마포구 상수동 316-12 3층 전부,,2023-02-27,영업,hongdae,,PENDING_REVIEW
3130000-213-2023-00007,뮤토네일 앤 브로우,nail_lash,네일아트업,종합미용업,"서울특별시 마포구 동교로 212-7, 3층 (동교동)",서울특별시 마포구 동교동 152-14 3층 전체,,2023-02-27,영업,hongdae,,PENDING_REVIEW
3130000-213-2023-00008,정듬,makeup,메이크업업,종합미용업,"서울특별시 마포구 신촌로4길 22-22, 4층 (동교동)",서울특별시 마포구 동교동 176-12 4층 전부,,2023-02-28,영업,hongdae,,PENDING_REVIEW
3130000-213-2023-00010,라브(LAVV),makeup,메이크업업,종합미용업,"서울특별시 마포구 신촌로4길 22-6, 4층 (동교동)",서울특별시 마포구 동교동 176-5 4층 전부,,2023-03-07,영업,hongdae,,PENDING_REVIEW
3130000-213-2023-00011,더씨에나(THESIENNA),facial,피부미용업,종합미용업,"서울특별시 마포구 토정로 12-3, 4층 (합정동)",서울특별시 마포구 합정동 197-3 4층 전부,,2023-03-07,영업,hongdae,,PENDING_REVIEW
3130000-213-2023-00013,보그헤어 홍대점,salon,일반미용업,종합미용업,"서울특별시 마포구 양화로18안길 7, 문정빌딩 3층 (동교동)",서울특별시 마포구 동교동 168-4 문정빌딩 3층,,2023-03-13,영업,hongdae,vog-hair-hongdae,PENDING_REVIEW
3130000-213-2023-00014,이트헤어(YEET HAIR),salon,일반미용업,종합미용업,"서울특별시 마포구 월드컵로 94, 명빌딩 3층 (서교동)",서울특별시 마포구 서교동 440-5 명빌딩 3층,,2023-03-14,영업,hongdae,,PENDING_REVIEW
3130000-213-2023-00015,필립(Pilip),salon,일반미용업,종합미용업,"서울특별시 마포구 성미산로17길 114, 1층 102호 (연남동)",서울특별시 마포구 연남동 487-269 1층 102호호,,2023-03-16,영업,hongdae,,PENDING_REVIEW
3130000-213-2023-00017,더(The)쉼 헤어살롱,salon,일반미용업,종합미용업,"서울특별시 마포구 성미산로17길 105-4, 지1층 B101호 (연남동)",서울특별시 마포구 연남동 487-262 지1층 B101호,,2023-03-22,영업,hongdae,,PENDING_REVIEW
3130000-213-2023-00021,오뷰나(Ovuna),makeup,메이크업업,종합미용업,"서울특별시 마포구 독막로8길 29, 3층 (합정동)",서울특별시 마포구 합정동 358-15 3층 전체,,2023-04-07,영업,hongdae,,PENDING_REVIEW
3130000-213-2023-00022,르소드(LSO:D),salon,일반미용업,종합미용업,"서울특별시 마포구 독막로 29, 상현빌딩 3층 (합정동)",서울특별시 마포구 합정동 412-7 상현빌딩 3층,,2023-04-10,영업,hongdae,,PENDING_REVIEW
3130000-213-2023-00024,크로티즈 네일,nail_lash,네일아트업,종합미용업,"서울특별시 마포구 연희로 19, 2층 일부호 (동교동)",서울특별시 마포구 동교동 113-82 2층 일부호,,2023-05-08,영업,hongdae,,PENDING_REVIEW
3130000-213-2023-00027,살롱 드 블루(Salon de blue),salon,일반미용업,종합미용업,"서울특별시 마포구 와우산로23길 35, 1층 103호 (서교동)",서울특별시 마포구 서교동 345-27 1층 103호(좌측코너),,2023-05-15,영업,hongdae,,PENDING_REVIEW
3130000-213-2023-00029,네일옐루(nailyellu),nail_lash,네일아트업,종합미용업,"서울특별시 마포구 신촌로4길 5-5, 3층 301호 (동교동)","서울특별시 마포구 동교동 179-27 , 3층 301호",,2023-05-22,영업,hongdae,,PENDING_REVIEW
3130000-213-2023-00031,이스트플라워헤어,salon,일반미용업,종합미용업,"서울특별시 마포구 성지1길 29, 101호 (합정동)",서울특별시 마포구 합정동 364-20 101호,,2023-06-07,영업,hongdae,,PENDING_REVIEW
3130000-213-2023-00033,룩바이,makeup,메이크업업,종합미용업,"서울특별시 마포구 잔다리로6길 22, 한국빌딩 3층 (서교동)",서울특별시 마포구 서교동 366-27 한국빌딩 3층 전체,,2023-07-11,영업,hongdae,,PENDING_REVIEW
3130000-213-2023-00036,아르틱(Arctic),salon,일반미용업,종합미용업,"서울특별시 마포구 와우산로37길 32, 1층 우측호 (동교동)",서울특별시 마포구 동교동 177-17 1층 우측,,2023-08-02,영업,hongdae,,PENDING_REVIEW
3130000-213-2023-00041,킨트헤어,salon,일반미용업,종합미용업,"서울특별시 마포구 와우산로 83, 2층 (서교동)",서울특별시 마포구 서교동 362-1 2층 전체,,2023-08-24,영업,hongdae,,PENDING_REVIEW
3130000-213-2023-00042,담혜원 스칼프라운지 합정교보문고점,salon,일반미용업,종합미용업,"서울특별시 마포구 월드컵로1길 14, 지하층 207호 (합정동, 마포 한강 푸르지오)",서울특별시 마포구 합정동 472 마포 한강 푸르지오 1차 지하층 207호,,2023-08-30,영업,hongdae,,PENDING_REVIEW
3130000-213-2023-00043,바이디,salon,일반미용업,종합미용업,"서울특별시 마포구 홍익로 25, 서교별관 2층 B09호 (서교동)",서울특별시 마포구 서교동 356-1 서교별관 2층 B09호,,2023-08-31,영업,hongdae,,PENDING_REVIEW
3130000-213-2023-00044,헤이 메이크업,makeup,메이크업업,종합미용업,"서울특별시 마포구 독막로14길 24, 2층 일부호 (상수동)",서울특별시 마포구 상수동 325-2 2층 일부호,,2023-09-06,영업,hongdae,,PENDING_REVIEW
3130000-213-2023-00049,헤어소리미용실,salon,일반미용업,종합미용업,"서울특별시 마포구 성미산로 191, 1층 (연남동)",서울특별시 마포구 연남동 226-23,0231417113,2023-09-26,영업,hongdae,,PENDING_REVIEW
3130000-213-2023-00051,연을담다,salon,일반미용업,종합미용업,"서울특별시 마포구 와우산로37길 9, 3층 (동교동)",서울특별시 마포구 동교동 189-6 3층 전체,,2023-10-11,영업,hongdae,,PENDING_REVIEW
3130000-213-2023-00053,미닌 헤어메이크업,makeup,메이크업업,종합미용업,"서울특별시 마포구 동교로15길 32, 아트림 201호 (서교동)",서울특별시 마포구 서교동 468-20 아트림 201호,,2023-10-17,영업,hongdae,,PENDING_REVIEW
3130000-213-2023-00054,유지,salon,일반미용업,종합미용업,"서울특별시 마포구 동교로27길 21-8, 경윤빌딩 2층 (동교동)",서울특별시 마포구 동교동 204-55 경윤빌딩,023389291,2023-10-20,영업,hongdae,,PENDING_REVIEW
3130000-213-2023-00055,풋풋한리쌤 합정점,nail_lash,네일아트업,종합미용업,"서울특별시 마포구 독막로9길 8, 4층 (서교동)",서울특별시 마포구 서교동 402-6 4층 전체,,2023-10-23,영업,hongdae,,PENDING_REVIEW
3130000-213-2023-00056,네일플럼(nail plum),nail_lash,네일아트업,종합미용업,"서울특별시 마포구 잔다리로 101-6, 아트루 지하층 B02호 (서교동)",서울특별시 마포구 서교동 468-19 아트루 지하층 B02호,,2023-10-23,영업,hongdae,,PENDING_REVIEW
3130000-213-2023-00058,서브서울(SUB SEOUL),salon,일반미용업,종합미용업,"서울특별시 마포구 와우산로 80, 홍우빌딩 3층 (서교동)",서울특별시 마포구 서교동 361-20 홍우빌딩 3층,,2023-11-03,영업,hongdae,,PENDING_REVIEW
3130000-213-2023-00059,포근담 에스테틱,facial,피부미용업,종합미용업,"서울특별시 마포구 월드컵로 88, 서교월드빌딩 2층 (서교동)",서울특별시 마포구 서교동 441-3 서교월드빌딩 2층 일부,,2023-11-08,영업,hongdae,,PENDING_REVIEW
3130000-213-2023-00060,발렌헤어,salon,일반미용업,종합미용업,"서울특별시 마포구 와우산로13길 6, 홍대가자II 2층 201호 (서교동)",서울특별시 마포구 서교동 411-3 홍대가자II 201호,,2023-11-08,영업,hongdae,,PENDING_REVIEW
3130000-213-2023-00064,JS헤어,salon,일반미용업,종합미용업,"서울특별시 마포구 월드컵북로7길 14, 1층 일부호 (서교동)",서울특별시 마포구 서교동 247-85 1층 일부,,2023-12-04,영업,hongdae,,PENDING_REVIEW
3130000-213-2023-00065,엣디아몬드(at the amond),nail_lash,네일아트업,종합미용업,"서울특별시 마포구 토정로3안길 2, 지층 102호 (합정동)",서울특별시 마포구 합정동 368-6 지하층 102호,,2023-12-05,영업,hongdae,,PENDING_REVIEW
3130000-213-2023-00068,머쉬룸,salon,일반미용업,종합미용업,"서울특별시 마포구 성미산로29길 39, 1층 일부호 (연남동)",서울특별시 마포구 연남동 245-33 1층 일부,,2023-12-26,영업,hongdae,,PENDING_REVIEW
3130000-213-2023-00070,시유뷰티 홍대점,makeup,메이크업업,종합미용업,"서울특별시 마포구 동교로 278, 4층 402호 (연남동)",서울특별시 마포구 연남동 224-23 4층 전면우측 402호,,2023-11-02,영업,hongdae,,PENDING_REVIEW
3130000-213-2024-00002,하우스왁싱 홍대,facial,피부미용업,종합미용업,"서울특별시 마포구 양화로 178, 5층 (동교동)",서울특별시 마포구 동교동 166-1 5층 전체,,2024-01-05,영업,hongdae,,PENDING_REVIEW
3130000-213-2024-00005,아티의 방,salon,일반미용업,종합미용업,"서울특별시 마포구 홍익로 25, 서교별관 2층 S01호 (서교동)",서울특별시 마포구 서교동 356-1 서교별관 S01호,,2024-01-30,영업,hongdae,,PENDING_REVIEW
3130000-213-2024-00007,원앤온리메이크업헤어,makeup,메이크업업,종합미용업,"서울특별시 마포구 양화로 45, 몰동 1층 137,138호 (서교동, 메세나폴리스)",서울특별시 마포구 서교동 490 메세나폴리스,,2024-02-01,영업,hongdae,,PENDING_REVIEW
3130000-213-2024-00008,흐므네일,nail_lash,네일아트업,종합미용업,"서울특별시 마포구 월드컵북로4길 20, 1층 (동교동)",서울특별시 마포구 동교동 201-25,,2024-02-02,영업,hongdae,,PENDING_REVIEW
3130000-213-2024-00011,다이브 인투 스킨,facial,피부미용업,종합미용업,"서울특별시 마포구 와우산로29바길 9, 시성빌딩 3층 302호 (서교동)",서울특별시 마포구 서교동 332-20 시성빌딩 302호,,2024-02-26,영업,hongdae,,PENDING_REVIEW
3130000-213-2024-00015,하다비,salon,일반미용업,종합미용업,"서울특별시 마포구 홍익로3길 20, 서교오피스텔 212호 (서교동)",서울특별시 마포구 서교동 357-1 서교오피스텔 212호,,2024-03-08,영업,hongdae,,PENDING_REVIEW
3130000-213-2024-00016,부니헤어,salon,일반미용업,종합미용업,"서울특별시 마포구 성미산로19길 21, 201호 (연남동)",서울특별시 마포구 연남동 482-30 201호,,2024-03-12,영업,hongdae,,PENDING_REVIEW
3130000-213-2024-00017,유니크 퍼핏,nail_lash,네일아트업,종합미용업,"서울특별시 마포구 독막로19길 7, 홍현빌딩 3층 (상수동)",서울특별시 마포구 상수동 93-6 홍현빌딩,,2024-03-21,영업,hongdae,,PENDING_REVIEW
3130000-213-2024-00019,포근네일,nail_lash,네일아트업,종합미용업,"서울특별시 마포구 와우산로35길 71-4, 2층 (서교동)",서울특별시 마포구 서교동 330-45,,2024-04-01,영업,hongdae,,PENDING_REVIEW
3130000-213-2024-00023,오공육네일 룸(506nail room),nail_lash,네일아트업,종합미용업,"서울특별시 마포구 와우산로11길 9-7, 4층 (상수동, 상수라이크)",서울특별시 마포구 상수동 93-113 상수라이크,,2024-05-17,영업,hongdae,,PENDING_REVIEW
3130000-213-2024-00025,보그헤어 홍대거리점,salon,일반미용업,종합미용업,"서울특별시 마포구 와우산로27길 76, 2,3층 (서교동)","서울특별시 마포구 서교동 347-20 2,3,4층",,2024-07-19,영업,hongdae,vog-hair-hongdae,PENDING_REVIEW
3130000-213-2024-00028,드뮤엘(Demuel Beauty),nail_lash,네일아트업,종합미용업,"서울특별시 마포구 성미산로28길 39, 1층 102호 (연남동, 이삭하우스)",서울특별시 마포구 연남동 255-26 이삭하우스 102호,,2024-12-31,영업,hongdae,,PENDING_REVIEW
3130000-213-2025-00001,923아이래쉬,makeup,메이크업업,종합미용업,"서울특별시 마포구 성미산로2길 43, 4층 402호 (서교동)",서울특별시 마포구 서교동 442-4 4층 402호,,2025-02-04,영업,hongdae,,PENDING_REVIEW
3130000-213-2025-00004,보그헤어 케이 뷰티 홍대라운지점,salon,일반미용업,종합미용업,"서울특별시 마포구 양화로 156, LG팰리스빌딩 202, 203호 (동교동)",서울특별시 마포구 동교동 165-8 LG팰리스빌딩,,2025-07-28,영업,hongdae,,PENDING_REVIEW
3130000-213-2025-00005,스튜디오 도뜰,makeup,메이크업업,종합미용업,"서울특별시 마포구 성미산로19길 21, 2층 204호 (연남동)",서울특별시 마포구 연남동 482-30,,2025-08-21,영업,hongdae,,PENDING_REVIEW
3130000-213-2025-00006,이든글로우,makeup,메이크업업,종합미용업,"서울특별시 마포구 성지길 18, 2층 일부호 (합정동)",서울특별시 마포구 합정동 375-26,,2025-08-21,영업,hongdae,,PENDING_REVIEW
3130000-213-2025-00007,모브룸 눈썹&입술 홍대합정점,makeup,메이크업업,종합미용업,"서울특별시 마포구 양화로6길 45, 4층 403호 (서교동)",서울특별시 마포구 서교동 396-32,,2025-09-12,영업,hongdae,,PENDING_REVIEW
3130000-213-2025-00008,브로우바 루아스튜디오 눈썹,facial,피부미용업,종합미용업,"서울특별시 마포구 와우산로29길 34, 2층 202호 (서교동)",서울특별시 마포구 서교동 328-22,,2025-09-30,영업,hongdae,,PENDING_REVIEW
3130000-213-2025-00009,뷰룸 (Beauty-Room),makeup,메이크업업,종합미용업,"서울특별시 마포구 와우산로35길 71-4, 3층 (서교동)","서울특별시 마포구 서교동 330-45 , 3층",,2025-10-21,영업,hongdae,,PENDING_REVIEW
3130000-213-2025-00012,코유 헤어(CO.YU HAIR),salon,일반미용업,종합미용업,"서울특별시 마포구 동교로50길 17, 1층 전체호 (연남동)",서울특별시 마포구 연남동 224-55,,2025-03-12,영업,hongdae,,PENDING_REVIEW
3130000-213-2025-00013,킷하우스(kiiit house),salon,일반미용업,종합미용업,"서울특별시 마포구 동교로41길 32, 비브릭 2층 (연남동)",서울특별시 마포구 연남동 239-44 비브릭,,2025-05-19,영업,hongdae,,PENDING_REVIEW
3130000-213-2026-00001,두잇두,facial,피부미용업,종합미용업,"서울특별시 마포구 동교로27길 96, 2층 201호 (연남동)",서울특별시 마포구 연남동 504-26,,2026-01-15,영업,hongdae,,PENDING_REVIEW
3130000-213-2026-00002,스트록87,salon,일반미용업,종합미용업,"서울특별시 마포구 신촌로2안길 30, 4층 (동교동)",서울특별시 마포구 동교동 177-2,,2026-02-13,영업,hongdae,,PENDING_REVIEW
3130000-213-2026-00003,채채,makeup,메이크업업,종합미용업,"서울특별시 마포구 신촌로10길 9, 제에이동 2층 203호 (동교동, 더라움)",서울특별시 마포구 동교동 185-7 더라움,,2026-03-17,영업,hongdae,,PENDING_REVIEW
3130000-213-2026-00005,HONE,salon,일반미용업,종합미용업,"서울특별시 마포구 와우산로14길 17, 제1층 제102호 (상수동)",서울특별시 마포구 상수동 86-29,,2026-03-27,영업,hongdae,,PENDING_REVIEW
3130000-213-2026-00006,오브아이(of eye),makeup,메이크업업,종합미용업,"서울특별시 마포구 양화로6길 30, 제이하우트 2층 (합정동)",서울특별시 마포구 합정동 413-19 제이하우트,,2026-03-31,영업,hongdae,,PENDING_REVIEW
3130000-213-2026-00007,에코쟈뎅 홍대점,salon,일반미용업,종합미용업,"서울특별시 마포구 신촌로4길 11, A동 4,5층 (동교동)",서울특별시 마포구 동교동 179-38,,2026-04-21,영업,hongdae,,PENDING_REVIEW
3130000-213-2026-00008,소꿉래쉬,salon,일반미용업,종합미용업,"서울특별시 마포구 와우산로29길 4-15, 3층 (서교동)",서울특별시 마포구 서교동 327-46,,2026-06-11,영업,hongdae,,PENDING_REVIEW
3130000-215-2015-00003,예쁘다 그 손,nail_lash,네일아트업,네일미용업,"서울특별시 마포구 와우산로 55-1, 1층 (상수동)",서울특별시 마포구 상수동 86-7,023368412,2015-03-20,영업,hongdae,,PENDING_REVIEW
3130000-215-2015-00018,"9, MeHo(구미호)",nail_lash,네일아트업,네일미용업,"서울특별시 마포구 성지길 18, 2층 (합정동)",서울특별시 마포구 합정동 375-26,023240619,2015-10-21,영업,hongdae,,PENDING_REVIEW
3130000-215-2016-00025,호네일,nail_lash,네일아트업,네일미용업,"서울특별시 마포구 동교로 227-5, 지하1층 (연남동)",서울특별시 마포구 연남동 373-14,,2016-07-01,영업,hongdae,,PENDING_REVIEW
3130000-215-2016-00030,Nail ONE,nail_lash,네일아트업,네일미용업,"서울특별시 마포구 성지1길 10, 1층 101호 (합정동)",서울특별시 마포구 합정동 372-19,025176040,2016-09-21,영업,hongdae,,PENDING_REVIEW
3130000-215-2016-00036,마이토비네일,nail_lash,네일아트업,네일미용업,"서울특별시 마포구 신촌로4길 22-22, 3층 (동교동)",서울특별시 마포구 동교동 176-12,,2016-11-02,영업,hongdae,,PENDING_REVIEW
3130000-215-2016-00047,문네일,nail_lash,네일아트업,네일미용업,"서울특별시 마포구 독막로 91, 4층 일부호 (상수동)",서울특별시 마포구 상수동 309-5,,2016-04-26,영업,hongdae,,PENDING_REVIEW
3130000-215-2017-00010,"푸른달, 하루",nail_lash,네일아트업,네일미용업,"서울특별시 마포구 월드컵로1길 14, 상가동 207호 (합정동, 마포 한강 푸르지오)",서울특별시 마포구 합정동 472 마포 한강 푸르지오 상가동 207호,023260501,2017-04-06,영업,hongdae,,PENDING_REVIEW
3130000-215-2017-00036,딸기네일,nail_lash,네일아트업,네일미용업,"서울특별시 마포구 홍익로 10, 101동 지하1층 116호 (서교동, 서교푸르지오)",서울특별시 마포구 서교동 486 서교푸르지오 101동 지하116호,0231412619,2017-09-13,영업,hongdae,,PENDING_REVIEW
3130000-215-2018-00004,15그림(15grim),nail_lash,네일아트업,네일미용업,"서울특별시 마포구 잔다리로3안길 44, 1층 102호 (서교동)",서울특별시 마포구 서교동 395-124,0262174141,2018-02-20,영업,hongdae,,PENDING_REVIEW
3130000-215-2018-00011,네일포시즌,nail_lash,네일아트업,네일미용업,"서울특별시 마포구 독막로9길 8, 3층 (서교동)",서울특별시 마포구 서교동 402-6 3층,023323232,2018-04-02,영업,hongdae,,PENDING_REVIEW
3130000-215-2018-00018,네일몽드,nail_lash,네일아트업,네일미용업,"서울특별시 마포구 신촌로2안길 52, 1층 (동교동)",서울특별시 마포구 동교동 177-11 1층,,2018-05-03,영업,hongdae,,PENDING_REVIEW
3130000-215-2018-00022,이브(EVE),nail_lash,네일아트업,네일미용업,"서울특별시 마포구 동교로27길 92, 1층 (연남동)",서울특별시 마포구 연남동 504-24 1층,023384791,2018-06-22,영업,hongdae,,PENDING_REVIEW
3130000-215-2018-00027,바이소안,nail_lash,네일아트업,네일미용업,"서울특별시 마포구 동교로38안길 11-1, 2층 (연남동)",서울특별시 마포구 연남동 390-122 2층,,2018-07-18,영업,hongdae,,PENDING_REVIEW
3130000-215-2018-00030,체리네일 문제성 손·발톱전문,nail_lash,네일아트업,네일미용업,"서울특별시 마포구 동교로 181-9, 1층 (동교동)",서울특별시 마포구 동교동 201-28 1층,0231448678,2018-02-20,영업,hongdae,,PENDING_REVIEW
3130000-215-2018-00045,그날의네일,nail_lash,네일아트업,네일미용업,"서울특별시 마포구 월드컵북로6길 92, 2층 (동교동)",서울특별시 마포구 동교동 197-34 2층 전체,,2018-02-07,영업,hongdae,,PENDING_REVIEW
3130000-215-2019-00017,크리스마스,nail_lash,네일아트업,네일미용업,"서울특별시 마포구 어울마당로 134, 4층 (서교동)",서울특별시 마포구 서교동 347-24 4층 전체,,2019-05-29,영업,hongdae,,PENDING_REVIEW
3130000-215-2019-00020,네일브와,nail_lash,네일아트업,네일미용업,"서울특별시 마포구 동교로45길 3-3, 1층 (연남동)",서울특별시 마포구 연남동 229-53,,2019-08-01,영업,hongdae,,PENDING_REVIEW
3130000-215-2019-00025,네일디(nail thee),nail_lash,네일아트업,네일미용업,"서울특별시 마포구 동교로 185-6, 1층 101호 (동교동)",서울특별시 마포구 동교동 201-4,,2019-01-15,영업,hongdae,,PENDING_REVIEW
3130000-215-2019-00028,제니랜드,nail_lash,네일아트업,네일미용업,"서울특별시 마포구 홍익로6길 46, 3층 (동교동)",서울특별시 마포구 동교동 164-20,023355040,2019-10-25,영업,hongdae,,PENDING_REVIEW
3130000-215-2019-00029,"네일, 꿈",nail_lash,네일아트업,네일미용업,"서울특별시 마포구 와우산로13길 40, 2층 (서교동)",서울특별시 마포구 서교동 411-18 2층,,2019-11-04,영업,hongdae,,PENDING_REVIEW
3130000-215-2019-00030,네일룸,nail_lash,네일아트업,네일미용업,"서울특별시 마포구 양화로18안길 20, 3층 301호 (동교동)",서울특별시 마포구 동교동 169-21,07081180806,2019-11-05,영업,hongdae,,PENDING_REVIEW
3130000-215-2019-00035,B BY YOU(비바이유),nail_lash,네일아트업,네일미용업,"서울특별시 마포구 독막로2길 34, 302호 (합정동)",서울특별시 마포구 합정동 371-1 302호,,2019-12-27,영업,hongdae,,PENDING_REVIEW
3130000-215-2020-00006,네일 리무드,nail_lash,네일아트업,네일미용업,"서울특별시 마포구 와우산로29라길 8, 인촌빌딩 201호 (서교동)",서울특별시 마포구 서교동 333-7,,2020-02-28,영업,hongdae,,PENDING_REVIEW
3130000-215-2020-00012,네일 플로렌스(Nail Florence),nail_lash,네일아트업,네일미용업,"서울특별시 마포구 어울마당로 42, 3층 301호 (서교동)",서울특별시 마포구 서교동 408-30 301호,,2020-03-11,영업,hongdae,,PENDING_REVIEW
3130000-215-2020-00018,미미네일터(MIMI NAILTER),nail_lash,네일아트업,네일미용업,"서울특별시 마포구 와우산로 162-10, 3층 301호 (서교동)",서울특별시 마포구 서교동 325-5,,2020-05-26,영업,hongdae,,PENDING_REVIEW
3130000-215-2020-00022,미닛네일(minit nail),nail_lash,네일아트업,네일미용업,"서울특별시 마포구 포은로 51, 1층 (합정동)",서울특별시 마포구 합정동 441-34,,2020-07-06,영업,hongdae,,PENDING_REVIEW
3130000-215-2020-00025,엘르네일,nail_lash,네일아트업,네일미용업,"서울특별시 마포구 동교로30길 19, 3층 301호 (동교동)",서울특별시 마포구 동교동 148-14 301호,,2020-07-30,영업,hongdae,,PENDING_REVIEW
3130000-215-2020-00028,더 메세나폴리스 네일,nail_lash,네일아트업,네일미용업,"서울특별시 마포구 양화로 45, 몰동 B104호 (서교동, 메세나폴리스)",서울특별시 마포구 서교동 490 메세나폴리스,023366317,2020-09-15,영업,hongdae,,PENDING_REVIEW
3130000-215-2020-00029,"네일,ㅇㅅㅇ(nail, ㅇㅅㅇ)",nail_lash,네일아트업,네일미용업,"서울특별시 마포구 양화로 56, 동양한강트레벨 1층 105호 (서교동)",서울특별시 마포구 서교동 394-25 동양한강트레벨,,2020-10-06,영업,hongdae,,PENDING_REVIEW
3130000-215-2020-00031,조조네일스튜디오(JoJo Nail STUDIO),nail_lash,네일아트업,네일미용업,"서울특별시 마포구 독막로7길 8, 1층 (합정동)",서울특별시 마포구 합정동 410-15,,2020-10-16,영업,hongdae,,PENDING_REVIEW
3130000-215-2020-00032,네일오운무드,nail_lash,네일아트업,네일미용업,"서울특별시 마포구 연희로1길 7, 1층 101호 (동교동)",서울특별시 마포구 동교동 147-31,,2020-10-30,영업,hongdae,,PENDING_REVIEW
3130000-215-2020-00033,에스네일,nail_lash,네일아트업,네일미용업,"서울특별시 마포구 월드컵로1길 14, 지하2층 비216-2호 (합정동, 마포 한강 푸르지오)",서울특별시 마포구 합정동 472 마포 한강 푸르지오,,2020-11-26,영업,hongdae,,PENDING_REVIEW
3130000-215-2020-00037,르미네일,nail_lash,네일아트업,네일미용업,"서울특별시 마포구 월드컵로3길 31-30, 3층 (합정동)",서울특별시 마포구 합정동 388-15 3층,,2020-08-19,영업,hongdae,,PENDING_REVIEW
3130000-215-2020-00038,"네일,스물넷",nail_lash,네일아트업,네일미용업,"서울특별시 마포구 와우산로33길 12, 2층 (서교동)",서울특별시 마포구 서교동 326-14 2층,,2020-05-28,영업,hongdae,,PENDING_REVIEW
3130000-215-2020-00039,네일로제,nail_lash,네일아트업,네일미용업,"서울특별시 마포구 동교로46길 7, 3층 302호 (연남동)",서울특별시 마포구 연남동 387-19 302호,,2020-01-17,영업,hongdae,,PENDING_REVIEW
3130000-215-2020-00040,니드필(NEED FEEL),nail_lash,네일아트업,네일미용업,"서울특별시 마포구 독막로3길 52, 예쁜빌딩 3층 일부호 (서교동)",서울특별시 마포구 서교동 397-5 예쁜빌딩 3층 일부호,,2020-06-09,영업,hongdae,,PENDING_REVIEW
3130000-215-2020-00041,내일도조이풀(nail the joyful),nail_lash,네일아트업,네일미용업,"서울특별시 마포구 월드컵북로6길 97, 2층 일부호 (연남동)",서울특별시 마포구 연남동 567-40 2층 일부호,,2020-10-06,영업,hongdae,,PENDING_REVIEW
3130000-215-2021-00001,팔레드네일(parlerde),nail_lash,네일아트업,네일미용업,"서울특별시 마포구 동교로 181-7, 2층 (동교동)",서울특별시 마포구 동교동 201-39,,2021-01-18,영업,hongdae,,PENDING_REVIEW
3130000-215-2021-00002,nail ilrang(네일일랑),nail_lash,네일아트업,네일미용업,"서울특별시 마포구 독막로3길 35, 3층 (서교동)",서울특별시 마포구 서교동 395-65,,2021-02-19,영업,hongdae,,PENDING_REVIEW
3130000-215-2021-00003,발림,nail_lash,네일아트업,네일미용업,"서울특별시 마포구 동교로38길 33-15, 1층 (연남동)",서울특별시 마포구 연남동 390-30 1층 일부(102호),,2021-02-25,영업,hongdae,,PENDING_REVIEW
3130000-215-2021-00004,로디네일,nail_lash,네일아트업,네일미용업,"서울특별시 마포구 동교로 262-4, 피아노빌딩 3층 (연남동)",서울특별시 마포구 연남동 228-24 피아노빌딩 3층 전체,,2021-02-26,영업,hongdae,,PENDING_REVIEW
3130000-215-2021-00005,네일해나,nail_lash,네일아트업,네일미용업,"서울특별시 마포구 동교로12길 21, 1층 29호 (서교동)",서울특별시 마포구 서교동 485-14 1층 29호,,2021-03-03,영업,hongdae,,PENDING_REVIEW
3130000-215-2021-00008,헤이 씨(Hey See),nail_lash,네일아트업,네일미용업,"서울특별시 마포구 와우산로19길 11, 4층 (서교동)",서울특별시 마포구 서교동 363-23 4층,,2021-03-15,영업,hongdae,,PENDING_REVIEW
3130000-215-2021-00010,네일쉼,nail_lash,네일아트업,네일미용업,"서울특별시 마포구 양화로7길 3, 2층 202호 (서교동)",서울특별시 마포구 서교동 393-1 외 1필지(393-3) 2층 202호,,2021-04-02,영업,hongdae,,PENDING_REVIEW
3130000-215-2021-00011,연주다움,nail_lash,네일아트업,네일미용업,"서울특별시 마포구 독막로4길 9, 지하1층 (합정동)",서울특별시 마포구 합정동 363-30 지하1층 일부,,2021-04-07,영업,hongdae,,PENDING_REVIEW
3130000-215-2021-00014,네일탐구생활,nail_lash,네일아트업,네일미용업,"서울특별시 마포구 와우산로29나길 23, 지하층 우측호 (서교동)","서울특별시 마포구 서교동 336-18 , 지하층 우측호",,2021-04-20,영업,hongdae,,PENDING_REVIEW
3130000-215-2021-00017,네일하라유,nail_lash,네일아트업,네일미용업,"서울특별시 마포구 양화로 156, LG팰리스빌딩 지하1층 112호 (동교동)",서울특별시 마포구 동교동 165-8 LG팰리스빌딩,,2021-04-23,영업,hongdae,,PENDING_REVIEW
3130000-215-2021-00019,바를정 네일,nail_lash,네일아트업,네일미용업,"서울특별시 마포구 성미산로 109, 102호 (연남동, 희승)",서울특별시 마포구 연남동 488-4 희승,,2021-05-17,영업,hongdae,,PENDING_REVIEW
3130000-215-2021-00021,우디네일,nail_lash,네일아트업,네일미용업,"서울특별시 마포구 와우산로29마길 5, 지층 (서교동)",서울특별시 마포구 서교동 333-30 지층(마주보고 좌측),,2021-05-25,영업,hongdae,,PENDING_REVIEW
3130000-215-2021-00023,반짝이는 네일,nail_lash,네일아트업,네일미용업,"서울특별시 마포구 어울마당로 56, 4층 401호 (서교동)",서울특별시 마포구 서교동 408-8 4층 401호,,2021-06-01,영업,hongdae,,PENDING_REVIEW
3130000-215-2021-00024,연남동 미누,nail_lash,네일아트업,네일미용업,"서울특별시 마포구 동교로38길 30, 4층 (연남동)",서울특별시 마포구 연남동 382-27 4층 일부(미누헤어 내),,2021-06-01,영업,hongdae,,PENDING_REVIEW
3130000-215-2021-00025,오요이 네일스튜디오(OYOI NAIL STUDIO),nail_lash,네일아트업,네일미용업,"서울특별시 마포구 성지길 36-20, 4층 (합정동)",서울특별시 마포구 합정동 375-18 4층,,2021-06-02,영업,hongdae,,PENDING_REVIEW
3130000-215-2021-00026,네일드 디아망,nail_lash,네일아트업,네일미용업,"서울특별시 마포구 어울마당로5길 4, 3층 301호 (서교동)",서울특별시 마포구 서교동 403-11 3층 일부(301호),,2021-06-03,영업,hongdae,,PENDING_REVIEW
3130000-215-2021-00030,루이일사네일,nail_lash,네일아트업,네일미용업,"서울특별시 마포구 월드컵북로 48, 1층 (연남동)",서울특별시 마포구 연남동 487-400,,2021-06-25,영업,hongdae,,PENDING_REVIEW
3130000-215-2021-00032,네일위자드Ⅱ,nail_lash,네일아트업,네일미용업,"서울특별시 마포구 양화로6길 18, B동 3층 (합정동)",서울특별시 마포구 합정동 413-27 B동 3층 일부,,2021-08-26,영업,hongdae,,PENDING_REVIEW
3130000-215-2021-00034,네일치프(chief),nail_lash,네일아트업,네일미용업,"서울특별시 마포구 와우산로29길 40, B01호 (서교동)",서울특별시 마포구 서교동 328-24,,2021-10-26,영업,hongdae,,PENDING_REVIEW
3130000-215-2021-00035,나두네일(nadoo nail),nail_lash,네일아트업,네일미용업,"서울특별시 마포구 와우산로 39-13, 지층 (상수동)",서울특별시 마포구 상수동 310-8,,2021-10-26,영업,hongdae,,PENDING_REVIEW
3130000-215-2021-00036,에이미 네일살롱,nail_lash,네일아트업,네일미용업,"서울특별시 마포구 양화로6길 57-13, 4층 402호 (서교동, 기단)",서울특별시 마포구 서교동 396-61 기단 402호,,2021-11-04,영업,hongdae,,PENDING_REVIEW
3130000-215-2022-00003,네일 해브피피(Nail Have PP),nail_lash,네일아트업,네일미용업,"서울특별시 마포구 와우산로13길 49-15, 2층 202호 (상수동)",서울특별시 마포구 상수동 315-7 2층 일부(202호),,2022-01-19,영업,hongdae,,PENDING_REVIEW
3130000-215-2022-00004,나로네일,nail_lash,네일아트업,네일미용업,"서울특별시 마포구 잔다리로6길 20-8, 더스톤 지하1층 B2호 (서교동)",서울특별시 마포구 서교동 368-37 더스톤 지하1층 B2호 일부(콜론 네일 내),,2022-01-20,영업,hongdae,,PENDING_REVIEW
3130000-215-2022-00005,블루메 네일룸(Blume nailroom),nail_lash,네일아트업,네일미용업,"서울특별시 마포구 동교로30길 17-1, 빌딩 이카토 3층 301호 (동교동)",서울특별시 마포구 동교동 149-11 빌딩 이카토 3층 301호,,2022-01-20,영업,hongdae,,PENDING_REVIEW
3130000-215-2022-00007,언트네일(un't),nail_lash,네일아트업,네일미용업,"서울특별시 마포구 성미산로26길 37, 지층 102호 (연남동)",서울특별시 마포구 연남동 257-6 지층동 102호,,2022-02-10,영업,hongdae,,PENDING_REVIEW
3130000-215-2022-00008,오른네일,nail_lash,네일아트업,네일미용업,"서울특별시 마포구 동교로38길 42-5, 세모하우스 2층 (연남동)",서울특별시 마포구 연남동 382-22 세모하우스 2층 전체,,2022-02-16,영업,hongdae,,PENDING_REVIEW
3130000-215-2022-00014,네일 셀린(Nail Celine),nail_lash,네일아트업,네일미용업,"서울특별시 마포구 와우산로22길 70, 2층 202호 (상수동)",서울특별시 마포구 상수동 88-14 202호,,2022-03-21,영업,hongdae,,PENDING_REVIEW
3130000-215-2022-00015,힐네일(HEAL NAIL),nail_lash,네일아트업,네일미용업,"서울특별시 마포구 와우산로27길 14, 1층 101호 (서교동)",서울특별시 마포구 서교동 335-16 1층 일부(101호),,2022-03-22,영업,hongdae,,PENDING_REVIEW
3130000-215-2022-00016,네일 위니데이,nail_lash,네일아트업,네일미용업,"서울특별시 마포구 와우산로37길 46, 2층 201호 (동교동)",서울특별시 마포구 동교동 177-22 2층 일부(201호),,2022-04-07,영업,hongdae,,PENDING_REVIEW
3130000-215-2022-00021,보누므 네일(BONUM NAIL),nail_lash,네일아트업,네일미용업,"서울특별시 마포구 동교로38길 33-18, 2층 우측층 201호 (연남동)",서울특별시 마포구 연남동 383-78 2층 우측 201호,,2022-05-09,영업,hongdae,,PENDING_REVIEW
3130000-215-2022-00022,니니오 뷰티,nail_lash,네일아트업,네일미용업,"서울특별시 마포구 연남로 89, 제102동 제1층 102호 (연남동, 유일해리지움)",서울특별시 마포구 연남동 361-16 유일해리지움 제102동 제1층 제102호,,2022-05-23,영업,hongdae,,PENDING_REVIEW
3130000-215-2022-00023,비마이문,nail_lash,네일아트업,네일미용업,"서울특별시 마포구 동교로 248, 4층 (연남동)",서울특별시 마포구 연남동 228-57 4층 전체,,2022-05-25,영업,hongdae,,PENDING_REVIEW
3130000-215-2022-00031,리튼네일(written on nails),nail_lash,네일아트업,네일미용업,"서울특별시 마포구 포은로2나길 34, 합정주택 1층 102호 (합정동)",서울특별시 마포구 합정동 391-3 합정주택 1일 일부(102호),,2022-07-25,영업,hongdae,,PENDING_REVIEW
3130000-215-2022-00032,홍대 네일 헤이오브제,nail_lash,네일아트업,네일미용업,"서울특별시 마포구 어울마당로 136-24, 2층 (서교동)",서울특별시 마포구 서교동 347-11 2층,,2022-08-18,영업,hongdae,,PENDING_REVIEW
3130000-215-2022-00035,네일 인디고,nail_lash,네일아트업,네일미용업,"서울특별시 마포구 와우산로29길 15, 101,102호 (서교동)",서울특별시 마포구 서교동 336-5,,2022-09-27,영업,hongdae,,PENDING_REVIEW
3130000-215-2022-00036,리나(LINA),nail_lash,네일아트업,네일미용업,"서울특별시 마포구 홍익로5길 33, 지하1층 (서교동)",서울특별시 마포구 서교동 355-18 지하1층,023367707,2022-10-17,영업,hongdae,,PENDING_REVIEW
3130000-215-2022-00037,앤드네일,nail_lash,네일아트업,네일미용업,"서울특별시 마포구 양화로7길 50, 1층 (서교동)",서울특별시 마포구 서교동 381-14,,2022-10-19,영업,hongdae,,PENDING_REVIEW
3130000-215-2022-00041,오어트네일스튜디오,nail_lash,네일아트업,네일미용업,"서울특별시 마포구 동교로46길 40, 3층 302호 (연남동)",서울특별시 마포구 연남동 227-8 3층 302호,,2022-11-15,영업,hongdae,,PENDING_REVIEW
3130000-215-2022-00042,네일 레브빈(Nail Revebin),nail_lash,네일아트업,네일미용업,"서울특별시 마포구 성미산로19길 21, 101호 (연남동)",서울특별시 마포구 연남동 482-30 101호,,2022-11-30,영업,hongdae,,PENDING_REVIEW
3130000-215-2022-00047,클래시끄,nail_lash,네일아트업,네일미용업,"서울특별시 마포구 와우산로37길 46, 3층 303호 (동교동)",서울특별시 마포구 동교동 177-22,,2022-01-18,영업,hongdae,,PENDING_REVIEW
3130000-215-2023-00004,네일 뮈니르,nail_lash,네일아트업,네일미용업,"서울특별시 마포구 동교로 220-5, 2 층 일부호 (동교동)",서울특별시 마포구 동교동 152-27 2층 일부,,2023-02-15,영업,hongdae,,PENDING_REVIEW
3130000-215-2023-00007,네일딘(Naildin),nail_lash,네일아트업,네일미용업,"서울특별시 마포구 동교로 253, 4층 (연남동)",서울특별시 마포구 연남동 229-64 4층,,2023-02-21,영업,hongdae,,PENDING_REVIEW
3130000-215-2023-00010,네일 블라썸(Nail Blossom),nail_lash,네일아트업,네일미용업,"서울특별시 마포구 동교로27길 61, 1층 (연남동)",서울특별시 마포구 연남동 565-14 1층 일부,,2023-03-27,영업,hongdae,,PENDING_REVIEW
3130000-215-2023-00012,상수네일,nail_lash,네일아트업,네일미용업,"서울특별시 마포구 와우산로 32, 1층 (상수동)",서울특별시 마포구 상수동 329-6 1층(건물을 바라보고 우측),,2023-03-29,영업,hongdae,,PENDING_REVIEW
3130000-215-2023-00015,네일 모어드(nail mored),nail_lash,네일아트업,네일미용업,"서울특별시 마포구 와우산로29바길 24, 지층 2호 (서교동)",서울특별시 마포구 서교동 347-12 지층 2호,,2023-04-17,영업,hongdae,,PENDING_REVIEW
3130000-215-2023-00019,구름네일하우스,nail_lash,네일아트업,네일미용업,"서울특별시 마포구 와우산로15길 33, 4층 401호 (서교동)",서울특별시 마포구 서교동 411-7 401호,,2023-05-23,영업,hongdae,,PENDING_REVIEW
3130000-215-2023-00020,다우네일랩(Dou nail lab),nail_lash,네일아트업,네일미용업,"서울특별시 마포구 성미산로29길 30-3, B01호 (연남동)",서울특별시 마포구 연남동 241-45 B01호,,2023-06-09,영업,hongdae,,PENDING_REVIEW
3130000-215-2023-00021,미로네일,nail_lash,네일아트업,네일미용업,"서울특별시 마포구 독막로7길 34, 서교빌딩 3,4층 (서교동)","서울특별시 마포구 서교동 404-27 서교빌딩 3,4층 전체",,2023-06-16,영업,hongdae,,PENDING_REVIEW
3130000-215-2023-00022,에르네일(Hernail),nail_lash,네일아트업,네일미용업,"서울특별시 마포구 독막로 92-15, 삼삼공빌딩 2층 202호 (상수동)",서울특별시 마포구 상수동 330-8 삼삼공빌딩 202호,,2023-08-08,영업,hongdae,,PENDING_REVIEW
3130000-215-2023-00023,사이네일스튜디오,nail_lash,네일아트업,네일미용업,"서울특별시 마포구 동교로27길 21-12, 2층 202호 (동교동)",서울특별시 마포구 동교동 204-17 2층 202호,,2023-09-01,영업,hongdae,,PENDING_REVIEW
3130000-215-2023-00025,해피네일,nail_lash,네일아트업,네일미용업,"서울특별시 마포구 와우산로29길 14-19, 2층 (서교동)",서울특별시 마포구 서교동 328-62,,2023-09-18,영업,hongdae,,PENDING_REVIEW
3130000-215-2023-00027,러블리에이치네일,nail_lash,네일아트업,네일미용업,"서울특별시 마포구 와우산로29라길 7, 301호 (서교동)",서울특별시 마포구 서교동 334-23 301호,,2023-10-11,영업,hongdae,,PENDING_REVIEW
3130000-215-2023-00030,지나(Jina)가지마 네일(Nail)연남점,nail_lash,네일아트업,네일미용업,"서울특별시 마포구 동교로47길 3, 지하층 102호 (연남동)",서울특별시 마포구 연남동 229-32 지하 102호,,2023-11-17,영업,hongdae,,PENDING_REVIEW
3130000-215-2023-00031,샌드네일,nail_lash,네일아트업,네일미용업,"서울특별시 마포구 동교로45길 10, 1층 (연남동, 미지안)",서울특별시 마포구 연남동 229-27 미지안 1층,,2023-11-20,영업,hongdae,,PENDING_REVIEW
3130000-215-2023-00032,와투케네일,nail_lash,네일아트업,네일미용업,"서울특별시 마포구 와우산로29라길 26, B층 우측호 (서교동)",서울특별시 마포구 서교동 333-16 지층 우측호(해당건물 전면),,2023-11-30,영업,hongdae,,PENDING_REVIEW
3130000-215-2023-00033,프라임멤버스네일,nail_lash,네일아트업,네일미용업,"서울특별시 마포구 동교로38길 11, 신영빌딩 4층 (연남동)",서울특별시 마포구 연남동 390-70 신영빌딩 4층,,2023-12-01,영업,hongdae,,PENDING_REVIEW
3130000-215-2023-00035,카미코네일,nail_lash,네일아트업,네일미용업,"서울특별시 마포구 와우산로19길 27, 3층 일부호 (서교동)",서울특별시 마포구 서교동 363-19 3층 일부호,,2023-12-21,영업,hongdae,,PENDING_REVIEW
3130000-215-2023-00036,UU네일,nail_lash,네일아트업,네일미용업,"서울특별시 마포구 독막로2길 38, 3층 (합정동)",서울특별시 마포구 합정동 371-18 3층,,2023-03-30,영업,hongdae,,PENDING_REVIEW
3130000-215-2023-00037,컬러박스,nail_lash,네일아트업,네일미용업,"서울특별시 마포구 홍익로 10, 101동 1층 102호 (서교동, 서교푸르지오)",서울특별시 마포구 서교동 486 서교푸르지오 101동 102호,,2023-03-22,영업,hongdae,,PENDING_REVIEW
3130000-215-2023-00038,칲네일(Chief nail),nail_lash,네일아트업,네일미용업,"서울특별시 마포구 동교로27길 81, 2층 202호 (연남동)","서울특별시 마포구 연남동 562-25 , 2층 202호",,2023-11-06,영업,hongdae,,PENDING_REVIEW
3130000-215-2023-00039,농사피엔스 네일,nail_lash,네일아트업,네일미용업,"서울특별시 마포구 연희로1길 51, 3층 1호 (연남동)",서울특별시 마포구 연남동 383-24,,2023-07-20,영업,hongdae,,PENDING_REVIEW
3130000-215-2024-00003,리리움 아틀리에,nail_lash,네일아트업,네일미용업,"서울특별시 마포구 독막로9길 3-4, 2층 (서교동)",서울특별시 마포구 서교동 401-13,,2024-01-12,영업,hongdae,,PENDING_REVIEW
3130000-215-2024-00004,네일을 빛나게,nail_lash,네일아트업,네일미용업,"서울특별시 마포구 동교로38길 27-8, 2층 (연남동)",서울특별시 마포구 연남동 390-32 2층 전체,,2024-01-19,영업,hongdae,,PENDING_REVIEW
3130000-215-2024-00005,미니크네일,nail_lash,네일아트업,네일미용업,"서울특별시 마포구 동교로 156, 3층 (서교동)",서울특별시 마포구 서교동 352-1,,2024-02-01,영업,hongdae,,PENDING_REVIEW
3130000-215-2024-00006,너깃네일,nail_lash,네일아트업,네일미용업,"서울특별시 마포구 독막로15길 3-3, 지하층 b02호 (상수동)",서울특별시 마포구 상수동 315-3,,2024-02-07,영업,hongdae,,PENDING_REVIEW
3130000-215-2024-00008,여느네일,nail_lash,네일아트업,네일미용업,"서울특별시 마포구 신촌로2안길 30, 5층 (동교동)",서울특별시 마포구 동교동 177-2,,2024-02-20,영업,hongdae,,PENDING_REVIEW
3130000-215-2024-00010,네일유화,nail_lash,네일아트업,네일미용업,"서울특별시 마포구 성미산로 167-7, 3층 (연남동)",서울특별시 마포구 연남동 223-79,,2024-03-04,영업,hongdae,,PENDING_REVIEW
3130000-215-2024-00013,공간네일 홍대점,nail_lash,네일아트업,네일미용업,"서울특별시 마포구 어울마당로 124, 3층 (서교동)",서울특별시 마포구 서교동 346-43 3층전체,,2024-03-13,영업,hongdae,,PENDING_REVIEW
3130000-215-2024-00020,에디크,nail_lash,네일아트업,네일미용업,"서울특별시 마포구 동교로25길 5, 2층 (동교동)",서울특별시 마포구 동교동 201-9 2층 일부,,2024-04-17,영업,hongdae,,PENDING_REVIEW
3130000-215-2024-00021,모모네일,nail_lash,네일아트업,네일미용업,"서울특별시 마포구 홍익로6길 44, 3층 (동교동)",서울특별시 마포구 동교동 164-19 3층,,2024-04-25,영업,hongdae,,PENDING_REVIEW
3130000-215-2024-00022,네일퀸샤,nail_lash,네일아트업,네일미용업,"서울특별시 마포구 동교로27길 3-12, 동교동빌딩 1층 (동교동)",서울특별시 마포구 동교동 200-34 동교동빌딩,,2024-05-08,영업,hongdae,,PENDING_REVIEW
3130000-215-2024-00024,다몽네일,nail_lash,네일아트업,네일미용업,"서울특별시 마포구 동교로34길 14, 3층 (연남동)",서울특별시 마포구 연남동 381-9 3층,,2024-05-22,영업,hongdae,,PENDING_REVIEW
3130000-215-2024-00025,조이네일랜드,nail_lash,네일아트업,네일미용업,"서울특별시 마포구 잔다리로 127-1, 레이즈빌딩 1층 (서교동)",서울특별시 마포구 서교동 247-56 레이즈빌딩 1층 전체,,2024-05-28,영업,hongdae,,PENDING_REVIEW
3130000-215-2024-00027,플러피네일,nail_lash,네일아트업,네일미용업,"서울특별시 마포구 동교로46길 24-5, 1층 좌측호 (연남동)",서울특별시 마포구 연남동 384-11 1층 좌측호,,2024-06-13,영업,hongdae,,PENDING_REVIEW
3130000-215-2024-00030,네일토스트(nail toast),nail_lash,네일아트업,네일미용업,"서울특별시 마포구 양화로8길 5, 소천빌딩 2층 (서교동)",서울특별시 마포구 서교동 395-46 소천빌딩 2층 일부,,2024-03-25,영업,hongdae,,PENDING_REVIEW
3130000-215-2024-00031,연남동속눈썹,nail_lash,네일아트업,네일미용업,"서울특별시 마포구 성미산로 167-9, 2층 202호 (연남동)",서울특별시 마포구 연남동 223-80 202호호,,2024-09-20,영업,hongdae,,PENDING_REVIEW
3130000-215-2024-00032,꾸오,nail_lash,네일아트업,네일미용업,"서울특별시 마포구 동교로 182-5, 3층 (동교동)",서울특별시 마포구 동교동 158-17 3층,,2024-09-23,영업,hongdae,,PENDING_REVIEW
3130000-215-2024-00034,코코의 손톱공장,nail_lash,네일아트업,네일미용업,"서울특별시 마포구 어울마당로 21, 1층 103호 (합정동)",서울특별시 마포구 합정동 356-1 103호,,2024-11-06,영업,hongdae,,PENDING_REVIEW
3130000-215-2024-00035,네일퐁(nail pong),nail_lash,네일아트업,네일미용업,"서울특별시 마포구 신촌로4길 22-20, 은창빌딩 3층 (동교동)",서울특별시 마포구 동교동 176-11 은창빌딩 3층,,2024-11-14,영업,hongdae,,PENDING_REVIEW
3130000-215-2024-00036,묘담네일,nail_lash,네일아트업,네일미용업,"서울특별시 마포구 동교로27길 12, 2층 201호 (동교동)",서울특별시 마포구 동교동 198-8 201호,,2024-12-24,영업,hongdae,,PENDING_REVIEW
3130000-215-2024-00037,오프비네일(off:B nail),nail_lash,네일아트업,네일미용업,"서울특별시 마포구 연희로1길 28, 3층 301호 (동교동)",서울특별시 마포구 동교동 113-29 301호,,2024-12-31,영업,hongdae,,PENDING_REVIEW
3130000-215-2025-00001,모구네일,nail_lash,네일아트업,네일미용업,"서울특별시 마포구 동교로51길 79, 지층 우측호 (연남동)",서울특별시 마포구 연남동 241-57 지층 우측,,2025-01-10,영업,hongdae,,PENDING_REVIEW
3130000-215-2025-00004,모미지네일,nail_lash,네일아트업,네일미용업,"서울특별시 마포구 월드컵로3길 31-26, 3층 (합정동)",서울특별시 마포구 합정동 388-17 3층,,2025-02-07,영업,hongdae,,PENDING_REVIEW
3130000-215-2025-00005,"하이, 달 네일",nail_lash,네일아트업,네일미용업,"서울특별시 마포구 양화로 193, 207호 (동교동)",서울특별시 마포구 동교동 147-7 207호,,2025-02-10,영업,hongdae,,PENDING_REVIEW
3130000-215-2025-00006,하우스네일,nail_lash,네일아트업,네일미용업,"서울특별시 마포구 동교로23길 79, 지층 (연남동)",서울특별시 마포구 연남동 487-389 지층,,2025-02-17,영업,hongdae,,PENDING_REVIEW
3130000-215-2025-00007,블링팁(Bling tip),nail_lash,네일아트업,네일미용업,"서울특별시 마포구 연남로3길 13, 1층 3호 (연남동)",서울특별시 마포구 연남동 566-38 1층 3호,,2025-02-19,영업,hongdae,,PENDING_REVIEW
3130000-215-2025-00008,이븐베러,nail_lash,네일아트업,네일미용업,"서울특별시 마포구 동교로25길 23, 정암빌딩 4층 401호 (동교동)",서울특별시 마포구 동교동 203-50 정암빌딩 401호,,2025-02-19,영업,hongdae,,PENDING_REVIEW
3130000-215-2025-00012,리리클럽,nail_lash,네일아트업,네일미용업,"서울특별시 마포구 어울마당로 51-1, 3층 303호 (서교동)",서울특별시 마포구 서교동 403-3 3층 303호,,2025-03-11,영업,hongdae,,PENDING_REVIEW
3130000-215-2025-00014,유후네일,nail_lash,네일아트업,네일미용업,"서울특별시 마포구 양화로 122, LAB7 2층 우측호 (서교동)","서울특별시 마포구 서교동 354-8 LAB7, 2층 우측호",,2025-03-26,영업,hongdae,,PENDING_REVIEW
3130000-215-2025-00017,네일로피아(nailopia),nail_lash,네일아트업,네일미용업,"서울특별시 마포구 동교로 262-6, 4층 402호 (연남동)",서울특별시 마포구 연남동 387-13 4층 402호,,2025-04-02,영업,hongdae,,PENDING_REVIEW
3130000-215-2025-00018,미니마니몽,nail_lash,네일아트업,네일미용업,"서울특별시 마포구 독막로15길 3-12, 3층 306호 (상수동)",서울특별시 마포구 상수동 313-3 3층 306호,,2025-04-03,영업,hongdae,,PENDING_REVIEW
3130000-215-2025-00019,베르너,nail_lash,네일아트업,네일미용업,"서울특별시 마포구 성지5길 24, 1층 (합정동)",서울특별시 마포구 합정동 369-1 1층,,2025-04-07,영업,hongdae,,PENDING_REVIEW
3130000-215-2025-00024,네일 와이케이(nail yk),nail_lash,네일아트업,네일미용업,"서울특별시 마포구 월드컵북로2길 19, 1층 (동교동)","서울특별시 마포구 동교동 161-10 , 1층",,2025-05-12,영업,hongdae,,PENDING_REVIEW
3130000-215-2025-00027,"네일,7",nail_lash,네일아트업,네일미용업,"서울특별시 마포구 독막로18길 27, 1층 2호 (상수동)",서울특별시 마포구 상수동 331-8 1층 2호,,2025-06-30,영업,hongdae,,PENDING_REVIEW
3130000-215-2025-00030,메이빈 네일,nail_lash,네일아트업,네일미용업,"서울특별시 마포구 동교로46길 42-20, 4층 (연남동)",서울특별시 마포구 연남동 383-90,,2025-07-23,영업,hongdae,,PENDING_REVIEW
3130000-215-2025-00031,이소네일,nail_lash,네일아트업,네일미용업,"서울특별시 마포구 양화로18안길 40, 2층 일부호 (동교동)",서울특별시 마포구 동교동 170-33 2층 일부호,,2025-08-19,영업,hongdae,,PENDING_REVIEW
3130000-215-2025-00032,블링끌레르,nail_lash,네일아트업,네일미용업,"서울특별시 마포구 양화로3길 15, 3층 304호 (합정동)",서울특별시 마포구 합정동 387-20,,2025-09-01,영업,hongdae,,PENDING_REVIEW
3130000-215-2025-00034,잼네일,nail_lash,네일아트업,네일미용업,"서울특별시 마포구 양화로10길 49, BK빌딩 지1층 (서교동)","서울특별시 마포구 서교동 395-73 BK빌딩, 지1층",,2025-09-15,영업,hongdae,,PENDING_REVIEW
3130000-215-2025-00036,네일스튜디오고요,nail_lash,네일아트업,네일미용업,"서울특별시 마포구 독막로19길 40, 상수라이크3 202호 (상수동)",서울특별시 마포구 상수동 88-24 상수라이크3,,2025-09-29,영업,hongdae,,PENDING_REVIEW
3130000-215-2025-00037,네일루신 홍대점,nail_lash,네일아트업,네일미용업,"서울특별시 마포구 와우산로29길 48-17, 2층 201호 일부호 (서교동)",서울특별시 마포구 서교동 330-5,,2025-09-30,영업,hongdae,,PENDING_REVIEW
3130000-215-2025-00038,엔네일(N.nail),nail_lash,네일아트업,네일미용업,"서울특별시 마포구 양화로16길 15, 무광빌딩 4층 402호 (서교동)",서울특별시 마포구 서교동 355-15 무광빌딩,,2025-10-10,영업,hongdae,,PENDING_REVIEW
3130000-215-2025-00039,하우룩네일(HowLookNail),nail_lash,네일아트업,네일미용업,"서울특별시 마포구 와우산로29길 34, 2층 203호 (서교동)","서울특별시 마포구 서교동 328-22 , 2층 203호",,2025-10-14,영업,hongdae,,PENDING_REVIEW
3130000-215-2025-00040,단 네일아트,nail_lash,네일아트업,네일미용업,"서울특별시 마포구 홍익로5안길 53-4, 1층 일부호 (서교동)","서울특별시 마포구 서교동 369-17 , 1층 일부호",,2025-10-16,영업,hongdae,,PENDING_REVIEW
3130000-215-2025-00043,오늘과 다른 네일,nail_lash,네일아트업,네일미용업,"서울특별시 마포구 양화로 156, LG팰리스빌딩 지하1층 107호 (동교동)","서울특별시 마포구 동교동 165-8 LG팰리스빌딩, 지하1층 107호",07087844141,2025-10-27,영업,hongdae,,PENDING_REVIEW
3130000-215-2025-00044,카에루네일,nail_lash,네일아트업,네일미용업,"서울특별시 마포구 와우산로29길 34, 2층 201호 (서교동)","서울특별시 마포구 서교동 328-22 , 2층 201호",,2025-10-27,영업,hongdae,,PENDING_REVIEW
3130000-215-2025-00045,오르네일,nail_lash,네일아트업,네일미용업,"서울특별시 마포구 와우산로10길 37, 2층 (상수동)","서울특별시 마포구 상수동 93-51 , 2층",,2025-11-11,영업,hongdae,,PENDING_REVIEW
3130000-215-2025-00046,네일집(nailzip),nail_lash,네일아트업,네일미용업,"서울특별시 마포구 동교로47길 9, 1층 101호 (연남동, 미소안)",서울특별시 마포구 연남동 229-28 미소안 101호,,2025-11-17,영업,hongdae,,PENDING_REVIEW
3130000-215-2025-00047,요츠바네일,nail_lash,네일아트업,네일미용업,"서울특별시 마포구 동교로38안길 11, 2층 201호 (연남동)","서울특별시 마포구 연남동 390-65 , 2층 201호",,2025-01-09,영업,hongdae,,PENDING_REVIEW
3130000-215-2026-00001,아니즈 네일 (Aniz nail),nail_lash,네일아트업,네일미용업,"서울특별시 마포구 와우산로 162-14, 4층 402호 (서교동)",서울특별시 마포구 서교동 325-7 4층 402호,,2026-01-13,영업,hongdae,,PENDING_REVIEW
3130000-215-2026-00002,히도네일,nail_lash,네일아트업,네일미용업,"서울특별시 마포구 성미산로19길 21, 2층 203호 (연남동)",서울특별시 마포구 연남동 482-30,,2026-01-14,영업,hongdae,,PENDING_REVIEW
3130000-215-2026-00003,누네띠네일,nail_lash,네일아트업,네일미용업,"서울특별시 마포구 독막로5길 32, 지층 1호 (서교동)",서울특별시 마포구 서교동 400-20,,2026-01-15,영업,hongdae,,PENDING_REVIEW
3130000-215-2026-00004,니브 네일룸(NIIV NailRoom),nail_lash,네일아트업,네일미용업,"서울특별시 마포구 홍익로5안길 53-4, 지층 2호 (서교동)",서울특별시 마포구 서교동 369-17 지층 2호,,2026-01-19,영업,hongdae,,PENDING_REVIEW
3130000-215-2026-00005,누아르 네일 스튜디오,nail_lash,네일아트업,네일미용업,"서울특별시 마포구 양화로23길 22-10, 3층 301호 (동교동)",서울특별시 마포구 동교동 147-26,,2026-02-03,영업,hongdae,,PENDING_REVIEW
3130000-215-2026-00007,모호,nail_lash,네일아트업,네일미용업,"서울특별시 마포구 동교로38길 27-12, 2층 (연남동)",서울특별시 마포구 연남동 390-31,,2026-03-05,영업,hongdae,,PENDING_REVIEW
3130000-215-2026-00008,고즈넉네일홍대,nail_lash,네일아트업,네일미용업,"서울특별시 마포구 연남로1길 26, 3층 (연남동)",서울특별시 마포구 연남동 566-12,,2026-03-18,영업,hongdae,,PENDING_REVIEW
3130000-215-2026-00009,오오히 네일,nail_lash,네일아트업,네일미용업,"서울특별시 마포구 양화로 72, 101동 1층 117호 (서교동, 서교동 효성 해링턴 타워)",서울특별시 마포구 서교동 494 서교동 효성 해링턴 타워,,2026-03-20,영업,hongdae,,PENDING_REVIEW
3130000-215-2026-00011,다즐링 네일 플레이스(Dazzling Nail Place),nail_lash,네일아트업,네일미용업,"서울특별시 마포구 독막로 65, 2층 202호 (상수동)",서울특별시 마포구 상수동 317-8,,2026-04-02,영업,hongdae,,PENDING_REVIEW
3130000-215-2026-00013,네일드솔,nail_lash,네일아트업,네일미용업,"서울특별시 마포구 동교로32길 7, 3층 (연남동)",서울특별시 마포구 연남동 260-46,,2026-04-03,영업,hongdae,,PENDING_REVIEW
3130000-215-2026-00014,공간네일 홍대2호점,nail_lash,네일아트업,네일미용업,"서울특별시 마포구 양화로 156, LG팰리스빌딩 제5층 제605호 (동교동)",서울특별시 마포구 동교동 165-8 LG팰리스빌딩,,2026-04-23,영업,hongdae,,PENDING_REVIEW
3130000-215-2026-00015,스캐치드 온 네일,nail_lash,네일아트업,네일미용업,"서울특별시 마포구 와우산로29나길 7, 지층 2호 (서교동)",서울특별시 마포구 서교동 336-23,,2026-05-04,영업,hongdae,,PENDING_REVIEW
3130000-215-2026-00017,루메라컨시어지,nail_lash,네일아트업,네일미용업,"서울특별시 마포구 와우산로29나길 24, 1층 104호 (서교동)",서울특별시 마포구 서교동 335-12,,2026-05-07,영업,hongdae,,PENDING_REVIEW
3130000-215-2026-00018,카프네일(carp nail),nail_lash,네일아트업,네일미용업,"서울특별시 마포구 동교로32길 19, 2층 202호 (연남동)",서울특별시 마포구 연남동 381-15,,2026-05-22,영업,hongdae,,PENDING_REVIEW
3130000-215-2026-00020,nailamuteun(네일아무튼),nail_lash,네일아트업,네일미용업,"서울특별시 마포구 성미산로26길 35, 제지층 B03호 (연남동)",서울특별시 마포구 연남동 257-5,,2026-05-26,영업,hongdae,,PENDING_REVIEW
3130000-215-2026-00021,제이올리 네일아트 합정점,nail_lash,네일아트업,네일미용업,"서울특별시 마포구 월드컵로 40, 2층 202-1호 (서교동)",서울특별시 마포구 서교동 444-9,,2026-06-16,영업,hongdae,,PENDING_REVIEW
3130000-215-2026-00022,오에누(oaenu),nail_lash,네일아트업,네일미용업,"서울특별시 마포구 와우산로 149, 2층 202호 (서교동)",서울특별시 마포구 서교동 327-15,,2026-06-26,영업,hongdae,,PENDING_REVIEW
3130000-215-2026-00023,Elf Foret Nail,nail_lash,네일아트업,네일미용업,"서울특별시 마포구 독막로 92-3, 태원빌딩 1층 3호 (상수동)",서울특별시 마포구 상수동 330-2 태원빌딩,,2026-06-30,영업,hongdae,,PENDING_REVIEW
3130000-215-2026-00024,HOKO NAIL,nail_lash,네일아트업,네일미용업,"서울특별시 마포구 와우산로5길 40, 1층 101호 (상수동)",서울특별시 마포구 상수동 321-6,,2026-07-10,영업,hongdae,,PENDING_REVIEW
3130000-215-2026-00025,더예쁜네일&오로지푸스 문제성발 전문 합정점,nail_lash,네일아트업,네일미용업,"서울특별시 마포구 월드컵로1길 14, 상가1차동 1층 101호 (합정동, 마포 한강 푸르지오)",서울특별시 마포구 합정동 472 마포 한강 푸르지오,,2026-07-15,영업,hongdae,,PENDING_REVIEW
3130000-215-2026-00026,베일리 네일,nail_lash,네일아트업,네일미용업,"서울특별시 마포구 어울마당로3길 5, 2층 202호 (합정동)",서울특별시 마포구 합정동 356-9,,2026-07-16,영업,hongdae,,PENDING_REVIEW
3130000-216-2014-00002,김채원W뷰티 눈썹&속눈썹 홍대본점,salon,일반미용업,"일반미용업, 피부미용업","서울특별시 마포구 양화로 156, 지하2층 223호 (동교동, 엘지팰리스빌딩)",서울특별시 마포구 동교동 165-8 엘지팰리스빌딩지하2층 223호,023334720,2014-11-19,영업,hongdae,,PENDING_REVIEW
3130000-216-2020-00001,미미모모,salon,일반미용업,"일반미용업, 피부미용업","서울특별시 마포구 양화로6길 99-7, 서교빌딩 2층 (서교동)",서울특별시 마포구 서교동 402-8 서교빌딩,,2020-03-10,영업,hongdae,,PENDING_REVIEW
3130000-216-2022-00001,"헤이,메이(Hey,may)",salon,일반미용업,"일반미용업, 피부미용업","서울특별시 마포구 월드컵로3길 14, 2층 221호 (합정동, 마포 한강 2차 푸르지오)",서울특별시 마포구 합정동 473 마포 한강 2차 푸르지오 221호,,2022-02-09,영업,hongdae,,PENDING_REVIEW
3130000-216-2022-00002,SLOW HEAD SPA(슬로우헤드스파),salon,일반미용업,"일반미용업, 피부미용업","서울특별시 마포구 성미산로 153-10, 4층 (연남동)",서울특별시 마포구 연남동 240-27 4층,,2022-09-21,영업,hongdae,,PENDING_REVIEW
3130000-216-2024-00003,모덴리,facial,피부미용업,"일반미용업, 피부미용업","서울특별시 마포구 연남로 8, 4,5층 (연남동)","서울특별시 마포구 연남동 373-12 4,5",,2024-11-14,영업,hongdae,,PENDING_REVIEW
3130000-216-2025-00001,세세,facial,피부미용업,"일반미용업, 피부미용업","서울특별시 마포구 토정로 22, 세아빌딩 2층 일부호 (합정동)",서울특별시 마포구 합정동 213-4 세아빌딩 일부호,,2025-02-27,영업,hongdae,,PENDING_REVIEW
3130000-216-2026-00002,헤드스파 온기,salon,일반미용업,"일반미용업, 피부미용업","서울특별시 마포구 성미산로23길 26, 3층 (연남동)",서울특별시 마포구 연남동 246-28,,2026-05-22,영업,hongdae,,PENDING_REVIEW
3130000-216-2026-00003,소뇨 연남점,salon,일반미용업,"일반미용업, 피부미용업","서울특별시 마포구 동교로 256-10, 2층 (연남동)",서울특별시 마포구 연남동 228-32,,2026-07-02,영업,hongdae,,PENDING_REVIEW
3130000-217-2013-00001,더네일,nail_lash,네일아트업,"일반미용업, 네일미용업","서울특별시 마포구 동교로27길 53, 1층 109호 (연남동)",서울특별시 마포구 연남동 565-15 1층 109호,0263482727,2013-03-18,영업,hongdae,,PENDING_REVIEW
3130000-217-2015-00007,비쥬네일,nail_lash,네일아트업,"일반미용업, 네일미용업","서울특별시 마포구 와우산로29길 4-15, 2층 (서교동)",서울특별시 마포구 서교동 327-46,023375616,2015-12-16,영업,hongdae,,PENDING_REVIEW
3130000-217-2016-00005,오유,salon,기타,"일반미용업, 네일미용업","서울특별시 마포구 와우산로29바길 10, 1층 (서교동)",서울특별시 마포구 서교동 331-3 1층,023362777,2016-10-10,영업,hongdae,you-hair-salon-seongsu,PENDING_REVIEW
3130000-217-2026-00001,네일아라(NAIL AHRA),nail_lash,네일아트업,"일반미용업, 네일미용업","서울특별시 마포구 어울마당로1길 19, 2층 (합정동)",서울특별시 마포구 합정동 358-12,,2026-02-11,영업,hongdae,,PENDING_REVIEW
3130000-217-2026-00002,나타네일즈(NATANAILZ),nail_lash,네일아트업,"일반미용업, 네일미용업","서울특별시 마포구 성미산로29안길 27-7, 4층 (연남동)",서울특별시 마포구 연남동 241-90,,2026-02-11,영업,hongdae,,PENDING_REVIEW
3130000-217-2026-00003,네일 쿠튀르,nail_lash,네일아트업,"일반미용업, 네일미용업","서울특별시 마포구 와우산로29마길 5, B1층호 (서교동)",서울특별시 마포구 서교동 333-30,,2026-02-23,영업,hongdae,,PENDING_REVIEW
3130000-217-2026-00005,에이노이 네일,nail_lash,네일아트업,"일반미용업, 네일미용업","서울특별시 마포구 성미산로 153-6, 1층 (연남동)",서울특별시 마포구 연남동 240-25,,2026-03-16,영업,hongdae,,PENDING_REVIEW
3130000-217-2026-00006,로제아네일,nail_lash,네일아트업,"일반미용업, 네일미용업","서울특별시 마포구 홍익로 9, 3층 (서교동)",서울특별시 마포구 서교동 358-14,,2026-03-18,영업,hongdae,,PENDING_REVIEW
3130000-217-2026-00007,nail yusoo,nail_lash,네일아트업,"일반미용업, 네일미용업","서울특별시 마포구 동교로38안길 8, jungbin plus 3층 (연남동)",서울특별시 마포구 연남동 390-100,,2026-03-20,영업,hongdae,,PENDING_REVIEW
3130000-217-2026-00008,오오즈네일,nail_lash,네일아트업,"일반미용업, 네일미용업","서울특별시 마포구 월드컵북로1길 30, 5층 505호 (서교동)",서울특별시 마포구 서교동 352-25,,2026-03-25,영업,hongdae,,PENDING_REVIEW
3130000-217-2026-00009,와이림 네일,nail_lash,네일아트업,"일반미용업, 네일미용업","서울특별시 마포구 독막로15길 3-3, 2층 202호 (상수동)",서울특별시 마포구 상수동 315-3,,2026-03-27,영업,hongdae,,PENDING_REVIEW
3130000-217-2026-00011,시그니초네일 홍대점,nail_lash,네일아트업,"일반미용업, 네일미용업","서울특별시 마포구 어울마당로 54, 대호빌딩 2층 (서교동)",서울특별시 마포구 서교동 408-9 대호빌딩,,2026-04-07,영업,hongdae,,PENDING_REVIEW
3130000-217-2026-00013,뮤리에 네일랩,nail_lash,네일아트업,"일반미용업, 네일미용업","서울특별시 마포구 동교로25길 53, 2,3층 (연남동)",서울특별시 마포구 연남동 570-25,,2026-04-22,영업,hongdae,,PENDING_REVIEW
3130000-217-2026-00014,마이 잉키 네일,nail_lash,네일아트업,"일반미용업, 네일미용업","서울특별시 마포구 양화로18안길 15, 빌딩Y15 5층 (동교동)",서울특별시 마포구 동교동 168-7 빌딩Y15,,2026-05-14,영업,hongdae,,PENDING_REVIEW
3130000-217-2026-00015,네일 루리,nail_lash,네일아트업,"일반미용업, 네일미용업","서울특별시 마포구 홍익로 25, 서교별관동 2층 E02호 (서교동)",서울특별시 마포구 서교동 356-1,,2026-05-15,영업,hongdae,,PENDING_REVIEW
3130000-218-2012-00001,Your Beauty,facial,피부미용업,"피부미용업, 네일미용업",서울특별시 마포구 양화로7길 12 (서교동),서울특별시 마포구 서교동 391-17 3층,0260845004,2012-04-04,영업,hongdae,,PENDING_REVIEW
3130000-218-2015-00013,네일싸롱,nail_lash,네일아트업,"피부미용업, 네일미용업","서울특별시 마포구 양화로6길 62, 세미텍빌딩 5층 (합정동)","서울특별시 마포구 합정동 412-17 세미텍빌딩, 5층",023246900,2015-12-23,영업,hongdae,,PENDING_REVIEW
3130000-218-2016-00002,본앤뷰티,nail_lash,네일아트업,"피부미용업, 네일미용업","서울특별시 마포구 신촌로4길 22-12, 1층 101호 (동교동)",서울특별시 마포구 동교동 176-8,023220451,2016-03-22,영업,hongdae,,PENDING_REVIEW
3130000-218-2017-00001,마리네일,nail_lash,네일아트업,"피부미용업, 네일미용업","서울특별시 마포구 와우산로29나길 11, 1층 201호 (서교동)",서울특별시 마포구 서교동 336-22 1층 일부(201호),,2017-01-12,영업,hongdae,,PENDING_REVIEW
3130000-218-2018-00002,홍대 네일·스킨 더뉴올,nail_lash,네일아트업,"피부미용업, 네일미용업","서울특별시 마포구 동교로 186, 3층 (동교동)",서울특별시 마포구 동교동 158-12 3층,023324720,2018-01-11,영업,hongdae,,PENDING_REVIEW
3130000-218-2018-00010,이소 피부 가꿈,facial,피부미용업,"피부미용업, 네일미용업","서울특별시 마포구 월드컵북로2길 41, 2층 (동교동)",서울특별시 마포구 동교동 158-5 2층,07044082792,2018-07-03,영업,hongdae,,PENDING_REVIEW
3130000-218-2018-00011,네일Do,nail_lash,네일아트업,"피부미용업, 네일미용업","서울특별시 마포구 동교로 157-2, 101호 (서교동)",서울특별시 마포구 서교동 446-47 101호,023360906,2018-12-24,영업,hongdae,,PENDING_REVIEW
3130000-218-2019-00006,릴리네일,nail_lash,네일아트업,"피부미용업, 네일미용업","서울특별시 마포구 와우산로23길 9, 칼리오페 1층 119,120호 (서교동)","서울특별시 마포구 서교동 344-6 칼리오페 1층 119,120호",,2019-11-26,영업,hongdae,,PENDING_REVIEW
3130000-218-2020-00001,프롬피치,nail_lash,네일아트업,"피부미용업, 네일미용업","서울특별시 마포구 연남로3길 62, 한솔빌리지 1층 101호 (연남동)",서울특별시 마포구 연남동 562-40 한솔빌리지,,2020-07-03,영업,hongdae,,PENDING_REVIEW
3130000-218-2021-00004,네일킴리,nail_lash,네일아트업,"피부미용업, 네일미용업","서울특별시 마포구 잔다리로 30-32, 지하1층 B02호 (서교동)",서울특별시 마포구 서교동 368-34 지하1층 일부(B02호),,2021-02-10,영업,hongdae,nailkimlee,PENDING_REVIEW
3130000-218-2021-00005,데이지니(dayziny),nail_lash,네일아트업,"피부미용업, 네일미용업","서울특별시 마포구 동교로38길 23, j2빌딩 4층 (연남동)",서울특별시 마포구 연남동 390-24,,2021-09-14,영업,hongdae,,PENDING_REVIEW
3130000-218-2021-00006,네일 베이지(Nail Beige),nail_lash,네일아트업,"피부미용업, 네일미용업","서울특별시 마포구 와우산로23길 18-7, 信和빌딩 지하1층 (서교동)",서울특별시 마포구 서교동 342-16 信和빌딩 지하1층 전체,,2021-09-28,영업,hongdae,,PENDING_REVIEW
3130000-218-2022-00001,하이연 네일(Hiyeon nail),nail_lash,네일아트업,"피부미용업, 네일미용업","서울특별시 마포구 성미산로29길 35, 4층 401호 (연남동)",서울특별시 마포구 연남동 245-41 4층 일부(401호),,2022-05-19,영업,hongdae,,PENDING_REVIEW
3130000-218-2022-00002,네일프랑스 홍대점,nail_lash,네일아트업,"피부미용업, 네일미용업","서울특별시 마포구 양화로 156, LG팰리스빌딩 제지하1층 109호 (동교동)",서울특별시 마포구 동교동 165-8 LG팰리스빌딩 제지하1층 109호,023327535,2022-06-02,영업,hongdae,,PENDING_REVIEW
3130000-218-2023-00001,디크왁싱,facial,피부미용업,"피부미용업, 네일미용업","서울특별시 마포구 독막로8길 30, 태양빌딩 3층 (합정동)",서울특별시 마포구 합정동 360-17 태양빌딩,,2023-10-31,영업,hongdae,,PENDING_REVIEW
3130000-218-2023-00003,네일더빛나 & 뷰티아카데미,nail_lash,네일아트업,"피부미용업, 네일미용업","서울특별시 마포구 월드컵로1길 14, 상가동 지하층 B107-4호 (합정동, 마포 한강 푸르지오)",서울특별시 마포구 합정동 472 마포 한강 푸르지오 상가동 B107-4호,,2023-09-11,영업,hongdae,,PENDING_REVIEW
3130000-218-2025-00001,인 모먼트 네일(in Moment nail),nail_lash,네일아트업,"피부미용업, 네일미용업","서울특별시 마포구 와우산로29라길 20, 지1층 일부호 (서교동)",서울특별시 마포구 서교동 333-13 지1층 일부호,,2025-05-26,영업,hongdae,,PENDING_REVIEW
3130000-218-2026-00002,뷰티라운지 제이,nail_lash,네일아트업,"피부미용업, 네일미용업","서울특별시 마포구 월드컵북로7길 26, 1층 6호 (서교동)",서울특별시 마포구 서교동 247-24,,2026-04-03,영업,hongdae,,PENDING_REVIEW
3130000-218-2026-00003,메이브 스튜디오x뷰티크원,facial,피부미용업,"피부미용업, 네일미용업","서울특별시 마포구 월드컵북로4길 13, 2층 일부(왼쪽)호 (동교동)",서울특별시 마포구 동교동 203-18,,2026-05-18,영업,hongdae,,PENDING_REVIEW
3130000-219-2016-00002,스타일에이전시,makeup,메이크업업,화장ㆍ분장 미용업,"서울특별시 마포구 양화로 50, 303호 (합정동)",서울특별시 마포구 합정동 414-1 303호,,2016-04-28,영업,hongdae,,PENDING_REVIEW
3130000-219-2016-00004,넬라스,makeup,메이크업업,화장ㆍ분장 미용업,"서울특별시 마포구 신촌로2안길 44, 1층 (동교동)",서울특별시 마포구 동교동 177-8 1층,0264055656,2016-11-14,영업,hongdae,,PENDING_REVIEW
3130000-219-2017-00001,Uu eyelash,makeup,메이크업업,화장ㆍ분장 미용업,"서울특별시 마포구 와우산로29길 4-40, 2층 (서교동)",서울특별시 마포구 서교동 327-23,023323433,2017-01-26,영업,hongdae,,PENDING_REVIEW
3130000-219-2017-00008,알앤,makeup,메이크업업,화장ㆍ분장 미용업,"서울특별시 마포구 와우산로 162-10, 3층 (서교동)",서울특별시 마포구 서교동 325-5 3층,,2017-10-30,영업,hongdae,,PENDING_REVIEW
3130000-219-2018-00002,원 메이크업 스튜디오,makeup,메이크업업,화장ㆍ분장 미용업,"서울특별시 마포구 연남로3길 23, 2층 (연남동)",서울특별시 마포구 연남동 566-19 2층,,2018-02-05,영업,hongdae,,PENDING_REVIEW
3130000-219-2018-00003,PTMM(플리즈텔미모어),makeup,메이크업업,화장ㆍ분장 미용업,"서울특별시 마포구 월드컵북로4길 76, 1층 (동교동)",서울특별시 마포구 동교동 198-3 1층,,2018-02-06,영업,hongdae,,PENDING_REVIEW
3130000-219-2018-00020,은 뷰티,makeup,메이크업업,화장ㆍ분장 미용업,"서울특별시 마포구 양화로 156, LG팰리스빌딩 지하1층 110호 (동교동)",서울특별시 마포구 동교동 165-8 LG팰리스빌딩 지하1층 110호,,2018-08-17,영업,hongdae,,PENDING_REVIEW
3130000-219-2018-00021,더 리베,makeup,메이크업업,화장ㆍ분장 미용업,"서울특별시 마포구 와우산로33길 37, 지하층 (서교동)",서울특별시 마포구 서교동 328-67 지하층 전체,,2018-04-09,영업,hongdae,,PENDING_REVIEW
3130000-219-2019-00001,앤룩(ANLOOK),makeup,메이크업업,화장ㆍ분장 미용업,"서울특별시 마포구 월드컵북로2길 81, 3층 (동교동)",서울특별시 마포구 동교동 154-15 3층,,2019-02-07,영업,hongdae,,PENDING_REVIEW
3130000-219-2019-00007,달달한 아이,makeup,메이크업업,화장ㆍ분장 미용업,"서울특별시 마포구 성지5길 5-5, 유재 빌딩 102호 (합정동)",서울특별시 마포구 합정동 370-28 유재 빌딩 102호 일부,,2019-04-22,영업,hongdae,,PENDING_REVIEW
3130000-219-2020-00006,이음뷰티,makeup,메이크업업,화장ㆍ분장 미용업,"서울특별시 마포구 월드컵로3길 28, 2층 2호 (합정동)",서울특별시 마포구 합정동 386-12 2층2호,07025807522,2020-02-17,영업,hongdae,,PENDING_REVIEW
3130000-219-2020-00007,유아이브로우,makeup,메이크업업,화장ㆍ분장 미용업,"서울특별시 마포구 와우산로27길 35, 5층 501호 (서교동)",서울특별시 마포구 서교동 340-5 제너럴빌딩,,2020-02-26,영업,hongdae,,PENDING_REVIEW
3130000-219-2020-00008,소유뷰티 눈썹&속눈썹 합정홍대,makeup,메이크업업,화장ㆍ분장 미용업,"서울특별시 마포구 양화로3길 55, 어반 오아시스 2층 202호 (합정동)",서울특별시 마포구 합정동 386-37 어반 오아시스,,2020-03-20,영업,hongdae,,PENDING_REVIEW
3130000-219-2020-00012,걸스래쉬,makeup,메이크업업,화장ㆍ분장 미용업,"서울특별시 마포구 월드컵로12길 12, 1층 (서교동)",서울특별시 마포구 서교동 476-47,,2020-06-09,영업,hongdae,,PENDING_REVIEW
3130000-219-2020-00016,홍대메이크업한다,makeup,메이크업업,화장ㆍ분장 미용업,"서울특별시 마포구 신촌로4길 22-12, 플로렌타워 빌딩 401(하층)호 (동교동)",서울특별시 마포구 동교동 176-8 플로렌타워 빌딩,,2020-12-15,영업,hongdae,,PENDING_REVIEW
3130000-219-2021-00005,래쉬키미,makeup,메이크업업,화장ㆍ분장 미용업,"서울특별시 마포구 양화로 156, LG팰리스빌딩 지하1층 112호 (동교동)",서울특별시 마포구 동교동 165-8 LG팰리스빌딩,,2021-04-23,영업,hongdae,,PENDING_REVIEW
3130000-219-2021-00010,도도,makeup,메이크업업,화장ㆍ분장 미용업,"서울특별시 마포구 신촌로4길 5-18, 1층 101호 (동교동)",서울특별시 마포구 동교동 178-13 1층 일부(101호),,2021-05-28,영업,hongdae,,PENDING_REVIEW
3130000-219-2022-00001,스튜디오 눈(STUDIO NUN),makeup,메이크업업,화장ㆍ분장 미용업,"서울특별시 마포구 와우산로18길 30, 4층 401호 (서교동)",서울특별시 마포구 서교동 360-14,,2022-01-21,영업,hongdae,,PENDING_REVIEW
3130000-219-2022-00003,비브로우(be brow),makeup,메이크업업,화장ㆍ분장 미용업,"서울특별시 마포구 독막로19길 30-7, Blessvillage 블레스빌리지 1층 102호 (상수동)",서울특별시 마포구 상수동 71-17 Blessvillage 블레스빌리지 1층 102호,,2022-02-18,영업,hongdae,,PENDING_REVIEW
3130000-219-2022-00006,더뷰온(THE BEAU ON),makeup,메이크업업,화장ㆍ분장 미용업,"서울특별시 마포구 동교로27길 31, 2층 (동교동)","서울특별시 마포구 동교동 204-58 , 2층",,2022-06-13,영업,hongdae,,PENDING_REVIEW
3130000-219-2022-00007,랑데뷰 메이크업,makeup,메이크업업,화장ㆍ분장 미용업,"서울특별시 마포구 월드컵북로7길 34, 2층 (서교동)",서울특별시 마포구 서교동 453-12,,2022-06-22,영업,hongdae,,PENDING_REVIEW
3130000-219-2022-00010,바비엘르(barbieelle),makeup,메이크업업,화장ㆍ분장 미용업,"서울특별시 마포구 와우산로11길 9-3, 101호 (상수동)",서울특별시 마포구 상수동 93-112 101호,,2022-07-13,영업,hongdae,,PENDING_REVIEW
3130000-219-2022-00015,옥쌤,makeup,메이크업업,화장ㆍ분장 미용업,"서울특별시 마포구 양화로 183, 효성홍익인간오피스텔 204호 (동교동)",서울특별시 마포구 동교동 155-27 효성홍익인간오피스텔,,2022-09-02,영업,hongdae,,PENDING_REVIEW
3130000-219-2022-00017,아르누보 메이크업(Art Nouveau makeup),makeup,메이크업업,화장ㆍ분장 미용업,"서울특별시 마포구 독막로15길 5, 2층 202호 (상수동)",서울특별시 마포구 상수동 310-25 2층 202호,,2022-09-22,영업,hongdae,,PENDING_REVIEW
3130000-219-2022-00018,마레룸,makeup,메이크업업,화장ㆍ분장 미용업,"서울특별시 마포구 연희로1길 59-2, 4층 (연남동)",서울특별시 마포구 연남동 383-99 4층,,2022-09-22,영업,hongdae,,PENDING_REVIEW
3130000-219-2022-00024,미유,makeup,메이크업업,화장ㆍ분장 미용업,"서울특별시 마포구 월드컵북로 41, 2층 202(일부)호 (서교동)","서울특별시 마포구 서교동 449-35 2층, 202(일부)호",,2022-07-07,영업,hongdae,,PENDING_REVIEW
3130000-219-2023-00001,래쉬엘,makeup,메이크업업,화장ㆍ분장 미용업,"서울특별시 마포구 월드컵로1길 14, 상가동 B107-3호 (합정동, 마포 한강 푸르지오)",서울특별시 마포구 합정동 472 마포 한강 푸르지오 상가동 107-3호,,2023-01-03,영업,hongdae,,PENDING_REVIEW
3130000-219-2023-00002,림 아이래쉬,makeup,메이크업업,화장ㆍ분장 미용업,"서울특별시 마포구 성미산로19길 21, 2층 202호 (연남동)",서울특별시 마포구 연남동 482-30 2층 202호,,2023-01-12,영업,hongdae,,PENDING_REVIEW
3130000-219-2023-00006,유일리(Uily),makeup,메이크업업,화장ㆍ분장 미용업,"서울특별시 마포구 동교로 174, 3층 (동교동)",서울특별시 마포구 동교동 161-7 3층,,2023-04-14,영업,hongdae,,PENDING_REVIEW
3130000-219-2023-00008,달다래쉬&달다브로우,makeup,메이크업업,화장ㆍ분장 미용업,"서울특별시 마포구 동교로25길 23, 정암빌딩 403호 (동교동)",서울특별시 마포구 동교동 203-50 정암빌딩,,2023-04-19,영업,hongdae,,PENDING_REVIEW
3130000-219-2023-00009,크림브로우 합정 눈썹&손눈썹펌,makeup,메이크업업,화장ㆍ분장 미용업,"서울특별시 마포구 동교로 24, 2층 201호 (합정동)","서울특별시 마포구 합정동 441-1 ,2층 201호",,2023-04-28,영업,hongdae,,PENDING_REVIEW
3130000-219-2023-00010,모즈(MOZ),makeup,메이크업업,화장ㆍ분장 미용업,"서울특별시 마포구 와우산로15길 11, 제지하층 101호 (서교동, 대원빌라)",서울특별시 마포구 서교동 411-5 대원빌라 제지하층 101호,,2023-05-15,영업,hongdae,,PENDING_REVIEW
3130000-219-2023-00011,레디유 홍대메이크업,makeup,메이크업업,화장ㆍ분장 미용업,"서울특별시 마포구 동교로23길 40, CM빌딩 6층 (동교동)",서울특별시 마포구 동교동 203-11 CM빌딩 6층 전체,,2023-05-25,영업,hongdae,,PENDING_REVIEW
3130000-219-2023-00013,리 래쉬 스튜디오,makeup,메이크업업,화장ㆍ분장 미용업,"서울특별시 마포구 독막로6길 18, 4층 (합정동)",서울특별시 마포구 합정동 361-29 4층,,2023-06-19,영업,hongdae,,PENDING_REVIEW
3130000-219-2023-00014,메이크업한,makeup,메이크업업,화장ㆍ분장 미용업,"서울특별시 마포구 홍익로 10, 제101동 제지하1층 제149호 (서교동, 서교푸르지오)",서울특별시 마포구 서교동 486 서교푸르지오(제101동 제지하1층 제149호) 제101동 제149호,,2023-07-17,영업,hongdae,,PENDING_REVIEW
3130000-219-2023-00017,디픈(Difn),makeup,메이크업업,화장ㆍ분장 미용업,"서울특별시 마포구 월드컵로5길 53, 3층 (합정동)",서울특별시 마포구 합정동 390-2 3층 전체,,2023-10-27,영업,hongdae,,PENDING_REVIEW
3130000-219-2023-00022,차영메이크업,makeup,메이크업업,화장ㆍ분장 미용업,"서울특별시 마포구 동교로27길 21-12, 4층 401호 (동교동)",서울특별시 마포구 동교동 204-17 4층 일부(401호),,2023-02-09,영업,hongdae,,PENDING_REVIEW
3130000-219-2024-00001,바이비 메이크업,makeup,메이크업업,화장ㆍ분장 미용업,"서울특별시 마포구 양화로 156, LG팰리스빌딩 제지하1층 123호 (동교동)",서울특별시 마포구 동교동 165-8 LG팰리스빌딩 제지하1층 123호,,2024-01-02,영업,hongdae,,PENDING_REVIEW
3130000-219-2024-00005,플로,makeup,메이크업업,화장ㆍ분장 미용업,"서울특별시 마포구 동교로 255-1, 제4층 402호 (연남동)",서울특별시 마포구 연남동 229-51,,2024-04-18,영업,hongdae,,PENDING_REVIEW
3130000-219-2024-00009,화화스튜디오,makeup,메이크업업,화장ㆍ분장 미용업,"서울특별시 마포구 와우산로32길 41, 2층 202호 (동교동)",서울특별시 마포구 동교동 186-22 202호,,2024-06-04,영업,hongdae,,PENDING_REVIEW
3130000-219-2024-00010,오요샵,makeup,메이크업업,화장ㆍ분장 미용업,"서울특별시 마포구 독막로15길 3-12, 501호 (상수동)",서울특별시 마포구 상수동 313-3 501호,,2024-06-05,영업,hongdae,,PENDING_REVIEW
3130000-219-2024-00011,브로우썸,makeup,메이크업업,화장ㆍ분장 미용업,"서울특별시 마포구 와우산로27길 14, 2층 일부호 (서교동)",서울특별시 마포구 서교동 335-16,,2024-06-17,영업,hongdae,,PENDING_REVIEW
3130000-219-2024-00016,그리다,makeup,메이크업업,화장ㆍ분장 미용업,"서울특별시 마포구 토정로3안길 28, 3층 (합정동)",서울특별시 마포구 합정동 368-41 3층전체,,2024-08-22,영업,hongdae,,PENDING_REVIEW
3130000-219-2024-00019,뷰티효,makeup,메이크업업,화장ㆍ분장 미용업,"서울특별시 마포구 와우산로37길 46, 204호 (동교동)",서울특별시 마포구 동교동 177-22 204호,,2024-09-25,영업,hongdae,,PENDING_REVIEW
3130000-219-2024-00020,더하다,makeup,메이크업업,화장ㆍ분장 미용업,"서울특별시 마포구 와우산로 39-11, 2층 (상수동)",서울특별시 마포구 상수동 310-9 2층,,2024-09-26,영업,hongdae,,PENDING_REVIEW
3130000-219-2024-00022,유니쉬 메이크업 스튜디오(younish makeup studio),makeup,메이크업업,화장ㆍ분장 미용업,"서울특별시 마포구 양화로7길 74, 1층 우측호 (서교동)",서울특별시 마포구 서교동 483-14 1층 우측,,2024-11-12,영업,hongdae,,PENDING_REVIEW
3130000-219-2024-00023,아펠브로우,makeup,메이크업업,화장ㆍ분장 미용업,"서울특별시 마포구 동교로46길 30, 3층 (연남동)",서울특별시 마포구 연남동 384-1,,2024-11-26,영업,hongdae,,PENDING_REVIEW
3130000-219-2024-00026,누크(NOOK),makeup,메이크업업,화장ㆍ분장 미용업,"서울특별시 마포구 동교로 278, 2층 202호 (연남동)",서울특별시 마포구 연남동 224-23 202호,,2024-11-28,영업,hongdae,,PENDING_REVIEW
3130000-219-2024-00029,베어앤 메이크업,makeup,메이크업업,화장ㆍ분장 미용업,"서울특별시 마포구 동교로 36, 2층 203호 (합정동)",서울특별시 마포구 합정동 441-23 2층 203호,,2024-12-30,영업,hongdae,,PENDING_REVIEW
3130000-219-2025-00001,시유룸,makeup,메이크업업,화장ㆍ분장 미용업,"서울특별시 마포구 성미산로17길 105-4, 1층 101(우측)호 (연남동)",서울특별시 마포구 연남동 487-262 1층 101호,,2025-02-11,영업,hongdae,,PENDING_REVIEW
3130000-219-2025-00003,포쉬래쉬,makeup,메이크업업,화장ㆍ분장 미용업,"서울특별시 마포구 동교로 156-13, 東寶 2층 203호 (서교동)",서울특별시 마포구 서교동 351-10 東寶 203호,,2025-02-19,영업,hongdae,,PENDING_REVIEW
3130000-219-2025-00005,DO NOT DISTRUB,makeup,메이크업업,화장ㆍ분장 미용업,"서울특별시 마포구 월드컵북로6길 97, 2층 (연남동)",서울특별시 마포구 연남동 567-40 2층,,2025-03-11,영업,hongdae,,PENDING_REVIEW
3130000-219-2025-00010,헬로프리티,makeup,메이크업업,화장ㆍ분장 미용업,"서울특별시 마포구 와우산로29길 40-18, 3층 (서교동)",서울특별시 마포구 서교동 328-39 3층,,2025-04-07,영업,hongdae,,PENDING_REVIEW
3130000-219-2025-00012,HANJI,makeup,메이크업업,화장ㆍ분장 미용업,"서울특별시 마포구 홍익로 25, 2층 E01호 (서교동)",서울특별시 마포구 서교동 356-1 2층 E01호,,2025-04-16,영업,hongdae,hanji-makeup-glow-makeup,PENDING_REVIEW
3130000-219-2025-00013,티부티부 홍대점,makeup,메이크업업,화장ㆍ분장 미용업,"서울특별시 마포구 동교로47길 3, 1층 102호 (연남동)",서울특별시 마포구 연남동 229-32 1층 102호,,2025-04-29,영업,hongdae,,PENDING_REVIEW
3130000-219-2025-00014,소후라,makeup,메이크업업,화장ㆍ분장 미용업,"서울특별시 마포구 신촌로4길 20, 넘버원빌딩 5층 (동교동)",서울특별시 마포구 동교동 176-4 넘버원빌딩 5층,,2025-05-01,영업,hongdae,,PENDING_REVIEW
3130000-219-2025-00015,래쉬랩(Lashlab),makeup,메이크업업,화장ㆍ분장 미용업,"서울특별시 마포구 양화로 45, 몰동 1층 122(일부)호 (서교동, 메세나폴리스)",서울특별시 마포구 서교동 490 메세나폴리스 몰동,,2025-05-15,영업,hongdae,,PENDING_REVIEW
3130000-219-2025-00016,뮤화 홍대눈썹&속눈썹,makeup,메이크업업,화장ㆍ분장 미용업,"서울특별시 마포구 성미산로 104, 4층 402호 (연남동)",서울특별시 마포구 연남동 493-1 402호,,2025-05-20,영업,hongdae,,PENDING_REVIEW
3130000-219-2025-00017,미룸,makeup,메이크업업,화장ㆍ분장 미용업,"서울특별시 마포구 월드컵북로1길 30, 201호 (서교동)",서울특별시 마포구 서교동 352-25 201호,,2025-05-20,영업,hongdae,,PENDING_REVIEW
3130000-219-2025-00018,우아한결,makeup,메이크업업,화장ㆍ분장 미용업,"서울특별시 마포구 양화로19길 18, 3층 302호 (동교동)",서울특별시 마포구 동교동 154-20 302호,,2025-06-12,영업,hongdae,,PENDING_REVIEW
3130000-219-2025-00020,루미에스 메이크업 스튜디오(LUMIES MAKEUP STUDIO),makeup,메이크업업,화장ㆍ분장 미용업,"서울특별시 마포구 월드컵북로8길 15, 2층 (연남동)",서울특별시 마포구 연남동 487-136 2층,,2025-07-04,영업,hongdae,,PENDING_REVIEW
3130000-219-2025-00022,베이크살롱,makeup,메이크업업,화장ㆍ분장 미용업,"서울특별시 마포구 성지길 25-20, 2층 202(일부)호 (합정동)","서울특별시 마포구 합정동 371-4 , 2층 202(일부)호",,2025-07-14,영업,hongdae,,PENDING_REVIEW
3130000-219-2025-00023,글램이펙트,makeup,메이크업업,화장ㆍ분장 미용업,"서울특별시 마포구 어울마당로 42, 2층 202호 (서교동)","서울특별시 마포구 서교동 408-30 , 2층 202호",,2025-07-16,영업,hongdae,,PENDING_REVIEW
3130000-219-2025-00024,컬러줌인,makeup,메이크업업,화장ㆍ분장 미용업,"서울특별시 마포구 동교로 266-12, 3층 301호 (연남동)",서울특별시 마포구 연남동 387-6 3층 301호,,2025-07-18,영업,hongdae,,PENDING_REVIEW
3130000-219-2025-00025,슈가 아이래쉬,makeup,메이크업업,화장ㆍ분장 미용업,"서울특별시 마포구 와우산로25길 19, 1층 (서교동)",서울특별시 마포구 서교동 342-1,,2025-07-23,영업,hongdae,,PENDING_REVIEW
3130000-219-2025-00026,오프바이브,makeup,메이크업업,화장ㆍ분장 미용업,"서울특별시 마포구 성미산로27길 34, 2층 202호 (연남동)","서울특별시 마포구 연남동 245-43 , 2층 202호",,2025-08-05,영업,hongdae,,PENDING_REVIEW
3130000-219-2025-00028,픽컬러브랜딩센터 홍대점,makeup,메이크업업,화장ㆍ분장 미용업,"서울특별시 마포구 와우산로13길 49-13, 1층 좌측호 (상수동)",서울특별시 마포구 상수동 314-7,,2025-08-26,영업,hongdae,,PENDING_REVIEW
3130000-219-2025-00029,마크무드 (MARKMOOD),makeup,메이크업업,화장ㆍ분장 미용업,"서울특별시 마포구 어울마당로 96, 4층 402호 (서교동)","서울특별시 마포구 서교동 358-113 , 4층 402호",,2025-09-02,영업,hongdae,,PENDING_REVIEW
3130000-219-2025-00030,오즈서울,makeup,메이크업업,화장ㆍ분장 미용업,"서울특별시 마포구 양화로 176, 동교동 스타피카소 7층 [A32,A37,A38]내 일부호 (동교동)","서울특별시 마포구 동교동 166-14 동교동 스타피카소, 7층 [A32,A37,A38]내 일부호",,2025-09-10,영업,hongdae,,PENDING_REVIEW
3130000-219-2025-00036,이즈브로우 홍대 눈썹&속눈썹펌,makeup,메이크업업,화장ㆍ분장 미용업,"서울특별시 마포구 동교로 207, 현우빌딩 5층 일부호 (동교동)",서울특별시 마포구 동교동 199-1 현우빌딩,,2025-10-28,영업,hongdae,,PENDING_REVIEW
3130000-219-2025-00037,퓨어메이크업,makeup,메이크업업,화장ㆍ분장 미용업,"서울특별시 마포구 양화로 156, LG팰리스빌딩 지하1층 115호 (동교동)","서울특별시 마포구 동교동 165-8 LG팰리스빌딩, 지하1층 115호",,2025-10-29,영업,hongdae,,PENDING_REVIEW
3130000-219-2025-00038,로라도트,makeup,메이크업업,화장ㆍ분장 미용업,"서울특별시 마포구 월드컵북로2길 31, 2층 (동교동)","서울특별시 마포구 동교동 158-19 , 2층",,2025-11-11,영업,hongdae,,PENDING_REVIEW
3130000-219-2025-00040,챕터 서울,makeup,메이크업업,화장ㆍ분장 미용업,"서울특별시 마포구 동교로30길 17-1, 빌딩 이카토 3층 일부호 (동교동)",서울특별시 마포구 동교동 149-11 빌딩 이카토,,2025-11-25,영업,hongdae,,PENDING_REVIEW
3130000-219-2025-00042,아이피치(ipeach),makeup,메이크업업,화장ㆍ분장 미용업,"서울특별시 마포구 양화로1길 91, 1층 102호 (합정동, 마포합정 휴먼타운(3차))",서울특별시 마포구 합정동 434-42 마포합정 휴먼타운(3차),,2025-12-08,영업,hongdae,,PENDING_REVIEW
3130000-219-2025-00043,어글리뮤즈,makeup,메이크업업,화장ㆍ분장 미용업,"서울특별시 마포구 어울마당로5길 35, 서교동복합시설 2층 (서교동)","서울특별시 마포구 서교동 399-13 서교동복합시설, 2층",,2025-12-19,영업,hongdae,,PENDING_REVIEW
3130000-219-2025-00045,블루아워(Bluehour),makeup,메이크업업,화장ㆍ분장 미용업,"서울특별시 마포구 와우산로37길 1, 2층 (동교동)","서울특별시 마포구 동교동 189-4 , 2층",,2025-12-26,영업,hongdae,,PENDING_REVIEW
3130000-219-2025-00047,지지래쉬(gg lash),makeup,메이크업업,화장ㆍ분장 미용업,"서울특별시 마포구 와우산로 51-27, 1층 102호 (상수동)",서울특별시 마포구 상수동 92-4,,2025-05-22,영업,hongdae,,PENDING_REVIEW
3130000-219-2026-00001,더브로우디자인,makeup,메이크업업,화장ㆍ분장 미용업,"서울특별시 마포구 성미산로29안길 29, 2층 202호 (연남동)","서울특별시 마포구 연남동 241-80 , 2층 202호",,2026-01-05,영업,hongdae,,PENDING_REVIEW
3130000-219-2026-00003,모드래쉬,makeup,메이크업업,화장ㆍ분장 미용업,"서울특별시 마포구 성지길 25-20, 202(일부)호 (합정동)",서울특별시 마포구 합정동 371-4 2층 202(일부)호,,2026-01-16,영업,hongdae,,PENDING_REVIEW
3130000-219-2026-00004,모모비 뷰티,makeup,메이크업업,화장ㆍ분장 미용업,"서울특별시 마포구 월드컵북로1길 30, 3층 301호 (서교동)",서울특별시 마포구 서교동 352-25,,2026-02-05,영업,hongdae,,PENDING_REVIEW
3130000-219-2026-00005,스튜디오 누브,makeup,메이크업업,화장ㆍ분장 미용업,"서울특별시 마포구 와우산로 162-14, 3층 303호 (서교동)",서울특별시 마포구 서교동 325-7,,2026-02-10,영업,hongdae,,PENDING_REVIEW
3130000-219-2026-00007,쥬티끄,makeup,메이크업업,화장ㆍ분장 미용업,"서울특별시 마포구 연남로 30, B동 305B호 (연남동, 코오롱하늘채아파트)",서울특별시 마포구 연남동 573 코오롱하늘채아파트,,2026-03-03,영업,hongdae,,PENDING_REVIEW
3130000-219-2026-00009,블링크 스튜디오 눈썹&속눈썹,makeup,메이크업업,화장ㆍ분장 미용업,"서울특별시 마포구 와우산로29길 14-19, 1층 (서교동)",서울특별시 마포구 서교동 328-62,,2026-03-26,영업,hongdae,,PENDING_REVIEW
3130000-219-2026-00010,채이브,makeup,메이크업업,화장ㆍ분장 미용업,"서울특별시 마포구 와우산로32길 5-2, 2층 (서교동)",서울특별시 마포구 서교동 325-22,,2026-03-30,영업,hongdae,,PENDING_REVIEW
3130000-219-2026-00011,아이프린(eyepreen),makeup,메이크업업,화장ㆍ분장 미용업,"서울특별시 마포구 동교로45길 15, 1층 101호 (연남동, JASON COUNTY)",서울특별시 마포구 연남동 229-72 JASON COUNTY,,2026-03-30,영업,hongdae,,PENDING_REVIEW
3130000-219-2026-00014,데이린,makeup,메이크업업,화장ㆍ분장 미용업,"서울특별시 마포구 와우산로35길 55, 1층 (서교동)",서울특별시 마포구 서교동 330-28,,2026-05-14,영업,hongdae,,PENDING_REVIEW
3130000-219-2026-00015,모도아티스트리 홍대,makeup,메이크업업,화장ㆍ분장 미용업,"서울특별시 마포구 와우산로 162-14, 1층 102호 (서교동)",서울특별시 마포구 서교동 325-7,,2026-05-21,영업,hongdae,,PENDING_REVIEW
3130000-219-2026-00016,팽브로우,makeup,메이크업업,화장ㆍ분장 미용업,"서울특별시 마포구 잔다리로7안길 18, 두비스빌딩 4층 (서교동)",서울특별시 마포구 서교동 379-9 두비스빌딩,,2026-05-28,영업,hongdae,,PENDING_REVIEW
3130000-219-2026-00017,유주얼,makeup,메이크업업,화장ㆍ분장 미용업,"서울특별시 마포구 월드컵로7길 91, 지하1층 101호 (합정동)",서울특별시 마포구 합정동 434-13,,2026-07-01,영업,hongdae,,PENDING_REVIEW
3130000-219-2026-00018,뮤즈,makeup,메이크업업,화장ㆍ분장 미용업,"서울특별시 마포구 동교로52길 10-7, 4층 (연남동)",서울특별시 마포구 연남동 224-5,,2026-07-02,영업,hongdae,amuse-seongsu,PENDING_REVIEW
3130000-219-2026-00019,결 서울,makeup,메이크업업,화장ㆍ분장 미용업,"서울특별시 마포구 동교로17안길 43-12, 하임 HAIM 1층 (서교동)",서울특별시 마포구 서교동 448-5 하임 HAIM,,2026-07-08,영업,hongdae,,PENDING_REVIEW
3130000-219-2026-00020,VELORIATA,makeup,메이크업업,화장ㆍ분장 미용업,"서울특별시 마포구 독막로9길 38, DE빌딩 5층 (서교동)",서울특별시 마포구 서교동 403-4 DE빌딩,,2026-07-09,영업,hongdae,,PENDING_REVIEW
3130000-219-2026-00021,담화뷰티,makeup,메이크업업,화장ㆍ분장 미용업,"서울특별시 마포구 양화로6길 9-6, 4층 401호 (서교동, 서교동 복합주택)",서울특별시 마포구 서교동 394-90 서교동 복합주택,,2026-07-14,영업,hongdae,,PENDING_REVIEW
3130000-219-2026-00022,니나히(NINAHHI),makeup,메이크업업,화장ㆍ분장 미용업,"서울특별시 마포구 동교로52길 10, Min-Tower 지하1층 (연남동)",서울특별시 마포구 연남동 224-8 Min-Tower,,2026-07-20,영업,hongdae,,PENDING_REVIEW
3130000-219-2026-00023,라티오,makeup,메이크업업,화장ㆍ분장 미용업,"서울특별시 마포구 동교로 255-1, 4층 (일부)402호 (연남동)",서울특별시 마포구 연남동 229-51,,2026-07-20,영업,hongdae,,PENDING_REVIEW
3130000-220-2012-00001,리파이너리,salon,일반미용업,"일반미용업, 화장ㆍ분장 미용업","서울특별시 마포구 독막로15길 24, 2~3층 201호~301호 (상수동)",서울특별시 마포구 상수동 93-103 2~3층 201호 ~ 301호,0231437500,2012-08-23,영업,hongdae,,PENDING_REVIEW
3130000-220-2014-00001,리얼메이크업,makeup,메이크업업,"일반미용업, 화장ㆍ분장 미용업","서울특별시 마포구 월드컵로1길 14, 지하1층 B115-3호 (합정동, 마포 한강 푸르지오)",서울특별시 마포구 합정동 472 마포 한강 푸르지오,0231443745,2014-02-11,영업,hongdae,,PENDING_REVIEW
3130000-220-2014-00002,아뜰리에 봄,salon,일반미용업,"일반미용업, 화장ㆍ분장 미용업","서울특별시 마포구 독막로 98, 상수두산위브아파트 상가동 1층 101호 (상수동)",서울특별시 마포구 상수동 396 상수두산위브아파트 상가동 101호,0262043606,2014-09-24,영업,hongdae,,PENDING_REVIEW
3130000-220-2015-00003,W아뜰리에,makeup,메이크업업,"일반미용업, 화장ㆍ분장 미용업","서울특별시 마포구 양화로11길 60, 푸른숲 서교 3층 (서교동)",서울특별시 마포구 서교동 384-14 푸른숲 서교 3층,0261660784,2015-03-26,영업,hongdae,,PENDING_REVIEW
3130000-220-2016-00009,D & I,salon,일반미용업,"일반미용업, 화장ㆍ분장 미용업","서울특별시 마포구 독막로3길 52, 예쁜빌딩 302호 (서교동)",서울특별시 마포구 서교동 397-5 예쁜빌딩 302호,07040070486,2016-06-14,영업,hongdae,,PENDING_REVIEW
3130000-220-2017-00005,나비 머무는 자리,salon,일반미용업,"일반미용업, 화장ㆍ분장 미용업","서울특별시 마포구 월드컵로14길 45, 1층 (서교동)",서울특별시 마포구 서교동 469-36 1층,023350325,2017-06-02,영업,hongdae,,PENDING_REVIEW
3130000-220-2018-00004,THE DAY'S HAIR(더 데이즈 헤어),salon,일반미용업,"일반미용업, 화장ㆍ분장 미용업","서울특별시 마포구 홍익로5안길 20, 재강빌딩 2~3층 (서교동)",서울특별시 마포구 서교동 355-34 재강빌딩 2~3층 전체,023360209,2018-01-31,영업,hongdae,,PENDING_REVIEW
3130000-220-2018-00006,오늘메이크업,makeup,메이크업업,"일반미용업, 화장ㆍ분장 미용업","서울특별시 마포구 월드컵북로1길 26-8, 2층 (서교동)",서울특별시 마포구 서교동 352-17,,2018-05-08,영업,hongdae,,PENDING_REVIEW
3130000-220-2018-00013,모이(moi),salon,일반미용업,"일반미용업, 화장ㆍ분장 미용업","서울특별시 마포구 양화로 183, 효성홍익인간오피스텔 지1층 B10호 (동교동)",서울특별시 마포구 동교동 155-27 효성홍익인간오피스텔,,2018-12-11,영업,hongdae,,PENDING_REVIEW
3130000-220-2019-00004,장여사의 메이크업룸,salon,일반미용업,"일반미용업, 화장ㆍ분장 미용업","서울특별시 마포구 어울마당로 58, 3층 (서교동)",서울특별시 마포구 서교동 408-7 3층,023922004,2019-04-12,영업,hongdae,,PENDING_REVIEW
3130000-220-2019-00006,헤어앤타쿠미,salon,일반미용업,"일반미용업, 화장ㆍ분장 미용업","서울특별시 마포구 와우산로19길 27, 4층 (서교동)",서울특별시 마포구 서교동 363-19 4층,0264481664,2019-05-07,영업,hongdae,,PENDING_REVIEW
3130000-220-2019-00007,파스텔무드(Pastel Mood),makeup,메이크업업,"일반미용업, 화장ㆍ분장 미용업","서울특별시 마포구 동교로 187, 3층 (동교동)",서울특별시 마포구 동교동 201-6 3층,,2019-06-07,영업,hongdae,,PENDING_REVIEW
3130000-220-2019-00008,비비엔느 메이크업,makeup,메이크업업,"일반미용업, 화장ㆍ분장 미용업","서울특별시 마포구 동교로27길 21-12, 2층 201호 (동교동)",서울특별시 마포구 동교동 204-17 2층 201호,,2019-06-11,영업,hongdae,,PENDING_REVIEW
3130000-220-2019-00010,뷔븨,salon,일반미용업,"일반미용업, 화장ㆍ분장 미용업","서울특별시 마포구 독막로18길 20, 1층 (상수동)",서울특별시 마포구 상수동 330-16 1층,023362971,2019-07-03,영업,hongdae,,PENDING_REVIEW
3130000-220-2019-00015,원웨이(One way),salon,일반미용업,"일반미용업, 화장ㆍ분장 미용업","서울특별시 마포구 신촌로4길 22-10, 2층 201호 (동교동)",서울특별시 마포구 동교동 176-7 2층 201호,023369880,2019-12-13,영업,hongdae,,PENDING_REVIEW
3130000-220-2020-00001,포레웨딩,makeup,메이크업업,"일반미용업, 화장ㆍ분장 미용업","서울특별시 마포구 월드컵로5길 10, 1층 (합정동)",서울특별시 마포구 합정동 426-12,,2020-01-20,영업,hongdae,,PENDING_REVIEW
3130000-220-2021-00006,티티비티(TTBT),salon,일반미용업,"일반미용업, 화장ㆍ분장 미용업","서울특별시 마포구 양화로6길 73, 3층 (서교동)",서울특별시 마포구 서교동 400-13 3층,,2021-09-06,영업,hongdae,,PENDING_REVIEW
3130000-220-2021-00009,자라다,makeup,메이크업업,"일반미용업, 화장ㆍ분장 미용업","서울특별시 마포구 와우산로 83, 4~5층 (서교동)",서울특별시 마포구 서교동 362-1 4~5층,,2021-01-26,영업,hongdae,,PENDING_REVIEW
3130000-220-2022-00004,포레 메이크업,makeup,메이크업업,"일반미용업, 화장ㆍ분장 미용업","서울특별시 마포구 월드컵로5길 10, 지하1층 (합정동)",서울특별시 마포구 합정동 426-12 지하1층 일부,,2022-06-08,영업,hongdae,,PENDING_REVIEW
3130000-220-2024-00001,오우드메이크업,makeup,메이크업업,"일반미용업, 화장ㆍ분장 미용업","서울특별시 마포구 어울마당로 21, 2층 201호 (합정동)",서울특별시 마포구 합정동 356-1,,2024-02-05,영업,hongdae,,PENDING_REVIEW
3130000-220-2024-00003,히솝,makeup,메이크업업,"일반미용업, 화장ㆍ분장 미용업","서울특별시 마포구 와우산로23길 20-28, 1층 A호 (서교동)",서울특별시 마포구 서교동 342-19,,2024-07-04,영업,hongdae,,PENDING_REVIEW
3130000-220-2024-00005,슬릭 맨즈헤어(SLEEK MEN'S HAIR),salon,일반미용업,"일반미용업, 화장ㆍ분장 미용업","서울특별시 마포구 홍익로 10, 101동 109호 (서교동, 서교푸르지오)",서울특별시 마포구 서교동 486 서교푸르지오 101동 109호,,2024-09-23,영업,hongdae,,PENDING_REVIEW
3130000-220-2024-00006,Kim,makeup,메이크업업,"일반미용업, 화장ㆍ분장 미용업","서울특별시 마포구 월드컵북로5나길 18, 141호 일부호 (서교동, 서교동 대우미래사랑)",서울특별시 마포구 서교동 487 서교동 대우미래사랑 141호 일부,,2024-10-04,영업,hongdae,nailkimlee,PENDING_REVIEW
3130000-220-2024-00007,니어메이크업&붙임머리,salon,일반미용업,"일반미용업, 화장ㆍ분장 미용업","서울특별시 마포구 동교로46길 30, 2층 (연남동)",서울특별시 마포구 연남동 384-1 2층,,2024-11-05,영업,hongdae,,PENDING_REVIEW
3130000-220-2025-00001,베어앤,makeup,메이크업업,"일반미용업, 화장ㆍ분장 미용업","서울특별시 마포구 동교로 36, 2층 203호 (합정동)",서울특별시 마포구 합정동 441-23 2층 203호,,2025-01-02,영업,hongdae,,PENDING_REVIEW
3130000-220-2025-00002,이미 헤어 & 메이크업,salon,일반미용업,"일반미용업, 화장ㆍ분장 미용업","서울특별시 마포구 월드컵북로4길 15, 2층 (동교동)",서울특별시 마포구 동교동 203-19 2층,,2025-02-10,영업,hongdae,iimi-hair-makeup,PENDING_REVIEW
3130000-220-2025-00003,이미지호 메이크업 홍대샵,makeup,메이크업업,"일반미용업, 화장ㆍ분장 미용업","서울특별시 마포구 와우산로29길 19, 1층 좌측 101호 (서교동)",서울특별시 마포구 서교동 336-2 1층 좌측101호,15668361,2025-02-26,영업,hongdae,,PENDING_REVIEW
3130000-220-2025-00004,오어,salon,일반미용업,"일반미용업, 화장ㆍ분장 미용업","서울특별시 마포구 와우산로29길 4-6, 빅뱅 2층 (서교동)","서울특별시 마포구 서교동 327-38 빅뱅, 2층",,2025-05-16,영업,hongdae,,PENDING_REVIEW
3130000-220-2025-00005,문 메이크업,makeup,메이크업업,"일반미용업, 화장ㆍ분장 미용업","서울특별시 마포구 동교로46길 10, 401호 (연남동)",서울특별시 마포구 연남동 387-45 401호,,2025-06-26,영업,hongdae,,PENDING_REVIEW
3130000-220-2025-00007,우리동네사진관 홍대점,salon,일반미용업,"일반미용업, 화장ㆍ분장 미용업","서울특별시 마포구 홍익로6길 74, 3층 일부호 (동교동)","서울특별시 마포구 동교동 168-3 , 3층 일부호",,2025-07-09,영업,hongdae,,PENDING_REVIEW
3130000-220-2026-00001,로샤뷰티,salon,일반미용업,"일반미용업, 화장ㆍ분장 미용업","서울특별시 마포구 양화로 13, 스퀘어리버뷰합정 2층 206호 (합정동)",서울특별시 마포구 합정동 382-20 스퀘어리버뷰합정,,2026-02-10,영업,hongdae,,PENDING_REVIEW
3130000-220-2026-00002,메종드주르,salon,일반미용업,"일반미용업, 화장ㆍ분장 미용업","서울특별시 마포구 동교로27길 21-12, 1층 102호 (동교동)",서울특별시 마포구 동교동 204-17,,2026-02-11,영업,hongdae,,PENDING_REVIEW
3130000-221-2018-00004,와우뷰티&브로우,facial,피부미용업,"피부미용업, 화장ㆍ분장 미용업","서울특별시 마포구 월드컵로3길 14, 1층 108호 (합정동, 마포 한강 2차 푸르지오)",서울특별시 마포구 합정동 473 마포 한강 2차 푸르지오 108호,,2018-09-06,영업,hongdae,,PENDING_REVIEW
3130000-221-2018-00005,브로우바바이제이(browbar by.j),facial,피부미용업,"피부미용업, 화장ㆍ분장 미용업","서울특별시 마포구 양화로19길 22-30, 지층 (동교동)",서울특별시 마포구 동교동 154-29 지층,,2018-11-06,영업,hongdae,,PENDING_REVIEW
3130000-221-2018-00008,얼굴그리다,makeup,메이크업업,"피부미용업, 화장ㆍ분장 미용업","서울특별시 마포구 와우산로29길 41, 3층 302호 (서교동)",서울특별시 마포구 서교동 334-2 3층 일부(302호),,2018-12-24,영업,hongdae,,PENDING_REVIEW
3130000-221-2018-00010,아이(eye)원츄,makeup,메이크업업,"피부미용업, 화장ㆍ분장 미용업","서울특별시 마포구 성미산로10길 46, 1층 (서교동)",서울특별시 마포구 서교동 454-9 1층,,2018-07-30,영업,hongdae,,PENDING_REVIEW
3130000-221-2020-00001,홍대 안시스터즈,facial,피부미용업,"피부미용업, 화장ㆍ분장 미용업","서울특별시 마포구 신촌로4길 22-18, 진영빌딩 4층 401호 (동교동)",서울특별시 마포구 동교동 176-10 진영빌딩,,2020-01-06,영업,hongdae,,PENDING_REVIEW
3130000-221-2020-00003,미블랑 홍대 속눈썹펌 meblanc,makeup,메이크업업,"피부미용업, 화장ㆍ분장 미용업","서울특별시 마포구 월드컵북로7길 77, 서교하임 2층 (서교동)",서울특별시 마포구 서교동 457-2 서교하임 2층 전체,,2020-10-08,영업,hongdae,,PENDING_REVIEW
3130000-221-2021-00005,트라움(T.raum),makeup,메이크업업,"피부미용업, 화장ㆍ분장 미용업","서울특별시 마포구 와우산로 39-6, 2층 (상수동)",서울특별시 마포구 상수동 146-17,,2021-10-27,영업,hongdae,,PENDING_REVIEW
3130000-221-2021-00007,더유룸,facial,피부미용업,"피부미용업, 화장ㆍ분장 미용업","서울특별시 마포구 어울마당로5길 4, 2층 202호 (서교동)",서울특별시 마포구 서교동 403-11 2층 일부(202호),,2021-09-28,영업,hongdae,,PENDING_REVIEW
3130000-221-2021-00009,뷰러플,makeup,메이크업업,"피부미용업, 화장ㆍ분장 미용업","서울특별시 마포구 홍익로2길 43, 2층 (서교동)",서울특별시 마포구 서교동 346-21 2층 일부,,2021-04-26,영업,hongdae,,PENDING_REVIEW
3130000-221-2022-00001,일루왁싱,facial,피부미용업,"피부미용업, 화장ㆍ분장 미용업","서울특별시 마포구 연희로1길 7, 지하1층 B01호 (동교동)",서울특별시 마포구 동교동 147-31 지하1층 일부(B01호),,2022-03-14,영업,hongdae,,PENDING_REVIEW
3130000-221-2023-00002,일로왁싱 홍대점,facial,피부미용업,"피부미용업, 화장ㆍ분장 미용업","서울특별시 마포구 양화로 156, LG팰리스빌딩 지하1층 103호 (동교동)",서울특별시 마포구 동교동 165-8 LG팰리스빌딩 B103호,,2023-07-25,영업,hongdae,,PENDING_REVIEW
3130000-221-2024-00002,브로우룩,makeup,메이크업업,"피부미용업, 화장ㆍ분장 미용업","서울특별시 마포구 와우산로29길 48-17, 2층 201호 (서교동)",서울특별시 마포구 서교동 330-5 201호,,2024-03-15,영업,hongdae,,PENDING_REVIEW
3130000-221-2024-00005,브로우 서울,makeup,메이크업업,"피부미용업, 화장ㆍ분장 미용업","서울특별시 마포구 양화로 156, LG팰리스빌딩 지하1층 B126(일부)호 (동교동)",서울특별시 마포구 동교동 165-8 LG팰리스빌딩 B126(일부)호,,2024-09-13,영업,hongdae,,PENDING_REVIEW
3130000-221-2024-00006,은은한,makeup,메이크업업,"피부미용업, 화장ㆍ분장 미용업","서울특별시 마포구 월드컵로1길 54, 2층 202호 (합정동)",서울특별시 마포구 합정동 393-11 202호,,2024-10-08,영업,hongdae,,PENDING_REVIEW
3130000-221-2024-00007,한올 홍대점,makeup,메이크업업,"피부미용업, 화장ㆍ분장 미용업","서울특별시 마포구 와우산로23길 43, 3층 (서교동)",서울특별시 마포구 서교동 345-7 3층,,2024-10-08,영업,hongdae,,PENDING_REVIEW
3130000-221-2024-00010,더리추얼룸 슈가링왁싱&속눈썹 펌 홍대점,facial,피부미용업,"피부미용업, 화장ㆍ분장 미용업","서울특별시 마포구 어울마당로 96, 507호 (서교동)",서울특별시 마포구 서교동 358-113 507호,,2024-07-03,영업,hongdae,,PENDING_REVIEW
3130000-221-2024-00013,아이리쉬퀸 속눈썹 신촌본점,makeup,메이크업업,"피부미용업, 화장ㆍ분장 미용업","서울특별시 마포구 신촌로12길 18, 1층 101호 (동교동)",서울특별시 마포구 동교동 186-5 1층 101호,,2024-11-05,영업,hongdae,,PENDING_REVIEW
3130000-221-2025-00004,플로우 뷰티,makeup,메이크업업,"피부미용업, 화장ㆍ분장 미용업","서울특별시 마포구 잔다리로2길 19, 403호 (서교동)",서울특별시 마포구 서교동 366-24 403호,,2025-03-14,영업,hongdae,,PENDING_REVIEW
3130000-221-2025-00005,다프네뷰티,facial,피부미용업,"피부미용업, 화장ㆍ분장 미용업","서울특별시 마포구 동교로 282, 3층 (연남동)",서울특별시 마포구 연남동 224-18 3층,,2025-03-19,영업,hongdae,,PENDING_REVIEW
3130000-221-2025-00006,오수 속눈썹펌 홍대점,makeup,메이크업업,"피부미용업, 화장ㆍ분장 미용업","서울특별시 마포구 동교로38안길 11, 2층 202호 (연남동)","서울특별시 마포구 연남동 390-65 , 2층 202호",,2025-04-04,영업,hongdae,,PENDING_REVIEW
3130000-221-2025-00009,프리모뷰티,makeup,메이크업업,"피부미용업, 화장ㆍ분장 미용업","서울특별시 마포구 연희로1길 55-6, 1층 102호 (연남동)",서울특별시 마포구 연남동 383-68 102호,,2025-06-10,영업,hongdae,,PENDING_REVIEW
3130000-221-2025-00010,브로우스트릿,facial,피부미용업,"피부미용업, 화장ㆍ분장 미용업","서울특별시 마포구 양화로 69, 3층 301호 (서교동)",서울특별시 마포구 서교동 392-16 301호,,2025-07-21,영업,hongdae,,PENDING_REVIEW
3130000-221-2025-00011,베이룸 뷰티,makeup,메이크업업,"피부미용업, 화장ㆍ분장 미용업","서울특별시 마포구 양화로 45, 몰동 지층B138호 (서교동, 메세나폴리스)",서울특별시 마포구 서교동 490 메세나폴리스 몰동 B138호,,2025-09-10,영업,hongdae,,PENDING_REVIEW
3130000-221-2025-00012,누스튜디오,makeup,메이크업업,"피부미용업, 화장ㆍ분장 미용업","서울특별시 마포구 와우산로37길 1, 3층 (동교동)","서울특별시 마포구 동교동 189-4 , 3층",,2025-09-16,영업,hongdae,,PENDING_REVIEW
3130000-221-2025-00013,뷰앤므,facial,피부미용업,"피부미용업, 화장ㆍ분장 미용업","서울특별시 마포구 어울마당로 53, 3층 (서교동)","서울특별시 마포구 서교동 403-15 , 3층",,2025-12-11,영업,hongdae,,PENDING_REVIEW
3130000-221-2025-00014,브로우힐,makeup,메이크업업,"피부미용업, 화장ㆍ분장 미용업","서울특별시 마포구 신촌로4길 5-5, 2층 202호 (동교동)",서울특별시 마포구 동교동 179-27 2층 202호,,2025-02-18,영업,hongdae,,PENDING_REVIEW
3130000-221-2026-00002,온도니 왁싱&뷰티,facial,피부미용업,"피부미용업, 화장ㆍ분장 미용업","서울특별시 마포구 양화로1길 32, 3층 301호 (합정동)",서울특별시 마포구 합정동 388-29,,2026-03-30,영업,hongdae,,PENDING_REVIEW
3130000-221-2026-00003,비비드엘 홍대,makeup,메이크업업,"피부미용업, 화장ㆍ분장 미용업","서울특별시 마포구 동교로52길 10, Min-Tower 제지1층 (연남동)",서울특별시 마포구 연남동 224-8 Min-Tower,,2026-04-08,영업,hongdae,,PENDING_REVIEW
3130000-221-2026-00004,브로유이,facial,피부미용업,"피부미용업, 화장ㆍ분장 미용업","서울특별시 마포구 독막로2길 38, 3층 (합정동)",서울특별시 마포구 합정동 371-18,,2026-06-16,영업,hongdae,,PENDING_REVIEW
3130000-222-2015-00001,바비인뷰티 홍대본점,makeup,메이크업업,"네일미용업, 화장ㆍ분장 미용업","서울특별시 마포구 연남로 1, 4층층 (동교동)",서울특별시 마포구 동교동 197-18,0319850225,2015-07-21,영업,hongdae,,PENDING_REVIEW
3130000-222-2017-00003,the예쁜네일 & 오로지푸스 문제성발전문 합정점,nail_lash,네일아트업,"네일미용업, 화장ㆍ분장 미용업","서울특별시 마포구 월드컵로3길 14, 109호 (합정동, 마포한강2차푸르지오)",서울특별시 마포구 합정동 473 마포한강2차푸르지오 109호,023257727,2017-01-18,영업,hongdae,,PENDING_REVIEW
3130000-222-2017-00008,혜리스_네일(hyeris_nail),nail_lash,네일아트업,"네일미용업, 화장ㆍ분장 미용업","서울특별시 마포구 월드컵북로6길 93, 2층 201호 (연남동)",서울특별시 마포구 연남동 567-39 2층 일부(201호),,2017-02-14,영업,hongdae,,PENDING_REVIEW
3130000-222-2017-00010,미미에덴,nail_lash,네일아트업,"네일미용업, 화장ㆍ분장 미용업","서울특별시 마포구 독막로3길 24-6, 1층 일부좌측호 (서교동)",서울특별시 마포구 서교동 396-28,,2017-06-07,영업,hongdae,,PENDING_REVIEW
3130000-222-2017-00011,눈부신 네일,nail_lash,네일아트업,"네일미용업, 화장ㆍ분장 미용업","서울특별시 마포구 양화로18안길 12, 3층 (동교동)",서울특별시 마포구 동교동 169-17 3층 일부,,2017-03-28,영업,hongdae,,PENDING_REVIEW
3130000-222-2018-00008,네일 위자드(nail wizard),nail_lash,네일아트업,"네일미용업, 화장ㆍ분장 미용업","서울특별시 마포구 월드컵북로2길 89, 2층 (동교동)",서울특별시 마포구 동교동 154-11,,2018-10-22,영업,hongdae,,PENDING_REVIEW
3130000-222-2018-00010,몽끄컬러랩,nail_lash,네일아트업,"네일미용업, 화장ㆍ분장 미용업","서울특별시 마포구 잔다리로 30-28, 1-3층 (서교동)",서울특별시 마포구 서교동 368-35 1-3층,0226950301,2018-11-09,영업,hongdae,,PENDING_REVIEW
3130000-222-2019-00001,토끼네일(tokinail),nail_lash,네일아트업,"네일미용업, 화장ㆍ분장 미용업","서울특별시 마포구 연희로 21, 1층 (동교동)",서울특별시 마포구 동교동 113-88,,2019-02-11,영업,hongdae,,PENDING_REVIEW
3130000-222-2019-00004,코끼리발톱,nail_lash,네일아트업,"네일미용업, 화장ㆍ분장 미용업","서울특별시 마포구 포은로 48, 2층 201호 (합정동)",서울특별시 마포구 합정동 434-1,,2019-04-17,영업,hongdae,,PENDING_REVIEW
3130000-222-2019-00006,네일(Nail)815,nail_lash,네일아트업,"네일미용업, 화장ㆍ분장 미용업","서울특별시 마포구 와우산로15길 10, 3층(301호) (서교동)",서울특별시 마포구 서교동 410-3 3층(301호),,2019-09-27,영업,hongdae,,PENDING_REVIEW
3130000-222-2019-00011,로제아네일,nail_lash,네일아트업,"네일미용업, 화장ㆍ분장 미용업","서울특별시 마포구 홍익로6길 78, 3층 (동교동)",서울특별시 마포구 동교동 168-2,,2019-12-13,영업,hongdae,,PENDING_REVIEW
3130000-222-2020-00003,5x5,nail_lash,네일아트업,"네일미용업, 화장ㆍ분장 미용업","서울특별시 마포구 동교로 241, 연남파크빌딩 3층 (연남동)",서울특별시 마포구 연남동 258-16 연남파크빌딩3층,,2020-02-03,영업,hongdae,5x5-nail-studio-seongsu,PENDING_REVIEW
3130000-222-2020-00004,쮸네일,nail_lash,네일아트업,"네일미용업, 화장ㆍ분장 미용업","서울특별시 마포구 와우산로11길 9-11, 4층 (상수동)",서울특별시 마포구 상수동 145-2,,2020-03-03,영업,hongdae,,PENDING_REVIEW
3130000-222-2020-00009,오로지뷰티(Orozy beauty),makeup,메이크업업,"네일미용업, 화장ㆍ분장 미용업","서울특별시 마포구 양화로18안길 12, 4층 401호 (동교동)",서울특별시 마포구 동교동 169-17,,2020-01-06,영업,hongdae,,PENDING_REVIEW
3130000-222-2020-00012,네일 & 래쉬하리,nail_lash,네일아트업,"네일미용업, 화장ㆍ분장 미용업","서울특별시 마포구 잔다리로7안길 22, 1층 (서교동)",서울특별시 마포구 서교동 379-10 1층 전체,,2020-12-18,영업,hongdae,,PENDING_REVIEW
3130000-222-2021-00003,멜리사 네일(Melissa Nail),nail_lash,네일아트업,"네일미용업, 화장ㆍ분장 미용업","서울특별시 마포구 성미산로27길 34, 1층 103호 (연남동)",서울특별시 마포구 연남동 245-43,,2021-08-24,영업,hongdae,,PENDING_REVIEW
3130000-222-2021-00004,네일프레션,nail_lash,네일아트업,"네일미용업, 화장ㆍ분장 미용업","서울특별시 마포구 연남로 42, 코오롱하늘채아파트 상가 제비동 1층 115호 (연남동)",서울특별시 마포구 연남동 573 코오롱하늘채아파트 상가 제비동 115호,,2021-09-13,영업,hongdae,,PENDING_REVIEW
3130000-222-2021-00007,아이오아이 네일,nail_lash,네일아트업,"네일미용업, 화장ㆍ분장 미용업","서울특별시 마포구 와우산로27길 43, 2층 (서교동)",서울특별시 마포구 서교동 340-1,,2021-06-24,영업,hongdae,,PENDING_REVIEW
3130000-222-2022-00004,곰곰네일,nail_lash,네일아트업,"네일미용업, 화장ㆍ분장 미용업","서울특별시 마포구 성지길 25-20, 2층 202호 (합정동)",서울특별시 마포구 합정동 371-4 2층 202호,,2022-03-07,영업,hongdae,,PENDING_REVIEW
3130000-222-2022-00006,하스네일 스튜디오(HAS NAIL STUDIO),nail_lash,네일아트업,"네일미용업, 화장ㆍ분장 미용업","서울특별시 마포구 어울마당로 112-4, 2층 (서교동)",서울특별시 마포구 서교동 345-15,,2022-03-31,영업,hongdae,,PENDING_REVIEW
3130000-222-2022-00007,크리,makeup,메이크업업,"네일미용업, 화장ㆍ분장 미용업","서울특별시 마포구 동교로46길 42-9, 2층 202호 (연남동)",서울특별시 마포구 연남동 383-91 2층 일부(202호),,2022-05-02,영업,hongdae,,PENDING_REVIEW
3130000-222-2023-00001,클라레오 네일(CLAREO NAIL),nail_lash,네일아트업,"네일미용업, 화장ㆍ분장 미용업","서울특별시 마포구 연남로5길 9, 2층 일부층 (연남동)",서울특별시 마포구 연남동 515-2 2층 일부,,2023-03-02,영업,hongdae,,PENDING_REVIEW
3130000-222-2023-00002,코니래쉬,makeup,메이크업업,"네일미용업, 화장ㆍ분장 미용업","서울특별시 마포구 와우산로5길 17-5, 1층 101호 (상수동)",서울특별시 마포구 상수동 333-16 101호,,2023-08-16,영업,hongdae,,PENDING_REVIEW
3130000-222-2025-00002,이오이 네일,nail_lash,네일아트업,"네일미용업, 화장ㆍ분장 미용업","서울특별시 마포구 동교로 266-11, 3층 302호 (연남동)",서울특별시 마포구 연남동 228-3 302호,,2025-02-12,영업,hongdae,,PENDING_REVIEW
3130000-222-2025-00004,비버네일,nail_lash,네일아트업,"네일미용업, 화장ㆍ분장 미용업","서울특별시 마포구 와우산로 162-14, 301호 (서교동)",서울특별시 마포구 서교동 325-7 301호,,2025-03-31,영업,hongdae,,PENDING_REVIEW
3130000-223-2023-00001,유디트 슈가링왁싱 홍대점,facial,피부미용업,"일반미용업, 피부미용업, 네일미용업","서울특별시 마포구 월드컵북로4길 61, 2층 202호 (동교동)",서울특별시 마포구 동교동 204-36 202호,,2023-02-15,영업,hongdae,,PENDING_REVIEW
3130000-224-2020-00002,프레야헤어(FREYA HAIR),salon,일반미용업,"일반미용업, 피부미용업, 화장ㆍ분장 미용업","서울특별시 마포구 신촌로4길 22-18, 진영빌딩 2층 (동교동)",서울특별시 마포구 동교동 176-10 진영빌딩 2층 전체,,2020-08-31,영업,hongdae,,PENDING_REVIEW
3130000-225-2015-00005,크레이지더블유씨,salon,일반미용업,"일반미용업, 네일미용업, 화장ㆍ분장 미용업","서울특별시 마포구 와우산로 39-10, 1층 (상수동)",서울특별시 마포구 상수동 146-15 1층,023362818,2015-08-21,영업,hongdae,,PENDING_REVIEW
3130000-225-2015-00006,르미모네,nail_lash,네일아트업,"일반미용업, 네일미용업, 화장ㆍ분장 미용업","서울특별시 마포구 와우산로29가길 84, 4층 (서교동)",서울특별시 마포구 서교동 342-10 4층 전체,0231446782,2015-09-10,영업,hongdae,,PENDING_REVIEW
3130000-225-2016-00002,블레싱메이크업,makeup,메이크업업,"일반미용업, 네일미용업, 화장ㆍ분장 미용업","서울특별시 마포구 성지길 25-18, 2층 (합정동)",서울특별시 마포구 합정동 371-13,,2016-08-16,영업,hongdae,,PENDING_REVIEW
3130000-225-2018-00003,설아헤어 쑤니네일,salon,일반미용업,"일반미용업, 네일미용업, 화장ㆍ분장 미용업","서울특별시 마포구 와우산로29마길 10-3, 1층 (서교동)",서울특별시 마포구 서교동 332-37 1층,07078060036,2018-04-18,영업,hongdae,,PENDING_REVIEW
3130000-225-2019-00001,경자,salon,일반미용업,"일반미용업, 네일미용업, 화장ㆍ분장 미용업","서울특별시 마포구 월드컵북로6길 53, 카라빌딩 지층 (연남동)",서울특별시 마포구 연남동 568-39 카라빌딩,,2019-02-15,영업,hongdae,,PENDING_REVIEW
3130000-225-2019-00003,바이블리,makeup,메이크업업,"일반미용업, 네일미용업, 화장ㆍ분장 미용업","서울특별시 마포구 동교로 212-8, 지층 (동교동)",서울특별시 마포구 동교동 153-25 지층,,2019-07-01,영업,hongdae,,PENDING_REVIEW
3130000-225-2020-00003,서교동네일,nail_lash,네일아트업,"일반미용업, 네일미용업, 화장ㆍ분장 미용업","서울특별시 마포구 월드컵북로7길 77, 서교하임 1층 (서교동)",서울특별시 마포구 서교동 457-2 서교하임,,2020-07-24,영업,hongdae,,PENDING_REVIEW
3130000-225-2021-00003,살롱 드 문(salon de moon),salon,일반미용업,"일반미용업, 네일미용업, 화장ㆍ분장 미용업","서울특별시 마포구 동교로 232, 3층 (동교동)",서울특별시 마포구 동교동 150-1 3층 전체,,2021-12-06,영업,hongdae,,PENDING_REVIEW
3130000-225-2022-00001,꼼마 헤어&메이크업(Comma Hair&makeup),makeup,메이크업업,"일반미용업, 네일미용업, 화장ㆍ분장 미용업","서울특별시 마포구 동교로25길 5, 2층 일부호 (동교동)",서울특별시 마포구 동교동 201-9,07048337203,2022-07-01,영업,hongdae,,PENDING_REVIEW
3130000-225-2023-00001,아이끌리지,makeup,메이크업업,"일반미용업, 네일미용업, 화장ㆍ분장 미용업","서울특별시 마포구 와우산로35길 71, 2층 (서교동)",서울특별시 마포구 서교동 330-21 2층,,2023-02-03,영업,hongdae,,PENDING_REVIEW
3130000-225-2023-00005,네일 송철휘,nail_lash,네일아트업,"일반미용업, 네일미용업, 화장ㆍ분장 미용업","서울특별시 마포구 홍익로5안길 32, 4층 403호 (서교동, 홍대가자Ⅰ빌딩)",서울특별시 마포구 서교동 355-5 홍대가자Ⅰ빌딩 4층 403호,,2023-06-07,영업,hongdae,,PENDING_REVIEW
3130000-225-2023-00007,티에드 헤어 살롱(Tiede hair salon),salon,일반미용업,"일반미용업, 네일미용업, 화장ㆍ분장 미용업","서울특별시 마포구 동교로39길 4-6, 301호 (연남동, 아트 빌)",서울특별시 마포구 연남동 255-22 아트 빌 301호,,2023-07-13,영업,hongdae,,PENDING_REVIEW
3130000-225-2023-00008,맨드살롱11호점,salon,일반미용업,"일반미용업, 네일미용업, 화장ㆍ분장 미용업","서울특별시 마포구 동교로 243, 2층 (연남동)",서울특별시 마포구 연남동 259-16 2층 전체,,2023-08-07,영업,hongdae,,PENDING_REVIEW
3130000-225-2023-00011,미즈카헤어(MIxKA),salon,일반미용업,"일반미용업, 네일미용업, 화장ㆍ분장 미용업","서울특별시 마포구 독막로7길 5, 2층 (합정동)",서울특별시 마포구 합정동 411-16 2층 전체,,2023-08-28,영업,hongdae,,PENDING_REVIEW
3130000-225-2023-00013,이오브(eof),salon,일반미용업,"일반미용업, 네일미용업, 화장ㆍ분장 미용업","서울특별시 마포구 성미산로32길 52, 2층 (연남동)",서울특별시 마포구 연남동 252-17 제2층 전유부분전체,,2023-09-20,영업,hongdae,,PENDING_REVIEW
3130000-225-2023-00017,벨루스뷰티(Bellus Beauty),makeup,메이크업업,"일반미용업, 네일미용업, 화장ㆍ분장 미용업","서울특별시 마포구 성미산로2길 43, 304호 (서교동)",서울특별시 마포구 서교동 442-4 304호,,2023-12-07,영업,hongdae,,PENDING_REVIEW
3130000-225-2023-00018,순시키헤어 한옥점,salon,일반미용업,"일반미용업, 네일미용업, 화장ㆍ분장 미용업","서울특별시 마포구 홍익로5길 19, 쏠라즈빌딩 2층 (서교동)",서울특별시 마포구 서교동 355-3 쏠라즈빌딩 2층,,2023-12-11,영업,hongdae,,PENDING_REVIEW
3130000-225-2023-00019,오블리주,salon,일반미용업,"일반미용업, 네일미용업, 화장ㆍ분장 미용업","서울특별시 마포구 와우산로 27, 2층 (상수동)",서울특별시 마포구 상수동 328-10,,2023-12-12,영업,hongdae,,PENDING_REVIEW
3130000-225-2024-00001,이지살롱,makeup,메이크업업,"일반미용업, 네일미용업, 화장ㆍ분장 미용업","서울특별시 마포구 와우산로29길 47, 3층 (서교동)",서울특별시 마포구 서교동 333-6,,2024-01-24,영업,hongdae,,PENDING_REVIEW
3130000-225-2024-00003,살롱 칠(ChiLL) 홍대,salon,일반미용업,"일반미용업, 네일미용업, 화장ㆍ분장 미용업","서울특별시 마포구 와우산로 64, 4층 401호 (상수동)",서울특별시 마포구 상수동 86-22 401호,,2024-02-13,영업,hongdae,,PENDING_REVIEW
3130000-225-2024-00004,카이정헤어 부띠끄점,salon,일반미용업,"일반미용업, 네일미용업, 화장ㆍ분장 미용업",서울특별시 마포구 동교로16길 20 (서교동),서울특별시 마포구 서교동 482-32,,2024-02-28,영업,hongdae,,PENDING_REVIEW
3130000-225-2024-00006,애채 합정,salon,일반미용업,"일반미용업, 네일미용업, 화장ㆍ분장 미용업","서울특별시 마포구 양화로7안길 12, 1층 (서교동)",서울특별시 마포구 서교동 391-6 1층,,2024-03-20,영업,hongdae,,PENDING_REVIEW
3130000-225-2026-00001,세이유(sayyou),salon,일반미용업,"일반미용업, 네일미용업, 화장ㆍ분장 미용업","서울특별시 마포구 양화로 114, 엠제이더퍼스트홍대 3층 A10호 (서교동)",서울특별시 마포구 서교동 371-7 엠제이더퍼스트홍대,,2026-06-19,영업,hongdae,,PENDING_REVIEW
3130000-226-2012-00001,네일 박스,nail_lash,네일아트업,"피부미용업, 네일미용업, 화장ㆍ분장 미용업","서울특별시 마포구 양화로6길 77, 3층 (서교동)",서울특별시 마포구 서교동 400-12 3층,0263391091,2012-03-22,영업,hongdae,,PENDING_REVIEW
3130000-226-2014-00001,레이어엠(layerM),facial,피부미용업,"피부미용업, 네일미용업, 화장ㆍ분장 미용업","서울특별시 마포구 포은로2가길 43-2, 현진 빌 2층 (합정동)",서울특별시 마포구 합정동 391-18 현진 빌,07081567333,2014-01-24,영업,hongdae,,PENDING_REVIEW
3130000-226-2017-00004,이솝네일(Aesop nail),nail_lash,네일아트업,"피부미용업, 네일미용업, 화장ㆍ분장 미용업","서울특별시 마포구 성지길 36-5, 1층 102호 (합정동)",서울특별시 마포구 합정동 376-1 1층 102호,0231421414,2017-10-17,영업,hongdae,,PENDING_REVIEW
3130000-226-2019-00002,아벨뷰티,facial,피부미용업,"피부미용업, 네일미용업, 화장ㆍ분장 미용업","서울특별시 마포구 양화로6길 27-5, 201호 (서교동)",서울특별시 마포구 서교동 394-81 201호,,2019-01-30,영업,hongdae,,PENDING_REVIEW
3130000-226-2020-00005,투리뷰티 합정점,nail_lash,네일아트업,"피부미용업, 네일미용업, 화장ㆍ분장 미용업","서울특별시 마포구 독막로3길 17, 용성빌딩 3층 (서교동)",서울특별시 마포구 서교동 395-37 용성빌딩,,2020-09-29,영업,hongdae,,PENDING_REVIEW
3130000-226-2023-00002,네일의 날씨,nail_lash,네일아트업,"피부미용업, 네일미용업, 화장ㆍ분장 미용업","서울특별시 마포구 양화로 176, 동교동 스타피카소 7층 A32,A37,A38호 (동교동)","서울특별시 마포구 동교동 166-14 동교동 스타피카소 7층 A32,A37,A38",,2023-08-30,영업,hongdae,,PENDING_REVIEW
3130000-226-2023-00003,수수수 네일뷰티,nail_lash,네일아트업,"피부미용업, 네일미용업, 화장ㆍ분장 미용업","서울특별시 마포구 동교로46길 42-6, 2층 (연남동)",서울특별시 마포구 연남동 227-7 2층,,2023-11-21,영업,hongdae,,PENDING_REVIEW
3130000-226-2024-00001,네일 미드나잇,nail_lash,네일아트업,"피부미용업, 네일미용업, 화장ㆍ분장 미용업","서울특별시 마포구 연남로3길 10, 202호 (연남동, 미스바)",서울특별시 마포구 연남동 515-12 미스바 202호,,2024-06-14,영업,hongdae,,PENDING_REVIEW
3130000-226-2025-00001,멜로즈뷰티 홍대점,makeup,메이크업업,"피부미용업, 네일미용업, 화장ㆍ분장 미용업","서울특별시 마포구 동교로 183-12, 2층 202호 (동교동)",서울특별시 마포구 동교동 201-49 202호,,2025-02-12,영업,hongdae,,PENDING_REVIEW
3130000-226-2025-00002,여리빈네일 홍대점,nail_lash,네일아트업,"피부미용업, 네일미용업, 화장ㆍ분장 미용업","서울특별시 마포구 와우산로29마길 15, 2층 (서교동)","서울특별시 마포구 서교동 333-27 , 2층",,2025-09-25,영업,hongdae,,PENDING_REVIEW
3130000-226-2026-00001,뷰티와이낫 연남점,nail_lash,네일아트업,"피부미용업, 네일미용업, 화장ㆍ분장 미용업","서울특별시 마포구 동교로38안길 16, 2층 (연남동)",서울특별시 마포구 연남동 390-73,,2026-03-31,영업,hongdae,,PENDING_REVIEW
